txn_id,customer_id,txn_time,product,amount,fee,merchant_category,card_present,status,region,channel
T2,C100002,2024-01-08 14:59:00,transfer,10.74,0.02,other,True,COMPLETED,HCMC,organic
T58,C100010,2024-01-18 09:26:00,transfer,30.58,0.06,other,False,COMPLETED,HCMC,paid
T8,C100003,2024-01-18 15:12:00,transfer,28.77,0.06,health,False,COMPLETED,Hanoi,organic
T17,C100003,2024-01-23 14:34:00,transfer,23.3,0.05,food_delivery,True,COMPLETED,Hanoi,organic
T95,C100017,2024-01-23 19:16:00,pay,61.7,0.31,food_delivery,False,COMPLETED,HCMC,organic
T60,C100012,2024-01-26 18:25:00,bill_pay,44.23,0.13,fashion,True,COMPLETED,HCMC,organic
T234,C100029,2024-01-29 14:16:00,pay,51.93,0.26,health,False,COMPLETED,HaiPhong,organic
T201,C100025,2024-01-31 10:18:00,transfer,45.34,0.09,health,False,FAILED,CanTho,paid
T9,C100003,2024-01-31 17:00:00,savings,17.93,0.0,other,True,COMPLETED,Hanoi,organic
T193,C100025,2024-02-01 14:50:00,topup,25.68,0.03,other,True,COMPLETED,CanTho,paid
T251,C100032,2024-02-02 19:07:00,bill_pay,41.76,0.13,fashion,True,COMPLETED,Hanoi,paid
T223,C100029,2024-02-03 11:09:00,bill_pay,76.16,0.23,other,False,COMPLETED,HaiPhong,organic
T151,C100022,2024-02-04 11:19:00,savings,92.66,0.0,fashion,False,COMPLETED,HCMC,organic
T470,C100045,2024-02-04 13:43:00,pay,32.95,0.16,education,True,COMPLETED,CanTho,paid
T202,C100028,2024-02-05 19:18:00,savings,23.29,0.0,education,False,COMPLETED,DaNang,organic
T362,C100038,2024-02-06 15:41:00,pay,32.53,0.16,fashion,False,COMPLETED,HCMC,organic
T10,C100003,2024-02-08 09:13:00,pay,104.19,0.52,electronics,False,COMPLETED,Hanoi,organic
T23,C100008,2024-02-08 17:26:00,invest,25.79,0.01,health,False,COMPLETED,Hanoi,organic
T509,C100048,2024-02-09 13:01:00,pay,48.64,0.24,groceries,False,COMPLETED,HCMC,organic
T184,C100024,2024-02-11 12:02:00,savings,29.85,0.0,food_delivery,False,COMPLETED,HCMC,organic
T240,C100031,2024-02-11 14:42:00,pay,59.64,0.3,fashion,False,COMPLETED,HCMC,referral
T310,C100036,2024-02-11 14:57:00,bill_pay,70.81,0.21,fashion,False,COMPLETED,Hanoi,campaign
T385,C100039,2024-02-11 20:52:00,bill_pay,13.54,0.04,other,True,COMPLETED,HCMC,referral
T303,C100036,2024-02-13 14:19:00,savings,67.89,0.0,utilities,False,COMPLETED,Hanoi,campaign
T365,C100038,2024-02-13 14:50:00,pay,13.39,0.07,education,False,COMPLETED,HCMC,organic
T439,C100044,2024-02-15 16:24:00,bill_pay,78.3,0.23,health,False,COMPLETED,Hanoi,organic
T375,C100039,2024-02-16 11:20:00,transfer,30.13,0.06,food_delivery,False,COMPLETED,HCMC,referral
T242,C100031,2024-02-17 09:42:00,transfer,14.84,0.03,education,False,FAILED,HCMC,referral
T450,C100044,2024-02-17 11:08:00,savings,7.89,0.0,food_delivery,False,COMPLETED,Hanoi,organic
T294,C100035,2024-02-17 13:17:00,transfer,18.04,0.04,other,True,COMPLETED,HCMC,organic
T42,C100009,2024-02-17 14:57:00,invest,18.37,0.01,fashion,False,COMPLETED,Hanoi,organic
T456,C100045,2024-02-19 12:33:00,savings,17.39,0.0,entertainment,True,COMPLETED,CanTho,paid
T62,C100012,2024-02-19 15:47:00,pay,37.45,0.19,food_delivery,False,COMPLETED,HCMC,organic
T669,C100072,2024-02-20 19:07:00,bill_pay,30.9,0.09,food_delivery,False,COMPLETED,HCMC,organic
T657,C100068,2024-02-21 14:13:00,pay,12.88,0.06,groceries,True,COMPLETED,HCMC,organic
T757,C100081,2024-02-21 19:27:00,pay,17.46,0.09,entertainment,False,COMPLETED,HCMC,organic
T496,C100048,2024-02-22 12:02:00,transfer,14.82,0.03,electronics,True,COMPLETED,HCMC,organic
T203,C100028,2024-02-24 11:25:00,invest,68.22,0.03,food_delivery,True,COMPLETED,DaNang,organic
T389,C100042,2024-02-24 18:32:00,pay,42.3,0.21,health,False,COMPLETED,HCMC,organic
T270,C100033,2024-02-26 13:43:00,pay,22.21,0.11,entertainment,True,COMPLETED,CanTho,paid
T552,C100053,2024-02-26 19:52:00,transfer,74.98,0.15,utilities,False,COMPLETED,Hanoi,paid
T356,C100038,2024-02-27 16:49:00,transfer,24.81,0.05,fashion,False,COMPLETED,HCMC,organic
T264,C100032,2024-02-28 20:28:00,transfer,99.7,0.2,groceries,False,COMPLETED,Hanoi,paid
T446,C100044,2024-02-29 17:04:00,savings,83.67,0.0,utilities,False,COMPLETED,Hanoi,organic
T115,C100020,2024-03-02 13:34:00,transfer,74.25,0.15,health,True,COMPLETED,CanTho,paid
T559,C100053,2024-03-02 13:52:00,transfer,30.62,0.06,electronics,False,COMPLETED,Hanoi,paid
T30,C100008,2024-03-04 09:36:00,pay,28.62,0.14,health,True,COMPLETED,Hanoi,organic
T112,C100020,2024-03-04 12:09:00,transfer,28.84,0.06,groceries,True,COMPLETED,CanTho,paid
T167,C100024,2024-03-07 16:41:00,transfer,29.51,0.06,transport,False,COMPLETED,HCMC,organic
T588,C100056,2024-03-07 19:26:00,pay,22.25,0.11,education,False,COMPLETED,DaNang,paid
T116,C100020,2024-03-08 10:28:00,pay,23.06,0.12,electronics,True,COMPLETED,CanTho,paid
T572,C100056,2024-03-08 13:07:00,pay,19.82,0.1,groceries,False,COMPLETED,DaNang,paid
T522,C100049,2024-03-08 17:36:00,transfer,119.78,0.24,utilities,False,COMPLETED,HCMC,referral
T777,C100083,2024-03-10 19:42:00,savings,34.63,0.0,fashion,True,COMPLETED,HCMC,paid
T553,C100053,2024-03-12 19:55:00,transfer,8.71,0.02,entertainment,False,COMPLETED,Hanoi,paid
T391,C100042,2024-03-13 16:37:00,transfer,56.54,0.11,utilities,False,COMPLETED,HCMC,organic
T893,C100094,2024-03-14 13:28:00,pay,16.8,0.08,entertainment,True,COMPLETED,CanTho,paid
T653,C100068,2024-03-14 13:31:00,transfer,28.13,0.06,education,True,COMPLETED,HCMC,organic
T968,C100111,2024-03-14 14:33:00,pay,29.12,0.15,utilities,False,COMPLETED,HCMC,organic
T252,C100032,2024-03-15 15:54:00,topup,16.88,0.02,electronics,False,COMPLETED,Hanoi,paid
T71,C100012,2024-03-17 10:35:00,pay,63.47,0.32,groceries,True,COMPLETED,HCMC,organic
T271,C100033,2024-03-17 10:44:00,transfer,33.1,0.07,groceries,False,COMPLETED,CanTho,paid
T975,C100111,2024-03-17 12:05:00,pay,65.57,0.33,entertainment,False,COMPLETED,HCMC,organic
T454,C100044,2024-03-18 09:51:00,savings,14.49,0.0,other,True,COMPLETED,Hanoi,organic
T350,C100038,2024-03-19 15:10:00,transfer,71.75,0.14,electronics,False,COMPLETED,HCMC,organic
T408,C100042,2024-03-19 15:40:00,pay,23.41,0.12,fashion,True,COMPLETED,HCMC,organic
T403,C100042,2024-03-19 19:27:00,savings,61.64,0.0,electronics,True,COMPLETED,HCMC,organic
T793,C100085,2024-03-19 20:37:00,bill_pay,27.89,0.08,other,True,COMPLETED,HCMC,organic
T127,C100021,2024-03-20 15:20:00,pay,8.85,0.04,transport,True,COMPLETED,Hanoi,campaign
T1172,C100129,2024-03-22 09:41:00,invest,46.13,0.02,other,False,COMPLETED,HCMC,organic
T70,C100012,2024-03-22 09:52:00,topup,66.02,0.07,health,True,COMPLETED,HCMC,organic
T412,C100043,2024-03-23 14:24:00,pay,31.53,0.16,transport,True,COMPLETED,DaNang,paid
T781,C100085,2024-03-23 20:15:00,transfer,25.03,0.05,electronics,False,COMPLETED,HCMC,organic
T12,C100003,2024-03-25 09:13:00,transfer,62.79,0.13,education,False,COMPLETED,Hanoi,organic
T1198,C100132,2024-03-25 09:50:00,bill_pay,45.03,0.14,electronics,True,COMPLETED,Hanoi,paid
T637,C100066,2024-03-25 20:13:00,pay,43.21,0.22,transport,False,COMPLETED,HCMC,referral
T667,C100068,2024-03-25 20:13:00,transfer,56.99,0.11,transport,True,COMPLETED,HCMC,organic
T1205,C100132,2024-03-26 09:54:00,bill_pay,18.61,0.06,utilities,False,COMPLETED,Hanoi,paid
T137,C100022,2024-03-26 13:19:00,transfer,50.15,0.1,utilities,False,COMPLETED,HCMC,organic
T5,C100002,2024-03-27 17:47:00,transfer,15.91,0.03,food_delivery,True,COMPLETED,HCMC,organic
T85,C100013,2024-03-28 20:25:00,pay,59.09,0.3,utilities,True,COMPLETED,CanTho,organic
T471,C100045,2024-03-29 10:16:00,pay,50.13,0.25,other,True,COMPLETED,CanTho,paid
T1224,C100133,2024-03-30 13:37:00,pay,43.31,0.22,electronics,True,COMPLETED,Hanoi,referral
T990,C100115,2024-04-01 17:38:00,bill_pay,22.07,0.07,entertainment,False,COMPLETED,HCMC,referral
T432,C100043,2024-04-01 17:55:00,savings,13.74,0.0,food_delivery,False,COMPLETED,DaNang,paid
T836,C100088,2024-04-01 18:18:00,transfer,9.04,0.02,entertainment,False,COMPLETED,HCMC,organic
T655,C100068,2024-04-02 16:52:00,transfer,36.25,0.07,electronics,False,COMPLETED,HCMC,organic
T35,C100009,2024-04-04 10:16:00,transfer,19.19,0.04,utilities,False,COMPLETED,Hanoi,organic
T235,C100029,2024-04-04 14:17:00,pay,16.42,0.08,utilities,False,COMPLETED,HaiPhong,organic
T1166,C100129,2024-04-04 18:33:00,pay,83.15,0.42,entertainment,True,COMPLETED,HCMC,organic
T237,C100031,2024-04-04 18:39:00,transfer,29.52,0.06,health,True,COMPLETED,HCMC,referral
T630,C100063,2024-04-05 11:04:00,pay,47.64,0.24,groceries,True,FAILED,HCMC,organic
T370,C100039,2024-04-05 13:39:00,transfer,66.13,0.13,health,False,COMPLETED,HCMC,referral
T353,C100038,2024-04-05 18:47:00,pay,14.98,0.07,health,True,COMPLETED,HCMC,organic
T749,C100080,2024-04-05 18:48:00,topup,220.01,0.22,fashion,True,COMPLETED,HCMC,referral
T1285,C100142,2024-04-06 09:20:00,transfer,11.3,0.02,electronics,False,COMPLETED,HaiPhong,paid
T177,C100024,2024-04-07 10:34:00,bill_pay,33.23,0.1,health,False,COMPLETED,HCMC,organic
T1077,C100120,2024-04-07 18:47:00,transfer,71.52,0.14,health,False,COMPLETED,HCMC,paid
T796,C100085,2024-04-08 11:08:00,savings,10.33,0.0,transport,False,FAILED,HCMC,organic
T582,C100056,2024-04-08 13:34:00,transfer,36.01,0.07,transport,True,COMPLETED,DaNang,paid
T1360,C100156,2024-04-09 17:55:00,transfer,9.75,0.02,transport,False,COMPLETED,Hanoi,organic
T1465,C100167,2024-04-09 19:50:00,savings,12.54,0.0,entertainment,False,COMPLETED,DaNang,paid
T635,C100064,2024-04-10 18:49:00,pay,20.61,0.1,health,False,COMPLETED,HCMC,paid
T1402,C100162,2024-04-10 18:49:00,transfer,4.77,0.01,entertainment,False,COMPLETED,HCMC,campaign
T239,C100031,2024-04-10 19:55:00,bill_pay,102.88,0.31,food_delivery,True,COMPLETED,HCMC,referral
T321,C100037,2024-04-10 20:20:00,topup,27.39,0.03,education,False,COMPLETED,DaNang,paid
T617,C100058,2024-04-11 09:34:00,pay,8.43,0.04,fashion,True,COMPLETED,Hanoi,referral
T316,C100036,2024-04-11 09:50:00,transfer,59.26,0.12,groceries,True,COMPLETED,Hanoi,campaign
T542,C100052,2024-04-12 16:45:00,pay,17.42,0.09,health,True,COMPLETED,HCMC,organic
T1212,C100133,2024-04-12 19:38:00,pay,111.27,0.56,utilities,True,COMPLETED,Hanoi,referral
T803,C100085,2024-04-13 10:10:00,pay,33.94,0.17,groceries,True,COMPLETED,HCMC,organic
T731,C100077,2024-04-13 12:33:00,transfer,65.18,0.13,other,False,COMPLETED,HCMC,organic
T1036,C100118,2024-04-13 13:06:00,invest,20.37,0.01,utilities,False,COMPLETED,Hanoi,organic
T703,C100075,2024-04-13 16:37:00,pay,25.68,0.13,food_delivery,False,COMPLETED,Hanoi,organic
T1536,C100173,2024-04-13 16:57:00,pay,28.42,0.14,utilities,False,COMPLETED,HCMC,organic
T1101,C100121,2024-04-13 20:40:00,transfer,27.08,0.05,health,False,COMPLETED,HCMC,organic
T231,C100029,2024-04-15 12:33:00,pay,108.91,0.54,fashion,False,COMPLETED,HaiPhong,organic
T334,C100037,2024-04-15 13:42:00,pay,6.44,0.03,education,False,COMPLETED,DaNang,paid
T359,C100038,2024-04-15 16:04:00,topup,19.71,0.02,utilities,False,COMPLETED,HCMC,organic
T120,C100020,2024-04-15 20:04:00,transfer,14.2,0.03,education,False,COMPLETED,CanTho,paid
T694,C100072,2024-04-16 15:30:00,bill_pay,82.48,0.25,transport,False,COMPLETED,HCMC,organic
T487,C100046,2024-04-16 16:35:00,bill_pay,25.08,0.08,food_delivery,True,COMPLETED,Hanoi,organic
T1062,C100119,2024-04-16 16:47:00,pay,33.02,0.17,other,True,COMPLETED,CanTho,organic
T838,C100088,2024-04-16 20:20:00,bill_pay,30.01,0.09,groceries,False,COMPLETED,HCMC,organic
T1483,C100169,2024-04-17 20:53:00,pay,81.73,0.41,health,False,COMPLETED,Hanoi,referral
T1620,C100181,2024-04-18 12:44:00,transfer,155.15,0.31,health,False,COMPLETED,HCMC,organic
T1603,C100179,2024-04-18 14:58:00,bill_pay,8.76,0.03,electronics,True,COMPLETED,HCMC,paid
T481,C100045,2024-04-18 16:05:00,transfer,35.97,0.07,fashion,False,COMPLETED,CanTho,paid
T363,C100038,2024-04-18 16:34:00,invest,6.21,0.0,transport,False,COMPLETED,HCMC,organic
T697,C100072,2024-04-19 09:58:00,pay,206.43,1.03,health,True,COMPLETED,HCMC,organic
T1330,C100151,2024-04-19 11:49:00,pay,63.22,0.32,fashion,False,COMPLETED,CanTho,paid
T1286,C100142,2024-04-20 10:36:00,bill_pay,11.45,0.03,fashion,False,COMPLETED,HaiPhong,paid
T1552,C100175,2024-04-20 12:20:00,pay,23.41,0.12,electronics,False,COMPLETED,HaiPhong,campaign
T34,C100009,2024-04-20 14:54:00,topup,64.5,0.06,education,False,COMPLETED,Hanoi,organic
T1100,C100121,2024-04-20 17:22:00,pay,30.73,0.15,health,True,COMPLETED,HCMC,organic
T932,C100104,2024-04-20 19:43:00,pay,16.69,0.08,entertainment,True,COMPLETED,HCMC,organic
T561,C100054,2024-04-21 09:04:00,bill_pay,80.66,0.24,food_delivery,True,COMPLETED,DaNang,paid
T698,C100074,2024-04-21 20:36:00,pay,32.35,0.16,utilities,True,COMPLETED,HCMC,organic
T146,C100022,2024-04-22 09:11:00,pay,26.15,0.13,other,True,COMPLETED,HCMC,organic
T609,C100058,2024-04-22 20:32:00,topup,98.67,0.1,utilities,False,COMPLETED,Hanoi,referral
T178,C100024,2024-04-23 12:12:00,pay,29.51,0.15,other,True,COMPLETED,HCMC,organic
T649,C100068,2024-04-24 10:07:00,pay,15.54,0.08,utilities,False,COMPLETED,HCMC,organic
T374,C100039,2024-04-25 09:37:00,transfer,36.84,0.07,education,False,COMPLETED,HCMC,referral
T1518,C100173,2024-04-25 15:37:00,savings,74.11,0.0,groceries,False,COMPLETED,HCMC,organic
T1121,C100123,2024-04-25 17:31:00,savings,22.08,0.0,food_delivery,False,COMPLETED,Hanoi,organic
T590,C100056,2024-04-25 19:37:00,pay,82.92,0.41,electronics,False,COMPLETED,DaNang,paid
T722,C100076,2024-04-26 09:01:00,topup,46.42,0.05,fashion,True,COMPLETED,Hanoi,paid
T1370,C100157,2024-04-27 14:38:00,pay,42.98,0.21,groceries,False,COMPLETED,Hanoi,referral
T444,C100044,2024-04-27 17:07:00,savings,9.95,0.0,other,False,COMPLETED,Hanoi,organic
T644,C100068,2024-04-28 10:29:00,transfer,24.42,0.05,entertainment,False,COMPLETED,HCMC,organic
T1405,C100162,2024-04-28 11:33:00,pay,13.9,0.07,transport,True,COMPLETED,HCMC,campaign
T121,C100021,2024-04-28 18:59:00,pay,38.66,0.19,health,False,COMPLETED,Hanoi,campaign
T1504,C100171,2024-04-28 20:38:00,transfer,19.63,0.04,transport,True,COMPLETED,HCMC,organic
T1413,C100162,2024-04-28 20:41:00,topup,28.86,0.03,groceries,False,COMPLETED,HCMC,campaign
T1381,C100157,2024-04-29 10:49:00,transfer,34.68,0.07,transport,True,COMPLETED,Hanoi,referral
T1443,C100166,2024-04-30 10:18:00,transfer,29.03,0.06,food_delivery,True,COMPLETED,HCMC,referral
T1107,C100123,2024-04-30 11:52:00,bill_pay,13.54,0.04,other,False,COMPLETED,Hanoi,organic
T113,C100020,2024-04-30 13:03:00,savings,18.38,0.0,entertainment,False,COMPLETED,CanTho,paid
T1345,C100154,2024-04-30 16:32:00,pay,74.13,0.37,entertainment,True,COMPLETED,Hanoi,organic
T759,C100081,2024-05-01 12:44:00,savings,7.47,0.0,health,True,COMPLETED,HCMC,organic
T1492,C100171,2024-05-01 14:53:00,transfer,9.05,0.02,groceries,True,COMPLETED,HCMC,organic
T1289,C100142,2024-05-01 16:05:00,pay,25.98,0.13,utilities,True,COMPLETED,HaiPhong,paid
T1494,C100171,2024-05-01 16:28:00,savings,10.72,0.0,health,True,COMPLETED,HCMC,organic
T983,C100115,2024-05-01 16:35:00,pay,21.33,0.11,entertainment,False,COMPLETED,HCMC,referral
T1630,C100184,2024-05-01 20:45:00,bill_pay,16.91,0.05,health,True,COMPLETED,HaiPhong,organic
T921,C100098,2024-05-03 10:48:00,pay,54.77,0.27,health,True,COMPLETED,Hanoi,organic
T277,C100033,2024-05-03 16:25:00,pay,17.66,0.09,utilities,True,COMPLETED,CanTho,paid
T1531,C100173,2024-05-03 20:18:00,transfer,37.5,0.08,entertainment,True,COMPLETED,HCMC,organic
T1262,C100138,2024-05-04 18:27:00,pay,38.08,0.19,health,False,COMPLETED,Hanoi,organic
T501,C100048,2024-05-05 09:55:00,pay,22.59,0.11,education,False,FAILED,HCMC,organic
T891,C100094,2024-05-05 17:20:00,topup,39.34,0.04,fashion,False,COMPLETED,CanTho,paid
T1356,C100156,2024-05-05 18:47:00,transfer,60.34,0.12,other,True,COMPLETED,Hanoi,organic
T190,C100025,2024-05-05 19:17:00,bill_pay,27.32,0.08,electronics,True,COMPLETED,CanTho,paid
T1179,C100131,2024-05-05 20:10:00,transfer,45.57,0.09,entertainment,False,COMPLETED,HCMC,paid
T107,C100020,2024-05-05 20:26:00,bill_pay,29.44,0.09,entertainment,False,COMPLETED,CanTho,paid
T160,C100023,2024-05-06 12:29:00,savings,38.03,0.0,fashion,False,COMPLETED,HCMC,paid
T1609,C100179,2024-05-06 15:01:00,bill_pay,62.22,0.19,transport,True,COMPLETED,HCMC,paid
T1566,C100175,2024-05-06 17:33:00,topup,43.31,0.04,transport,True,COMPLETED,HaiPhong,campaign
T195,C100025,2024-05-06 19:01:00,transfer,50.16,0.1,health,True,COMPLETED,CanTho,paid
T745,C100080,2024-05-06 19:36:00,savings,31.69,0.0,fashion,False,COMPLETED,HCMC,referral
T1427,C100166,2024-05-07 09:14:00,pay,21.95,0.11,other,True,COMPLETED,HCMC,referral
T93,C100017,2024-05-07 10:08:00,transfer,29.17,0.06,other,True,COMPLETED,HCMC,organic
T555,C100053,2024-05-07 13:04:00,savings,7.56,0.0,fashion,False,COMPLETED,Hanoi,paid
T982,C100115,2024-05-07 14:25:00,bill_pay,61.08,0.18,utilities,True,COMPLETED,HCMC,referral
T1754,C100201,2024-05-07 16:15:00,pay,54.01,0.27,transport,False,COMPLETED,Hanoi,paid
T568,C100054,2024-05-07 19:02:00,transfer,11.37,0.02,transport,True,COMPLETED,DaNang,paid
T134,C100022,2024-05-07 20:55:00,pay,37.61,0.19,other,True,COMPLETED,HCMC,organic
T1578,C100176,2024-05-08 09:38:00,pay,13.48,0.07,food_delivery,True,COMPLETED,Hanoi,referral
T1021,C100117,2024-05-08 13:52:00,transfer,6.1,0.01,transport,False,FAILED,HCMC,organic
T594,C100056,2024-05-08 14:25:00,bill_pay,11.66,0.03,health,True,COMPLETED,DaNang,paid
T1777,C100203,2024-05-08 20:06:00,pay,62.85,0.31,electronics,True,COMPLETED,Hanoi,organic
T700,C100074,2024-05-09 15:48:00,savings,85.29,0.0,fashion,True,COMPLETED,HCMC,organic
T1506,C100171,2024-05-09 19:22:00,pay,71.09,0.36,fashion,False,COMPLETED,HCMC,organic
T551,C100053,2024-05-09 20:33:00,bill_pay,19.0,0.06,groceries,True,COMPLETED,Hanoi,paid
T1877,C100209,2024-05-10 09:33:00,transfer,37.25,0.07,entertainment,True,COMPLETED,CanTho,organic
T969,C100111,2024-05-10 10:05:00,transfer,48.12,0.1,entertainment,False,COMPLETED,HCMC,organic
T972,C100111,2024-05-10 11:51:00,pay,28.96,0.14,groceries,True,COMPLETED,HCMC,organic
T1049,C100119,2024-05-10 13:54:00,transfer,27.38,0.05,transport,False,COMPLETED,CanTho,organic
T1508,C100171,2024-05-11 11:25:00,savings,50.97,0.0,utilities,True,COMPLETED,HCMC,organic
T1686,C100190,2024-05-11 12:33:00,pay,168.08,0.84,transport,True,COMPLETED,CanTho,referral
T1752,C100201,2024-05-11 18:46:00,savings,16.4,0.0,electronics,False,COMPLETED,Hanoi,paid
T699,C100074,2024-05-12 09:54:00,pay,13.33,0.07,utilities,True,COMPLETED,HCMC,organic
T188,C100025,2024-05-12 12:35:00,transfer,26.11,0.05,other,False,COMPLETED,CanTho,paid
T1770,C100202,2024-05-12 13:53:00,pay,103.04,0.52,groceries,True,COMPLETED,CanTho,organic
T91,C100013,2024-05-12 14:07:00,transfer,32.64,0.07,groceries,True,COMPLETED,CanTho,organic
T1344,C100154,2024-05-12 14:25:00,pay,49.59,0.25,other,False,COMPLETED,Hanoi,organic
T1147,C100128,2024-05-12 15:11:00,transfer,20.95,0.04,electronics,False,COMPLETED,HCMC,organic
T533,C100052,2024-05-12 19:58:00,savings,15.07,0.0,other,False,COMPLETED,HCMC,organic
T1152,C100129,2024-05-13 11:56:00,transfer,36.9,0.07,health,False,COMPLETED,HCMC,organic
T1138,C100128,2024-05-13 17:08:00,savings,107.36,0.0,education,False,COMPLETED,HCMC,organic
T1641,C100186,2024-05-14 10:26:00,transfer,27.11,0.05,transport,True,COMPLETED,HCMC,referral
T1848,C100206,2024-05-14 11:09:00,transfer,27.93,0.06,groceries,False,COMPLETED,Hanoi,paid
T693,C100072,2024-05-14 16:34:00,topup,31.54,0.03,fashion,False,COMPLETED,HCMC,organic
T1899,C100212,2024-05-14 20:57:00,pay,20.24,0.1,transport,True,COMPLETED,HCMC,organic
T1096,C100121,2024-05-15 15:45:00,pay,72.0,0.36,groceries,True,COMPLETED,HCMC,organic
T440,C100044,2024-05-16 12:26:00,pay,35.79,0.18,entertainment,False,COMPLETED,Hanoi,organic
T1288,C100142,2024-05-16 12:42:00,transfer,63.3,0.13,groceries,False,COMPLETED,HaiPhong,paid
T1490,C100169,2024-05-16 14:50:00,transfer,52.65,0.11,transport,True,COMPLETED,Hanoi,referral
T883,C100094,2024-05-16 16:23:00,savings,23.73,0.0,fashion,False,COMPLETED,CanTho,paid
T573,C100056,2024-05-17 09:57:00,pay,6.38,0.03,education,True,COMPLETED,DaNang,paid
T164,C100024,2024-05-17 13:08:00,transfer,24.53,0.05,other,False,COMPLETED,HCMC,organic
T221,C100029,2024-05-17 17:44:00,pay,33.96,0.17,education,False,COMPLETED,HaiPhong,organic
T6,C100003,2024-05-17 19:00:00,pay,72.18,0.36,utilities,True,COMPLETED,Hanoi,organic
T716,C100076,2024-05-17 19:17:00,pay,11.52,0.06,utilities,False,COMPLETED,Hanoi,paid
T1320,C100144,2024-05-17 20:04:00,transfer,61.06,0.12,health,False,COMPLETED,HCMC,organic
T1306,C100143,2024-05-17 20:47:00,pay,32.49,0.16,food_delivery,False,COMPLETED,HCMC,organic
T1267,C100140,2024-05-18 12:09:00,pay,101.53,0.51,electronics,False,COMPLETED,HaiPhong,paid
T81,C100013,2024-05-18 13:11:00,invest,25.3,0.01,electronics,True,COMPLETED,CanTho,organic
T1393,C100160,2024-05-18 13:30:00,invest,31.88,0.02,transport,False,COMPLETED,DaNang,organic
T1769,C100202,2024-05-19 13:57:00,topup,74.94,0.07,education,False,COMPLETED,CanTho,organic
T1072,C100120,2024-05-19 14:32:00,transfer,23.63,0.05,utilities,False,COMPLETED,HCMC,paid
T1684,C100190,2024-05-19 15:02:00,pay,155.79,0.78,education,True,COMPLETED,CanTho,referral
T1906,C100212,2024-05-20 10:25:00,savings,4.89,0.0,groceries,True,COMPLETED,HCMC,organic
T728,C100077,2024-05-20 13:01:00,savings,47.47,0.0,fashion,True,COMPLETED,HCMC,organic
T80,C100013,2024-05-20 15:06:00,savings,54.53,0.0,transport,False,COMPLETED,CanTho,organic
T1567,C100175,2024-05-20 17:08:00,topup,37.12,0.04,fashion,False,COMPLETED,HaiPhong,campaign
T282,C100034,2024-05-20 18:30:00,pay,44.06,0.22,utilities,True,COMPLETED,CanTho,referral
T1551,C100175,2024-05-21 10:07:00,transfer,16.77,0.03,food_delivery,True,COMPLETED,HaiPhong,campaign
T402,C100042,2024-05-21 12:06:00,transfer,6.78,0.01,other,False,COMPLETED,HCMC,organic
T51,C100009,2024-05-21 15:28:00,bill_pay,8.57,0.03,health,True,COMPLETED,Hanoi,organic
T1372,C100157,2024-05-21 17:21:00,pay,9.72,0.05,fashion,True,COMPLETED,Hanoi,referral
T1041,C100118,2024-05-21 17:25:00,pay,12.2,0.06,entertainment,True,COMPLETED,Hanoi,organic
T1085,C100121,2024-05-21 18:31:00,transfer,37.28,0.07,entertainment,True,COMPLETED,HCMC,organic
T1341,C100154,2024-05-21 19:58:00,pay,19.65,0.1,electronics,True,COMPLETED,Hanoi,organic
T1190,C100132,2024-05-22 13:37:00,savings,2.4,0.0,transport,False,COMPLETED,Hanoi,paid
T1350,C100155,2024-05-22 13:43:00,invest,60.74,0.03,groceries,False,COMPLETED,Hanoi,paid
T557,C100053,2024-05-22 16:05:00,transfer,19.33,0.04,transport,False,COMPLETED,Hanoi,paid
T1498,C100171,2024-05-22 16:38:00,savings,36.67,0.0,fashion,True,COMPLETED,HCMC,organic
T510,C100048,2024-05-22 17:58:00,pay,50.53,0.25,health,False,COMPLETED,HCMC,organic
T1716,C100196,2024-05-23 10:01:00,pay,180.78,0.9,health,False,COMPLETED,HCMC,organic
T1457,C100167,2024-05-23 10:50:00,pay,28.59,0.14,fashion,True,COMPLETED,DaNang,paid
T712,C100076,2024-05-23 12:37:00,pay,27.19,0.14,electronics,False,COMPLETED,Hanoi,paid
T1353,C100156,2024-05-23 13:10:00,transfer,93.9,0.19,education,False,COMPLETED,Hanoi,organic
T868,C100093,2024-05-23 13:19:00,transfer,22.1,0.04,fashion,True,COMPLETED,Hanoi,organic
T726,C100076,2024-05-24 15:29:00,pay,57.14,0.29,groceries,False,COMPLETED,Hanoi,paid
T208,C100028,2024-05-24 16:02:00,savings,6.84,0.0,transport,True,COMPLETED,DaNang,organic
T1385,C100157,2024-05-24 17:05:00,pay,49.74,0.25,other,True,COMPLETED,Hanoi,referral
T401,C100042,2024-05-24 17:15:00,pay,49.39,0.25,groceries,False,COMPLETED,HCMC,organic
T886,C100094,2024-05-24 19:26:00,savings,62.29,0.0,fashion,False,COMPLETED,CanTho,paid
T1930,C100217,2024-05-24 20:41:00,transfer,69.68,0.14,transport,True,COMPLETED,HCMC,paid
T228,C100029,2024-05-25 16:27:00,pay,87.43,0.44,other,True,COMPLETED,HaiPhong,organic
T1070,C100120,2024-05-26 10:06:00,transfer,45.15,0.09,food_delivery,False,COMPLETED,HCMC,paid
T1378,C100157,2024-05-26 11:38:00,transfer,38.76,0.08,entertainment,False,COMPLETED,Hanoi,referral
T1515,C100171,2024-05-26 12:20:00,pay,18.96,0.09,groceries,True,COMPLETED,HCMC,organic
T549,C100053,2024-05-26 14:33:00,transfer,49.63,0.1,entertainment,True,COMPLETED,Hanoi,paid
T1829,C100205,2024-05-27 13:45:00,pay,27.66,0.14,health,False,COMPLETED,HCMC,organic
T790,C100085,2024-05-27 17:42:00,transfer,21.63,0.04,fashion,False,COMPLETED,HCMC,organic
T864,C100093,2024-05-27 18:56:00,pay,19.39,0.1,education,False,COMPLETED,Hanoi,organic
T1376,C100157,2024-05-27 19:07:00,savings,24.93,0.0,electronics,True,COMPLETED,Hanoi,referral
T1628,C100184,2024-05-27 20:44:00,pay,44.92,0.22,education,True,COMPLETED,HaiPhong,organic
T2111,C100238,2024-05-28 09:47:00,transfer,31.15,0.06,food_delivery,True,COMPLETED,HCMC,paid
T1756,C100201,2024-05-28 11:48:00,pay,44.24,0.22,groceries,False,COMPLETED,Hanoi,paid
T628,C100059,2024-05-28 13:59:00,pay,19.53,0.1,utilities,False,COMPLETED,Hanoi,organic
T1050,C100119,2024-05-28 15:08:00,topup,51.74,0.05,fashion,False,COMPLETED,CanTho,organic
T451,C100044,2024-05-28 15:47:00,invest,30.63,0.02,health,False,COMPLETED,Hanoi,organic
T69,C100012,2024-05-28 16:57:00,pay,73.54,0.37,health,False,COMPLETED,HCMC,organic
T462,C100045,2024-05-28 20:41:00,transfer,6.04,0.01,electronics,True,COMPLETED,CanTho,paid
T1400,C100161,2024-05-29 09:38:00,transfer,17.86,0.04,other,False,COMPLETED,HCMC,paid
T396,C100042,2024-05-29 10:52:00,transfer,2.65,0.01,education,False,COMPLETED,HCMC,organic
T1176,C100131,2024-05-29 18:47:00,transfer,13.71,0.03,electronics,True,COMPLETED,HCMC,paid
T633,C100064,2024-05-29 20:50:00,savings,139.12,0.0,entertainment,False,COMPLETED,HCMC,paid
T1704,C100195,2024-05-30 10:44:00,bill_pay,9.56,0.03,fashion,True,COMPLETED,Hanoi,referral
T2036,C100231,2024-05-30 10:46:00,pay,7.38,0.04,electronics,False,COMPLETED,HCMC,paid
T2076,C100237,2024-05-30 14:02:00,transfer,15.36,0.03,utilities,True,FAILED,HCMC,campaign
T767,C100081,2024-05-30 14:21:00,transfer,33.52,0.07,entertainment,True,COMPLETED,HCMC,organic
T1371,C100157,2024-05-30 16:26:00,transfer,20.98,0.04,fashion,True,COMPLETED,Hanoi,referral
T840,C100088,2024-05-30 16:41:00,savings,71.91,0.0,groceries,False,COMPLETED,HCMC,organic
T2057,C100236,2024-05-30 19:24:00,savings,29.86,0.0,food_delivery,False,COMPLETED,CanTho,organic
T967,C100111,2024-05-31 09:30:00,transfer,27.7,0.06,food_delivery,False,COMPLETED,HCMC,organic
T1374,C100157,2024-05-31 11:51:00,pay,35.03,0.18,utilities,True,COMPLETED,Hanoi,referral
T238,C100031,2024-05-31 13:55:00,transfer,16.97,0.03,education,False,COMPLETED,HCMC,referral
T583,C100056,2024-05-31 16:33:00,transfer,49.79,0.1,other,True,COMPLETED,DaNang,paid
T2096,C100237,2024-05-31 17:46:00,pay,78.34,0.39,food_delivery,True,COMPLETED,HCMC,campaign
T327,C100037,2024-05-31 19:30:00,invest,21.62,0.01,entertainment,True,COMPLETED,DaNang,paid
T1904,C100212,2024-05-31 19:30:00,savings,17.74,0.0,transport,False,COMPLETED,HCMC,organic
T532,C100049,2024-05-31 20:06:00,transfer,24.78,0.05,transport,False,COMPLETED,HCMC,referral
T324,C100037,2024-06-01 15:01:00,pay,11.74,0.06,utilities,False,COMPLETED,DaNang,paid
T791,C100085,2024-06-01 18:30:00,transfer,33.65,0.07,other,True,COMPLETED,HCMC,organic
T1903,C100212,2024-06-02 19:09:00,bill_pay,10.34,0.03,electronics,False,COMPLETED,HCMC,organic
T1675,C100190,2024-06-02 19:14:00,topup,14.74,0.01,electronics,False,COMPLETED,CanTho,referral
T1415,C100162,2024-06-03 12:36:00,transfer,53.04,0.11,fashion,False,COMPLETED,HCMC,campaign
T1019,C100117,2024-06-03 15:27:00,transfer,46.02,0.09,electronics,True,COMPLETED,HCMC,organic
T2086,C100237,2024-06-03 18:12:00,transfer,75.8,0.15,transport,False,COMPLETED,HCMC,campaign
T1523,C100173,2024-06-03 19:36:00,transfer,88.67,0.18,fashion,False,COMPLETED,HCMC,organic
T1038,C100118,2024-06-04 11:13:00,transfer,6.31,0.01,health,True,COMPLETED,Hanoi,organic
T2011,C100229,2024-06-05 10:33:00,pay,8.51,0.04,utilities,False,COMPLETED,HCMC,paid
T1665,C100190,2024-06-05 10:57:00,bill_pay,18.3,0.05,fashion,False,COMPLETED,CanTho,referral
T435,C100044,2024-06-05 12:30:00,savings,37.45,0.0,groceries,True,COMPLETED,Hanoi,organic
T723,C100076,2024-06-05 18:39:00,invest,24.73,0.01,fashion,True,COMPLETED,Hanoi,paid
T680,C100072,2024-06-06 09:32:00,bill_pay,57.71,0.17,health,False,COMPLETED,HCMC,organic
T1725,C100196,2024-06-06 10:50:00,pay,59.23,0.3,utilities,False,COMPLETED,HCMC,organic
T404,C100042,2024-06-06 13:30:00,pay,7.49,0.04,fashion,True,COMPLETED,HCMC,organic
T1653,C100186,2024-06-06 14:12:00,topup,11.11,0.01,groceries,False,COMPLETED,HCMC,referral
T39,C100009,2024-06-06 16:11:00,transfer,27.16,0.05,transport,False,COMPLETED,Hanoi,organic
T1073,C100120,2024-06-06 18:06:00,savings,18.22,0.0,food_delivery,False,COMPLETED,HCMC,paid
T802,C100085,2024-06-07 12:07:00,transfer,38.29,0.08,entertainment,True,COMPLETED,HCMC,organic
T2126,C100239,2024-06-07 13:38:00,pay,50.16,0.25,food_delivery,False,COMPLETED,HaiPhong,organic
T1500,C100171,2024-06-07 17:06:00,transfer,9.22,0.02,utilities,False,COMPLETED,HCMC,organic
T740,C100080,2024-06-07 17:16:00,bill_pay,40.56,0.12,health,False,COMPLETED,HCMC,referral
T1409,C100162,2024-06-08 10:50:00,pay,25.24,0.13,electronics,True,COMPLETED,HCMC,campaign
T1887,C100209,2024-06-08 11:52:00,savings,32.56,0.0,fashion,True,COMPLETED,CanTho,organic
T1803,C100204,2024-06-08 13:41:00,transfer,7.52,0.02,groceries,False,FAILED,Hanoi,campaign
T1865,C100208,2024-06-08 16:07:00,pay,45.77,0.23,education,False,COMPLETED,Hanoi,organic
T1009,C100117,2024-06-08 17:55:00,savings,47.83,0.0,entertainment,False,COMPLETED,HCMC,organic
T1146,C100128,2024-06-08 19:00:00,pay,12.67,0.06,fashion,False,COMPLETED,HCMC,organic
T1925,C100217,2024-06-08 19:02:00,pay,4.91,0.02,groceries,False,COMPLETED,HCMC,paid
T2246,C100256,2024-06-08 19:51:00,pay,36.09,0.18,other,True,COMPLETED,HCMC,organic
T556,C100053,2024-06-09 16:43:00,pay,58.04,0.29,other,False,COMPLETED,Hanoi,paid
T1857,C100208,2024-06-09 20:34:00,pay,35.1,0.18,other,False,COMPLETED,Hanoi,organic
T1417,C100162,2024-06-10 13:03:00,transfer,73.74,0.15,utilities,True,COMPLETED,HCMC,campaign
T1351,C100155,2024-06-10 16:18:00,pay,24.23,0.12,utilities,False,COMPLETED,Hanoi,paid
T125,C100021,2024-06-10 20:32:00,transfer,97.29,0.19,electronics,True,COMPLETED,Hanoi,campaign
T1248,C100134,2024-06-10 20:49:00,pay,38.63,0.19,utilities,True,COMPLETED,HCMC,organic
T1690,C100193,2024-06-11 12:34:00,pay,58.33,0.29,other,True,COMPLETED,HCMC,paid
T581,C100056,2024-06-11 14:57:00,savings,12.83,0.0,groceries,False,COMPLETED,DaNang,paid
T576,C100056,2024-06-12 12:39:00,transfer,17.97,0.04,food_delivery,False,COMPLETED,DaNang,paid
T78,C100013,2024-06-12 19:53:00,transfer,63.0,0.13,fashion,False,COMPLETED,CanTho,organic
T1273,C100140,2024-06-13 10:10:00,transfer,9.98,0.02,other,False,COMPLETED,HaiPhong,paid
T774,C100081,2024-06-13 10:40:00,bill_pay,17.02,0.05,electronics,True,COMPLETED,HCMC,organic
T1148,C100128,2024-06-13 16:46:00,savings,19.87,0.0,food_delivery,False,COMPLETED,HCMC,organic
T124,C100021,2024-06-13 19:46:00,savings,6.74,0.0,education,False,COMPLETED,Hanoi,campaign
T850,C100091,2024-06-14 15:23:00,savings,50.02,0.0,food_delivery,True,COMPLETED,Hanoi,paid
T1460,C100167,2024-06-14 19:17:00,transfer,5.96,0.01,food_delivery,True,COMPLETED,DaNang,paid
T1544,C100173,2024-06-14 20:02:00,topup,17.09,0.02,education,True,FAILED,HCMC,organic
T1470,C100169,2024-06-15 10:54:00,pay,19.5,0.1,electronics,True,COMPLETED,Hanoi,referral
T2282,C100257,2024-06-15 10:57:00,savings,16.05,0.0,health,True,COMPLETED,DaNang,paid
T413,C100043,2024-06-15 12:53:00,transfer,18.77,0.04,food_delivery,True,COMPLETED,DaNang,paid
T1030,C100118,2024-06-15 13:24:00,pay,54.59,0.27,groceries,False,COMPLETED,Hanoi,organic
T2253,C100256,2024-06-15 13:43:00,bill_pay,23.71,0.07,food_delivery,False,COMPLETED,HCMC,organic
T1517,C100173,2024-06-15 13:47:00,invest,12.35,0.01,transport,False,COMPLETED,HCMC,organic
T1391,C100157,2024-06-15 18:13:00,bill_pay,108.22,0.32,food_delivery,False,COMPLETED,Hanoi,referral
T948,C100107,2024-06-15 19:50:00,transfer,8.62,0.02,health,False,COMPLETED,HCMC,referral
T2445,C100269,2024-06-16 09:17:00,pay,21.79,0.11,groceries,False,FAILED,Hanoi,organic
T1804,C100204,2024-06-16 09:27:00,pay,19.05,0.1,electronics,False,COMPLETED,Hanoi,campaign
T1509,C100171,2024-06-16 10:18:00,transfer,16.83,0.03,groceries,False,COMPLETED,HCMC,organic
T1089,C100121,2024-06-16 13:52:00,pay,34.23,0.17,transport,True,COMPLETED,HCMC,organic
T1219,C100133,2024-06-16 14:15:00,pay,73.73,0.37,other,False,COMPLETED,Hanoi,referral
T2433,C100269,2024-06-16 14:39:00,pay,72.8,0.36,transport,False,COMPLETED,Hanoi,organic
T296,C100036,2024-06-16 17:00:00,savings,33.18,0.0,education,True,COMPLETED,Hanoi,campaign
T1191,C100132,2024-06-16 17:10:00,savings,60.15,0.0,electronics,True,COMPLETED,Hanoi,paid
T875,C100093,2024-06-16 17:33:00,pay,18.78,0.09,fashion,False,COMPLETED,Hanoi,organic
T1700,C100195,2024-06-16 19:19:00,transfer,61.52,0.12,utilities,True,COMPLETED,Hanoi,referral
T708,C100076,2024-06-17 15:20:00,bill_pay,11.73,0.04,utilities,False,COMPLETED,Hanoi,paid
T1440,C100166,2024-06-17 15:24:00,savings,44.68,0.0,electronics,False,COMPLETED,HCMC,referral
T54,C100010,2024-06-17 19:56:00,pay,43.68,0.22,other,True,COMPLETED,HCMC,paid
T1663,C100190,2024-06-18 13:24:00,transfer,40.25,0.08,food_delivery,False,COMPLETED,CanTho,referral
T524,C100049,2024-06-18 14:08:00,transfer,9.02,0.02,other,False,COMPLETED,HCMC,referral
T2147,C100245,2024-06-18 15:42:00,savings,13.39,0.0,groceries,False,COMPLETED,HCMC,organic
T1482,C100169,2024-06-18 18:17:00,pay,62.47,0.31,fashion,True,COMPLETED,Hanoi,referral
T352,C100038,2024-06-18 18:56:00,pay,17.1,0.09,transport,False,COMPLETED,HCMC,organic
T1080,C100120,2024-06-18 20:15:00,invest,58.73,0.03,transport,False,COMPLETED,HCMC,paid
T2010,C100229,2024-06-18 20:40:00,pay,17.72,0.09,utilities,True,COMPLETED,HCMC,paid
T192,C100025,2024-06-18 20:55:00,pay,66.55,0.33,utilities,False,COMPLETED,CanTho,paid
T1821,C100205,2024-06-19 10:07:00,savings,20.38,0.0,other,True,COMPLETED,HCMC,organic
T584,C100056,2024-06-19 12:33:00,pay,40.16,0.2,utilities,True,COMPLETED,DaNang,paid
T2260,C100256,2024-06-19 12:55:00,pay,20.26,0.1,transport,False,COMPLETED,HCMC,organic
T1033,C100118,2024-06-19 13:51:00,pay,8.31,0.04,groceries,True,COMPLETED,Hanoi,organic
T2332,C100261,2024-06-19 14:49:00,transfer,102.54,0.21,other,True,COMPLETED,HCMC,organic
T2220,C100255,2024-06-19 15:44:00,bill_pay,49.63,0.15,health,False,COMPLETED,Hanoi,organic
T735,C100080,2024-06-19 16:37:00,bill_pay,19.37,0.06,transport,True,COMPLETED,HCMC,referral
T1111,C100123,2024-06-19 18:35:00,pay,20.89,0.1,fashion,True,COMPLETED,Hanoi,organic
T1311,C100143,2024-06-19 18:38:00,transfer,36.3,0.07,health,False,COMPLETED,HCMC,organic
T1369,C100157,2024-06-19 18:39:00,transfer,12.05,0.02,groceries,False,FAILED,Hanoi,referral
T2335,C100263,2024-06-19 19:37:00,transfer,23.84,0.05,utilities,False,COMPLETED,HCMC,organic
T1004,C100115,2024-06-20 12:30:00,pay,8.18,0.04,food_delivery,True,COMPLETED,HCMC,referral
T647,C100068,2024-06-20 13:02:00,transfer,14.33,0.03,entertainment,False,COMPLETED,HCMC,organic
T1255,C100138,2024-06-20 18:19:00,pay,11.35,0.06,food_delivery,True,COMPLETED,Hanoi,organic
T2294,C100258,2024-06-20 20:25:00,pay,17.91,0.09,entertainment,False,COMPLETED,HCMC,paid
T895,C100094,2024-06-21 09:51:00,savings,17.65,0.0,electronics,True,COMPLETED,CanTho,paid
T1299,C100143,2024-06-21 11:10:00,pay,16.38,0.08,entertainment,False,COMPLETED,HCMC,organic
T1632,C100184,2024-06-21 14:02:00,pay,73.24,0.37,education,False,COMPLETED,HaiPhong,organic
T2167,C100246,2024-06-21 15:46:00,pay,18.84,0.09,utilities,False,COMPLETED,HCMC,referral
T101,C100017,2024-06-22 14:13:00,savings,35.11,0.0,health,True,COMPLETED,HCMC,organic
T1816,C100205,2024-06-22 18:12:00,pay,90.29,0.45,transport,True,COMPLETED,HCMC,organic
T1252,C100138,2024-06-22 18:33:00,transfer,46.13,0.09,fashion,False,COMPLETED,Hanoi,organic
T1519,C100173,2024-06-22 20:48:00,pay,64.74,0.32,groceries,True,COMPLETED,HCMC,organic
T3,C100002,2024-06-23 09:02:00,pay,8.5,0.04,fashion,True,COMPLETED,HCMC,organic
T224,C100029,2024-06-23 12:10:00,bill_pay,5.44,0.02,fashion,False,COMPLETED,HaiPhong,organic
T1039,C100118,2024-06-23 13:37:00,pay,39.41,0.2,food_delivery,False,COMPLETED,Hanoi,organic
T27,C100008,2024-06-23 15:12:00,transfer,24.67,0.05,food_delivery,False,COMPLETED,Hanoi,organic
T361,C100038,2024-06-23 17:36:00,bill_pay,13.18,0.04,education,False,COMPLETED,HCMC,organic
T1214,C100133,2024-06-23 19:13:00,pay,89.57,0.45,groceries,False,COMPLETED,Hanoi,referral
T475,C100045,2024-06-23 20:48:00,savings,13.51,0.0,transport,False,COMPLETED,CanTho,paid
T2135,C100239,2024-06-24 11:33:00,transfer,64.34,0.13,utilities,True,COMPLETED,HaiPhong,organic
T1818,C100205,2024-06-24 11:57:00,savings,14.64,0.0,education,True,COMPLETED,HCMC,organic
T1939,C100218,2024-06-24 12:53:00,bill_pay,23.29,0.07,electronics,True,COMPLETED,HCMC,referral
T142,C100022,2024-06-24 15:53:00,savings,37.14,0.0,health,True,COMPLETED,HCMC,organic
T1735,C100198,2024-06-24 16:17:00,transfer,71.73,0.14,transport,True,COMPLETED,DaNang,organic
T1724,C100196,2024-06-24 20:36:00,pay,30.46,0.15,health,False,COMPLETED,HCMC,organic
T1671,C100190,2024-06-25 09:57:00,transfer,31.8,0.06,education,False,COMPLETED,CanTho,referral
T489,C100046,2024-06-25 10:24:00,topup,157.6,0.16,utilities,True,COMPLETED,Hanoi,organic
T1292,C100143,2024-06-25 10:45:00,pay,70.28,0.35,education,False,COMPLETED,HCMC,organic
T685,C100072,2024-06-25 12:27:00,pay,36.76,0.18,groceries,True,COMPLETED,HCMC,organic
T2492,C100272,2024-06-25 17:23:00,bill_pay,9.7,0.03,utilities,False,COMPLETED,Hanoi,referral
T2213,C100252,2024-06-25 17:44:00,pay,22.99,0.11,entertainment,False,COMPLETED,DaNang,paid
T1031,C100118,2024-06-25 17:53:00,topup,47.55,0.05,utilities,True,COMPLETED,Hanoi,organic
T516,C100048,2024-06-25 19:54:00,transfer,81.78,0.16,food_delivery,True,COMPLETED,HCMC,organic
T1919,C100217,2024-06-26 09:22:00,savings,47.95,0.0,entertainment,True,COMPLETED,HCMC,paid
T727,C100076,2024-06-26 16:10:00,bill_pay,29.76,0.09,groceries,False,COMPLETED,Hanoi,paid
T901,C100095,2024-06-27 11:32:00,pay,7.34,0.04,food_delivery,False,COMPLETED,HCMC,campaign
T1879,C100209,2024-06-27 13:02:00,bill_pay,27.61,0.08,entertainment,True,COMPLETED,CanTho,organic
T1529,C100173,2024-06-27 13:21:00,savings,68.4,0.0,entertainment,True,COMPLETED,HCMC,organic
T1869,C100208,2024-06-27 13:33:00,savings,27.78,0.0,entertainment,False,COMPLETED,Hanoi,organic
T940,C100106,2024-06-27 14:20:00,pay,28.15,0.14,fashion,False,COMPLETED,CanTho,campaign
T1203,C100132,2024-06-27 18:25:00,pay,22.56,0.11,food_delivery,False,COMPLETED,Hanoi,paid
T1835,C100205,2024-06-27 19:57:00,pay,22.06,0.11,groceries,False,COMPLETED,HCMC,organic
T1241,C100134,2024-06-28 09:14:00,pay,26.11,0.13,electronics,False,COMPLETED,HCMC,organic
T899,C100095,2024-06-28 10:52:00,pay,16.5,0.08,electronics,False,COMPLETED,HCMC,campaign
T1423,C100166,2024-06-28 11:18:00,pay,41.5,0.21,utilities,False,COMPLETED,HCMC,referral
T2324,C100261,2024-06-28 18:52:00,bill_pay,19.59,0.06,groceries,False,COMPLETED,HCMC,organic
T1786,C100203,2024-06-29 11:24:00,pay,20.38,0.1,utilities,True,COMPLETED,Hanoi,organic
T73,C100013,2024-06-29 13:24:00,pay,32.92,0.16,entertainment,True,COMPLETED,CanTho,organic
T616,C100058,2024-06-29 13:38:00,savings,39.73,0.0,utilities,True,COMPLETED,Hanoi,referral
T1165,C100129,2024-06-29 19:31:00,savings,38.37,0.0,food_delivery,False,COMPLETED,HCMC,organic
T2095,C100237,2024-06-30 09:12:00,savings,20.54,0.0,entertainment,False,COMPLETED,HCMC,campaign
T2544,C100277,2024-06-30 13:40:00,savings,44.23,0.0,utilities,False,COMPLETED,Hanoi,referral
T1944,C100218,2024-06-30 14:39:00,bill_pay,43.06,0.13,food_delivery,False,COMPLETED,HCMC,referral
T2103,C100238,2024-06-30 18:12:00,bill_pay,17.48,0.05,fashion,False,COMPLETED,HCMC,paid
T718,C100076,2024-07-01 12:05:00,pay,30.86,0.15,other,False,COMPLETED,Hanoi,paid
T1537,C100173,2024-07-01 12:51:00,topup,85.64,0.09,groceries,False,COMPLETED,HCMC,organic
T2578,C100279,2024-07-01 14:28:00,transfer,82.55,0.17,education,False,FAILED,Hanoi,paid
T1921,C100217,2024-07-01 15:08:00,bill_pay,63.33,0.19,utilities,False,COMPLETED,HCMC,paid
T220,C100029,2024-07-01 19:29:00,transfer,9.88,0.02,other,True,COMPLETED,HaiPhong,organic
T2346,C100264,2024-07-01 19:55:00,pay,22.47,0.11,fashion,False,COMPLETED,HCMC,organic
T539,C100052,2024-07-02 09:25:00,pay,55.73,0.28,fashion,False,COMPLETED,HCMC,organic
T2060,C100236,2024-07-02 10:09:00,bill_pay,43.77,0.13,education,True,COMPLETED,CanTho,organic
T857,C100091,2024-07-02 10:44:00,transfer,27.38,0.05,transport,True,COMPLETED,Hanoi,paid
T1254,C100138,2024-07-02 11:32:00,topup,14.27,0.01,fashion,False,COMPLETED,Hanoi,organic
T2697,C100293,2024-07-02 15:07:00,savings,48.82,0.0,food_delivery,True,COMPLETED,Hanoi,paid
T1309,C100143,2024-07-02 17:27:00,pay,6.48,0.03,health,False,COMPLETED,HCMC,organic
T15,C100003,2024-07-03 09:00:00,pay,19.72,0.1,transport,True,COMPLETED,Hanoi,organic
T1972,C100222,2024-07-03 12:40:00,bill_pay,12.75,0.04,education,False,COMPLETED,DaNang,organic
T1144,C100128,2024-07-03 12:51:00,bill_pay,42.26,0.13,food_delivery,False,COMPLETED,HCMC,organic
T2270,C100257,2024-07-03 16:24:00,transfer,22.62,0.05,groceries,True,COMPLETED,DaNang,paid
T1253,C100138,2024-07-04 09:19:00,pay,27.22,0.14,electronics,False,COMPLETED,Hanoi,organic
T479,C100045,2024-07-04 09:28:00,transfer,25.47,0.05,health,True,COMPLETED,CanTho,paid
T18,C100003,2024-07-04 11:38:00,savings,31.34,0.0,education,False,COMPLETED,Hanoi,organic
T1075,C100120,2024-07-04 12:52:00,transfer,20.77,0.04,other,False,COMPLETED,HCMC,paid
T1583,C100176,2024-07-04 15:56:00,savings,57.15,0.0,transport,True,COMPLETED,Hanoi,referral
T2648,C100288,2024-07-04 19:32:00,bill_pay,69.09,0.21,other,False,COMPLETED,HCMC,referral
T2776,C100298,2024-07-04 19:49:00,transfer,24.27,0.05,utilities,True,COMPLETED,DaNang,organic
T1278,C100140,2024-07-04 20:13:00,pay,84.59,0.42,food_delivery,True,COMPLETED,HaiPhong,paid
T2419,C100268,2024-07-05 10:11:00,transfer,127.4,0.25,electronics,False,COMPLETED,Hanoi,referral
T984,C100115,2024-07-05 10:42:00,bill_pay,16.08,0.05,other,False,COMPLETED,HCMC,referral
T106,C100020,2024-07-05 10:44:00,savings,23.62,0.0,transport,False,COMPLETED,CanTho,paid
T1303,C100143,2024-07-05 11:44:00,savings,34.39,0.0,entertainment,False,COMPLETED,HCMC,organic
T835,C100088,2024-07-05 12:08:00,pay,100.38,0.5,other,False,COMPLETED,HCMC,organic
T2423,C100268,2024-07-05 14:52:00,topup,60.45,0.06,utilities,True,COMPLETED,Hanoi,referral
T1943,C100218,2024-07-06 09:38:00,savings,42.51,0.0,transport,False,COMPLETED,HCMC,referral
T379,C100039,2024-07-06 12:27:00,pay,36.3,0.18,education,True,FAILED,HCMC,referral
T2716,C100294,2024-07-06 12:30:00,pay,30.52,0.15,health,False,COMPLETED,Hanoi,paid
T1639,C100184,2024-07-06 14:18:00,transfer,10.32,0.02,education,True,COMPLETED,HaiPhong,organic
T2292,C100258,2024-07-06 15:07:00,transfer,20.05,0.04,food_delivery,True,COMPLETED,HCMC,paid
T1871,C100208,2024-07-06 15:23:00,pay,33.01,0.17,entertainment,True,COMPLETED,Hanoi,organic
T709,C100076,2024-07-06 20:34:00,transfer,34.34,0.07,food_delivery,True,COMPLETED,Hanoi,paid
T1758,C100201,2024-07-07 10:39:00,bill_pay,12.88,0.04,entertainment,False,COMPLETED,Hanoi,paid
T634,C100064,2024-07-07 12:56:00,transfer,12.31,0.02,electronics,False,COMPLETED,HCMC,paid
T2904,C100309,2024-07-07 17:09:00,transfer,18.15,0.04,education,True,COMPLETED,HCMC,paid
T434,C100043,2024-07-07 17:25:00,pay,85.51,0.43,fashion,True,COMPLETED,DaNang,paid
T1748,C100200,2024-07-08 10:40:00,transfer,6.85,0.01,fashion,False,FAILED,CanTho,organic
T1765,C100202,2024-07-08 11:45:00,pay,19.24,0.1,utilities,True,COMPLETED,CanTho,organic
T658,C100068,2024-07-08 11:56:00,transfer,37.54,0.08,fashion,False,COMPLETED,HCMC,organic
T2056,C100236,2024-07-08 14:56:00,transfer,20.16,0.04,utilities,False,FAILED,CanTho,organic
T1649,C100186,2024-07-08 16:02:00,transfer,62.04,0.12,entertainment,False,COMPLETED,HCMC,referral
T517,C100048,2024-07-08 16:09:00,invest,21.91,0.01,utilities,False,COMPLETED,HCMC,organic
T1629,C100184,2024-07-09 13:33:00,transfer,37.35,0.07,health,False,COMPLETED,HaiPhong,organic
T2541,C100277,2024-07-09 16:56:00,pay,29.89,0.15,electronics,False,COMPLETED,Hanoi,referral
T1287,C100142,2024-07-09 17:56:00,savings,5.0,0.0,health,True,COMPLETED,HaiPhong,paid
T288,C100034,2024-07-09 18:01:00,topup,66.95,0.07,utilities,False,COMPLETED,CanTho,referral
T2079,C100237,2024-07-10 11:01:00,transfer,10.04,0.02,entertainment,True,FAILED,HCMC,campaign
T1849,C100206,2024-07-10 17:25:00,bill_pay,30.55,0.09,food_delivery,False,COMPLETED,Hanoi,paid
T466,C100045,2024-07-10 18:26:00,transfer,14.22,0.03,electronics,False,COMPLETED,CanTho,paid
T859,C100091,2024-07-10 19:49:00,bill_pay,12.17,0.04,fashion,True,COMPLETED,Hanoi,paid
T284,C100034,2024-07-11 10:14:00,topup,51.24,0.05,health,False,COMPLETED,CanTho,referral
T463,C100045,2024-07-11 16:45:00,pay,30.73,0.15,groceries,False,COMPLETED,CanTho,paid
T117,C100020,2024-07-11 17:35:00,transfer,45.58,0.09,food_delivery,True,COMPLETED,CanTho,paid
T2888,C100308,2024-07-11 17:54:00,transfer,71.67,0.14,groceries,True,COMPLETED,HCMC,paid
T773,C100081,2024-07-11 18:25:00,transfer,38.17,0.08,utilities,False,COMPLETED,HCMC,organic
T946,C100107,2024-07-12 10:41:00,transfer,36.12,0.07,entertainment,False,COMPLETED,HCMC,referral
T957,C100107,2024-07-12 15:23:00,transfer,15.38,0.03,other,False,COMPLETED,HCMC,referral
T2686,C100293,2024-07-12 17:17:00,transfer,12.66,0.03,electronics,False,COMPLETED,Hanoi,paid
T2846,C100305,2024-07-12 17:55:00,pay,7.68,0.04,electronics,False,COMPLETED,Hanoi,campaign
T2618,C100286,2024-07-12 19:33:00,savings,24.59,0.0,education,True,COMPLETED,DaNang,organic
T2217,C100255,2024-07-13 10:10:00,bill_pay,14.27,0.04,fashion,True,COMPLETED,Hanoi,organic
T257,C100032,2024-07-13 10:30:00,topup,19.27,0.02,food_delivery,True,COMPLETED,Hanoi,paid
T209,C100028,2024-07-13 11:24:00,pay,40.83,0.2,education,False,COMPLETED,DaNang,organic
T2666,C100291,2024-07-13 12:03:00,transfer,22.68,0.05,transport,True,COMPLETED,HCMC,organic
T2773,C100298,2024-07-13 16:45:00,pay,22.64,0.11,entertainment,False,COMPLETED,DaNang,organic
T2729,C100295,2024-07-13 19:26:00,savings,43.71,0.0,fashion,False,COMPLETED,HCMC,paid
T1579,C100176,2024-07-13 20:30:00,savings,75.82,0.0,transport,True,COMPLETED,Hanoi,referral
T1659,C100186,2024-07-13 20:32:00,pay,9.44,0.05,fashion,True,COMPLETED,HCMC,referral
T1394,C100161,2024-07-14 13:38:00,transfer,43.51,0.09,transport,False,COMPLETED,HCMC,paid
T2025,C100230,2024-07-14 17:07:00,pay,69.33,0.35,groceries,False,COMPLETED,HCMC,paid
T2592,C100280,2024-07-14 20:25:00,pay,33.07,0.17,utilities,False,COMPLETED,Hanoi,organic
T787,C100085,2024-07-15 11:19:00,transfer,38.47,0.08,transport,False,COMPLETED,HCMC,organic
T1521,C100173,2024-07-15 13:55:00,pay,5.96,0.03,fashion,False,COMPLETED,HCMC,organic
T2449,C100270,2024-07-15 14:31:00,transfer,10.1,0.02,food_delivery,True,COMPLETED,Hanoi,organic
T839,C100088,2024-07-15 15:58:00,transfer,15.97,0.03,fashion,False,COMPLETED,HCMC,organic
T1129,C100125,2024-07-15 18:46:00,transfer,9.94,0.02,entertainment,True,COMPLETED,HCMC,referral
T2543,C100277,2024-07-15 19:43:00,pay,20.61,0.1,education,False,COMPLETED,Hanoi,referral
T304,C100036,2024-07-15 19:52:00,transfer,20.98,0.04,entertainment,True,COMPLETED,Hanoi,campaign
T753,C100081,2024-07-15 20:30:00,transfer,115.69,0.23,food_delivery,False,COMPLETED,HCMC,organic
T241,C100031,2024-07-16 10:39:00,pay,21.73,0.11,groceries,False,COMPLETED,HCMC,referral
T2022,C100230,2024-07-16 15:15:00,pay,13.4,0.07,transport,False,COMPLETED,HCMC,paid
T998,C100115,2024-07-16 15:16:00,pay,7.91,0.04,groceries,True,COMPLETED,HCMC,referral
T2930,C100310,2024-07-16 18:20:00,savings,19.45,0.0,transport,False,COMPLETED,HCMC,paid
T176,C100024,2024-07-16 18:27:00,pay,34.45,0.17,health,False,COMPLETED,HCMC,organic
T1346,C100154,2024-07-17 19:27:00,bill_pay,13.39,0.04,transport,True,COMPLETED,Hanoi,organic
T1705,C100195,2024-07-18 12:05:00,pay,47.52,0.24,transport,True,COMPLETED,Hanoi,referral
T679,C100072,2024-07-18 12:17:00,savings,20.67,0.0,groceries,False,COMPLETED,HCMC,organic
T162,C100023,2024-07-18 12:46:00,transfer,9.67,0.02,other,True,COMPLETED,HCMC,paid
T2349,C100264,2024-07-18 13:50:00,savings,27.62,0.0,utilities,False,COMPLETED,HCMC,organic
T494,C100048,2024-07-18 15:29:00,pay,37.08,0.19,utilities,False,COMPLETED,HCMC,organic
T1097,C100121,2024-07-19 12:30:00,pay,31.54,0.16,fashion,False,COMPLETED,HCMC,organic
T1364,C100156,2024-07-19 13:06:00,pay,23.54,0.12,education,True,COMPLETED,Hanoi,organic
T2534,C100275,2024-07-19 13:44:00,pay,54.22,0.27,entertainment,True,COMPLETED,Hanoi,paid
T225,C100029,2024-07-19 15:57:00,pay,14.63,0.07,electronics,True,COMPLETED,HaiPhong,organic
T2491,C100272,2024-07-19 17:13:00,pay,54.04,0.27,entertainment,True,COMPLETED,Hanoi,referral
T2574,C100279,2024-07-19 17:56:00,invest,43.9,0.02,education,True,COMPLETED,Hanoi,paid
T602,C100058,2024-07-19 18:11:00,transfer,35.06,0.07,health,True,COMPLETED,Hanoi,referral
T2296,C100258,2024-07-19 18:51:00,savings,68.25,0.0,education,True,COMPLETED,HCMC,paid
T941,C100106,2024-07-19 20:37:00,invest,48.51,0.02,food_delivery,False,COMPLETED,CanTho,campaign
T2987,C100313,2024-07-19 20:57:00,topup,13.92,0.01,utilities,True,COMPLETED,DaNang,organic
T1643,C100186,2024-07-20 13:49:00,pay,36.35,0.18,fashion,True,COMPLETED,HCMC,referral
T2802,C100299,2024-07-20 15:27:00,pay,6.03,0.03,education,True,COMPLETED,HCMC,organic
T2720,C100295,2024-07-20 16:43:00,invest,98.17,0.05,education,True,COMPLETED,HCMC,paid
T1358,C100156,2024-07-20 18:13:00,pay,16.77,0.08,utilities,False,COMPLETED,Hanoi,organic
T2172,C100246,2024-07-20 19:34:00,topup,94.89,0.09,entertainment,False,COMPLETED,HCMC,referral
T2638,C100287,2024-07-21 11:41:00,savings,10.13,0.0,groceries,True,COMPLETED,CanTho,organic
T2129,C100239,2024-07-21 14:08:00,pay,48.6,0.24,entertainment,True,COMPLETED,HaiPhong,organic
T1153,C100129,2024-07-21 15:05:00,pay,167.24,0.84,food_delivery,False,COMPLETED,HCMC,organic
T2117,C100239,2024-07-21 15:34:00,pay,41.36,0.21,other,True,COMPLETED,HaiPhong,organic
T512,C100048,2024-07-21 15:43:00,pay,96.66,0.48,fashion,True,COMPLETED,HCMC,organic
T792,C100085,2024-07-21 17:30:00,savings,37.62,0.0,food_delivery,True,COMPLETED,HCMC,organic
T1992,C100223,2024-07-21 18:42:00,pay,18.66,0.09,other,True,COMPLETED,HCMC,referral
T3014,C100320,2024-07-21 19:02:00,savings,20.2,0.0,food_delivery,False,COMPLETED,CanTho,organic
T280,C100034,2024-07-22 09:23:00,transfer,77.12,0.15,utilities,False,COMPLETED,CanTho,referral
T2216,C100252,2024-07-22 10:49:00,invest,106.42,0.05,other,True,COMPLETED,DaNang,paid
T1199,C100132,2024-07-22 12:40:00,pay,23.31,0.12,entertainment,False,COMPLETED,Hanoi,paid
T2794,C100299,2024-07-22 15:33:00,pay,18.04,0.09,groceries,True,COMPLETED,HCMC,organic
T2845,C100305,2024-07-22 15:47:00,transfer,11.52,0.02,electronics,False,COMPLETED,Hanoi,campaign
T145,C100022,2024-07-22 16:31:00,transfer,14.72,0.03,other,False,FAILED,HCMC,organic
T2465,C100271,2024-07-22 18:50:00,savings,34.61,0.0,other,False,COMPLETED,HCMC,paid
T2738,C100295,2024-07-22 20:09:00,pay,25.14,0.13,food_delivery,False,FAILED,HCMC,paid
T779,C100085,2024-07-22 20:48:00,transfer,4.94,0.01,groceries,True,COMPLETED,HCMC,organic
T1016,C100117,2024-07-23 09:18:00,transfer,25.09,0.05,groceries,False,COMPLETED,HCMC,organic
T400,C100042,2024-07-23 09:53:00,savings,22.5,0.0,education,False,COMPLETED,HCMC,organic
T2974,C100312,2024-07-23 12:08:00,bill_pay,34.18,0.1,utilities,True,COMPLETED,HCMC,campaign
T1450,C100167,2024-07-23 12:30:00,topup,33.16,0.03,fashion,False,COMPLETED,DaNang,paid
T1774,C100202,2024-07-23 13:16:00,pay,33.41,0.17,utilities,False,COMPLETED,CanTho,organic
T441,C100044,2024-07-23 14:49:00,transfer,38.42,0.08,electronics,True,COMPLETED,Hanoi,organic
T805,C100085,2024-07-23 16:28:00,transfer,27.95,0.06,education,True,COMPLETED,HCMC,organic
T168,C100024,2024-07-23 20:07:00,pay,85.97,0.43,electronics,True,COMPLETED,HCMC,organic
T2191,C100249,2024-07-24 12:21:00,transfer,2.46,0.0,fashion,False,COMPLETED,HCMC,organic
T2905,C100309,2024-07-24 12:38:00,transfer,36.15,0.07,transport,False,COMPLETED,HCMC,paid
T2495,C100272,2024-07-24 13:23:00,pay,44.64,0.22,fashion,False,COMPLETED,Hanoi,referral
T1993,C100223,2024-07-24 13:32:00,pay,138.54,0.69,food_delivery,True,COMPLETED,HCMC,referral
T750,C100080,2024-07-24 14:16:00,transfer,93.67,0.19,electronics,True,COMPLETED,HCMC,referral
T2853,C100307,2024-07-24 16:26:00,transfer,6.19,0.01,health,True,COMPLETED,HCMC,organic
T1331,C100151,2024-07-24 16:45:00,transfer,45.12,0.09,electronics,True,COMPLETED,CanTho,paid
T1042,C100118,2024-07-24 19:24:00,transfer,54.1,0.11,groceries,False,COMPLETED,Hanoi,organic
T3040,C100325,2024-07-24 19:34:00,savings,62.4,0.0,fashion,False,COMPLETED,HCMC,referral
T2323,C100261,2024-07-24 19:35:00,savings,24.48,0.0,other,False,COMPLETED,HCMC,organic
T63,C100012,2024-07-25 09:41:00,transfer,33.71,0.07,electronics,True,COMPLETED,HCMC,organic
T621,C100058,2024-07-25 13:16:00,topup,35.01,0.04,other,False,COMPLETED,Hanoi,referral
T2538,C100275,2024-07-25 19:32:00,transfer,134.04,0.27,education,False,COMPLETED,Hanoi,paid
T2902,C100309,2024-07-25 19:44:00,savings,100.95,0.0,education,False,COMPLETED,HCMC,paid
T2023,C100230,2024-07-25 19:49:00,bill_pay,11.48,0.03,health,True,COMPLETED,HCMC,paid
T1918,C100217,2024-07-26 10:19:00,transfer,41.65,0.08,groceries,True,COMPLETED,HCMC,paid
T2661,C100291,2024-07-26 12:23:00,pay,33.51,0.17,transport,True,COMPLETED,HCMC,organic
T914,C100097,2024-07-26 12:26:00,pay,30.25,0.15,transport,True,COMPLETED,HCMC,paid
T1820,C100205,2024-07-26 14:08:00,pay,8.77,0.04,electronics,False,COMPLETED,HCMC,organic
T1633,C100184,2024-07-26 17:31:00,pay,12.54,0.06,fashion,False,COMPLETED,HaiPhong,organic
T2756,C100297,2024-07-27 09:15:00,transfer,42.29,0.08,other,False,COMPLETED,HCMC,referral
T128,C100021,2024-07-27 09:16:00,savings,34.15,0.0,entertainment,True,COMPLETED,Hanoi,campaign
T788,C100085,2024-07-27 09:43:00,transfer,10.77,0.02,transport,True,COMPLETED,HCMC,organic
T122,C100021,2024-07-27 12:30:00,transfer,12.53,0.03,entertainment,False,COMPLETED,Hanoi,campaign
T1317,C100144,2024-07-27 18:33:00,pay,25.96,0.13,electronics,True,COMPLETED,HCMC,organic
T2881,C100308,2024-07-27 18:38:00,pay,31.37,0.16,electronics,False,COMPLETED,HCMC,paid
T2585,C100279,2024-07-27 20:31:00,bill_pay,31.66,0.09,other,False,COMPLETED,Hanoi,paid
T2969,C100312,2024-07-28 09:37:00,pay,38.41,0.19,other,True,COMPLETED,HCMC,campaign
T520,C100049,2024-07-28 10:34:00,pay,58.51,0.29,electronics,True,COMPLETED,HCMC,referral
T2799,C100299,2024-07-28 15:44:00,bill_pay,17.75,0.05,groceries,True,COMPLETED,HCMC,organic
T1678,C100190,2024-07-28 18:36:00,bill_pay,40.93,0.12,entertainment,False,COMPLETED,CanTho,referral
T1916,C100216,2024-07-28 20:03:00,transfer,21.93,0.04,transport,False,COMPLETED,HCMC,organic
T1322,C100144,2024-07-29 09:44:00,transfer,50.04,0.1,education,True,COMPLETED,HCMC,organic
T1419,C100164,2024-07-29 10:40:00,pay,32.26,0.16,groceries,True,COMPLETED,CanTho,referral
T2400,C100267,2024-07-29 12:17:00,pay,47.06,0.24,other,False,COMPLETED,HCMC,organic
T2145,C100245,2024-07-29 12:20:00,pay,25.42,0.13,other,False,COMPLETED,HCMC,organic
T33,C100009,2024-07-29 14:26:00,pay,21.25,0.11,electronics,True,COMPLETED,Hanoi,organic
T2081,C100237,2024-07-29 16:09:00,transfer,27.59,0.06,utilities,False,COMPLETED,HCMC,campaign
T2651,C100291,2024-07-29 16:20:00,savings,8.76,0.0,groceries,False,COMPLETED,HCMC,organic
T384,C100039,2024-07-29 17:12:00,transfer,18.08,0.04,utilities,True,COMPLETED,HCMC,referral
T2879,C100308,2024-07-29 20:28:00,transfer,72.24,0.14,electronics,False,COMPLETED,HCMC,paid
T247,C100032,2024-07-30 09:36:00,pay,14.26,0.07,utilities,True,COMPLETED,Hanoi,paid
T3103,C100330,2024-07-30 09:45:00,transfer,41.7,0.08,electronics,False,COMPLETED,CanTho,paid
T3047,C100325,2024-07-30 14:20:00,transfer,79.57,0.16,groceries,True,COMPLETED,HCMC,referral
T2397,C100267,2024-07-30 15:11:00,transfer,22.77,0.05,food_delivery,True,COMPLETED,HCMC,organic
T2185,C100249,2024-07-30 17:04:00,savings,43.71,0.0,transport,False,FAILED,HCMC,organic
T165,C100024,2024-07-30 17:56:00,transfer,42.8,0.09,health,True,COMPLETED,HCMC,organic
T950,C100107,2024-07-31 11:19:00,bill_pay,51.26,0.15,electronics,False,COMPLETED,HCMC,referral
T2067,C100236,2024-07-31 13:36:00,savings,89.58,0.0,education,False,COMPLETED,CanTho,organic
T2392,C100266,2024-07-31 15:42:00,savings,54.91,0.0,electronics,False,COMPLETED,Hanoi,organic
T1747,C100200,2024-07-31 16:58:00,transfer,25.92,0.05,entertainment,False,COMPLETED,CanTho,organic
T1955,C100219,2024-07-31 18:48:00,transfer,2.99,0.01,other,False,COMPLETED,CanTho,paid
T2038,C100231,2024-08-01 10:02:00,savings,14.93,0.0,groceries,False,COMPLETED,HCMC,paid
T286,C100034,2024-08-01 10:14:00,invest,14.74,0.01,fashion,False,COMPLETED,CanTho,referral
T3154,C100334,2024-08-01 13:00:00,transfer,16.25,0.03,electronics,False,COMPLETED,HCMC,organic
T3120,C100331,2024-08-01 13:22:00,pay,9.79,0.05,other,False,COMPLETED,Hanoi,campaign
T2312,C100260,2024-08-01 14:52:00,transfer,66.3,0.13,entertainment,False,FAILED,DaNang,organic
T1934,C100217,2024-08-01 15:36:00,transfer,9.0,0.02,food_delivery,False,COMPLETED,HCMC,paid
T1666,C100190,2024-08-01 19:23:00,transfer,45.87,0.09,health,True,COMPLETED,CanTho,referral
T1723,C100196,2024-08-01 20:55:00,pay,20.22,0.1,groceries,True,COMPLETED,HCMC,organic
T1161,C100129,2024-08-02 10:55:00,transfer,7.18,0.01,health,False,COMPLETED,HCMC,organic
T1873,C100208,2024-08-02 11:33:00,bill_pay,53.76,0.16,transport,False,COMPLETED,Hanoi,organic
T3064,C100327,2024-08-02 13:06:00,topup,64.46,0.06,food_delivery,True,COMPLETED,Hanoi,organic
T2484,C100271,2024-08-02 13:29:00,transfer,12.25,0.02,other,False,COMPLETED,HCMC,paid
T2395,C100267,2024-08-02 14:08:00,pay,15.81,0.08,food_delivery,False,COMPLETED,HCMC,organic
T3157,C100334,2024-08-02 14:45:00,pay,28.14,0.14,utilities,False,COMPLETED,HCMC,organic
T2404,C100267,2024-08-02 15:32:00,pay,51.29,0.26,groceries,False,COMPLETED,HCMC,organic
T2487,C100272,2024-08-02 16:11:00,transfer,78.08,0.16,groceries,True,COMPLETED,Hanoi,referral
T610,C100058,2024-08-02 17:07:00,pay,49.57,0.25,fashion,False,COMPLETED,Hanoi,referral
T1477,C100169,2024-08-02 18:43:00,transfer,50.43,0.1,groceries,False,COMPLETED,Hanoi,referral
T3119,C100331,2024-08-02 19:48:00,pay,56.01,0.28,entertainment,False,COMPLETED,Hanoi,campaign
T1824,C100205,2024-08-02 20:09:00,pay,12.43,0.06,other,True,COMPLETED,HCMC,organic
T2017,C100229,2024-08-03 11:15:00,transfer,9.99,0.02,electronics,True,COMPLETED,HCMC,paid
T25,C100008,2024-08-03 12:52:00,transfer,68.74,0.14,utilities,False,COMPLETED,Hanoi,organic
T994,C100115,2024-08-03 13:28:00,pay,24.79,0.12,food_delivery,True,COMPLETED,HCMC,referral
T2306,C100258,2024-08-03 13:36:00,transfer,44.55,0.09,utilities,False,COMPLETED,HCMC,paid
T2990,C100313,2024-08-03 18:18:00,bill_pay,17.72,0.05,health,False,COMPLETED,DaNang,organic
T742,C100080,2024-08-03 19:51:00,bill_pay,11.41,0.03,electronics,True,COMPLETED,HCMC,referral
T1181,C100131,2024-08-04 10:35:00,transfer,63.08,0.13,fashion,False,COMPLETED,HCMC,paid
T2629,C100287,2024-08-04 11:09:00,pay,75.36,0.38,food_delivery,True,COMPLETED,CanTho,organic
T2834,C100304,2024-08-04 11:24:00,pay,17.91,0.09,entertainment,True,COMPLETED,HCMC,organic
T2310,C100260,2024-08-04 11:54:00,transfer,31.44,0.06,entertainment,True,COMPLETED,DaNang,organic
T503,C100048,2024-08-04 13:04:00,invest,186.43,0.09,education,False,COMPLETED,HCMC,organic
T2365,C100265,2024-08-04 14:53:00,pay,16.46,0.08,transport,False,COMPLETED,Hanoi,organic
T3081,C100329,2024-08-04 18:42:00,transfer,41.35,0.08,education,False,COMPLETED,HCMC,organic
T2560,C100278,2024-08-04 19:11:00,invest,31.76,0.02,electronics,False,COMPLETED,HCMC,paid
T2113,C100238,2024-08-05 09:28:00,transfer,18.58,0.04,transport,False,COMPLETED,HCMC,paid
T2509,C100274,2024-08-05 09:33:00,pay,21.77,0.11,electronics,False,COMPLETED,HCMC,organic
T1421,C100164,2024-08-05 10:44:00,pay,68.98,0.34,entertainment,False,COMPLETED,CanTho,referral
T2628,C100287,2024-08-05 12:08:00,invest,13.39,0.01,fashion,True,COMPLETED,CanTho,organic
T3236,C100341,2024-08-05 13:07:00,transfer,85.24,0.17,groceries,False,COMPLETED,Hanoi,organic
T574,C100056,2024-08-05 14:57:00,pay,58.91,0.29,entertainment,False,COMPLETED,DaNang,paid
T138,C100022,2024-08-05 15:15:00,transfer,26.67,0.05,fashion,True,COMPLETED,HCMC,organic
T1458,C100167,2024-08-05 17:03:00,pay,78.31,0.39,utilities,False,COMPLETED,DaNang,paid
T1061,C100119,2024-08-05 18:53:00,invest,6.96,0.0,education,True,COMPLETED,CanTho,organic
T1984,C100223,2024-08-05 20:25:00,pay,16.08,0.08,education,False,COMPLETED,HCMC,referral
T526,C100049,2024-08-06 09:07:00,transfer,20.33,0.04,electronics,True,COMPLETED,HCMC,referral
T923,C100098,2024-08-06 13:55:00,pay,19.27,0.1,health,False,COMPLETED,Hanoi,organic
T2518,C100275,2024-08-06 14:42:00,bill_pay,28.07,0.08,education,True,COMPLETED,Hanoi,paid
T2161,C100246,2024-08-06 15:00:00,transfer,54.87,0.11,health,False,COMPLETED,HCMC,referral
T2645,C100288,2024-08-06 15:57:00,invest,30.74,0.02,other,True,FAILED,HCMC,referral
T3241,C100341,2024-08-06 17:52:00,transfer,10.14,0.02,transport,False,COMPLETED,Hanoi,organic
T3309,C100352,2024-08-06 18:34:00,savings,37.61,0.0,health,False,COMPLETED,CanTho,paid
T133,C100022,2024-08-06 19:06:00,pay,41.39,0.21,groceries,False,COMPLETED,HCMC,organic
T1842,C100206,2024-08-06 20:55:00,savings,33.16,0.0,entertainment,True,COMPLETED,Hanoi,paid
T348,C100038,2024-08-07 11:18:00,pay,12.35,0.06,food_delivery,True,COMPLETED,HCMC,organic
T2165,C100246,2024-08-07 13:31:00,pay,22.86,0.11,electronics,True,COMPLETED,HCMC,referral
T2515,C100274,2024-08-07 17:49:00,transfer,24.86,0.05,transport,False,COMPLETED,HCMC,organic
T1124,C100123,2024-08-08 12:44:00,transfer,26.03,0.05,utilities,False,COMPLETED,Hanoi,organic
T812,C100086,2024-08-08 12:47:00,transfer,12.34,0.02,health,False,COMPLETED,HCMC,organic
T2209,C100252,2024-08-08 18:43:00,transfer,19.15,0.04,groceries,False,COMPLETED,DaNang,paid
T795,C100085,2024-08-08 19:44:00,pay,107.97,0.54,entertainment,True,COMPLETED,HCMC,organic
T3041,C100325,2024-08-08 20:13:00,transfer,17.0,0.03,education,False,COMPLETED,HCMC,referral
T308,C100036,2024-08-09 09:09:00,transfer,31.6,0.06,groceries,False,COMPLETED,Hanoi,campaign
T2460,C100270,2024-08-09 10:08:00,pay,162.79,0.81,groceries,True,COMPLETED,Hanoi,organic
T2275,C100257,2024-08-09 10:32:00,pay,7.79,0.04,utilities,False,COMPLETED,DaNang,paid
T1788,C100203,2024-08-09 11:24:00,pay,75.26,0.38,food_delivery,True,COMPLETED,Hanoi,organic
T858,C100091,2024-08-09 14:17:00,pay,39.67,0.2,entertainment,False,COMPLETED,Hanoi,paid
T1453,C100167,2024-08-09 15:37:00,pay,6.64,0.03,transport,False,COMPLETED,DaNang,paid
T605,C100058,2024-08-09 16:24:00,pay,37.63,0.19,electronics,True,COMPLETED,Hanoi,referral
T2838,C100304,2024-08-09 18:19:00,savings,31.31,0.0,entertainment,False,COMPLETED,HCMC,organic
T261,C100032,2024-08-09 18:31:00,pay,17.79,0.09,electronics,False,COMPLETED,Hanoi,paid
T1634,C100184,2024-08-09 18:37:00,savings,26.37,0.0,transport,False,COMPLETED,HaiPhong,organic
T2115,C100239,2024-08-09 18:44:00,transfer,28.21,0.06,electronics,True,COMPLETED,HaiPhong,organic
T919,C100098,2024-08-10 09:18:00,transfer,77.96,0.16,health,False,COMPLETED,Hanoi,organic
T2792,C100298,2024-08-10 10:00:00,pay,3.29,0.02,health,False,COMPLETED,DaNang,organic
T3107,C100330,2024-08-10 11:16:00,transfer,24.27,0.05,food_delivery,False,COMPLETED,CanTho,paid
T2001,C100229,2024-08-10 11:53:00,pay,14.52,0.07,transport,True,COMPLETED,HCMC,paid
T3113,C100331,2024-08-10 13:25:00,topup,18.38,0.02,entertainment,False,COMPLETED,Hanoi,campaign
T2781,C100298,2024-08-11 09:11:00,pay,14.67,0.07,education,False,COMPLETED,DaNang,organic
T1403,C100162,2024-08-11 12:38:00,savings,69.52,0.0,health,True,COMPLETED,HCMC,campaign
T2082,C100237,2024-08-11 14:14:00,pay,28.99,0.14,transport,False,COMPLETED,HCMC,campaign
T1635,C100184,2024-08-11 14:38:00,transfer,62.99,0.13,electronics,False,COMPLETED,HaiPhong,organic
T2996,C100313,2024-08-11 14:40:00,savings,27.88,0.0,other,True,COMPLETED,DaNang,organic
T2532,C100275,2024-08-11 17:28:00,pay,35.59,0.18,electronics,True,COMPLETED,Hanoi,paid
T1714,C100195,2024-08-11 18:34:00,savings,23.57,0.0,electronics,False,COMPLETED,Hanoi,referral
T3178,C100337,2024-08-11 20:17:00,transfer,38.88,0.08,transport,False,COMPLETED,CanTho,referral
T871,C100093,2024-08-12 13:09:00,bill_pay,44.81,0.13,other,False,COMPLETED,Hanoi,organic
T2948,C100311,2024-08-12 13:21:00,savings,79.33,0.0,other,False,COMPLETED,CanTho,campaign
T1116,C100123,2024-08-12 14:50:00,pay,52.23,0.26,fashion,False,COMPLETED,Hanoi,organic
T925,C100099,2024-08-12 16:15:00,invest,183.09,0.09,fashion,True,COMPLETED,HCMC,paid
T3100,C100330,2024-08-12 18:35:00,transfer,39.53,0.08,other,False,COMPLETED,CanTho,paid
T1693,C100193,2024-08-12 19:46:00,transfer,15.8,0.03,groceries,False,COMPLETED,HCMC,paid
T2939,C100310,2024-08-12 20:05:00,transfer,30.78,0.06,education,False,COMPLETED,HCMC,paid
T2521,C100275,2024-08-13 09:17:00,bill_pay,21.16,0.06,electronics,False,COMPLETED,Hanoi,paid
T3038,C100325,2024-08-13 10:30:00,bill_pay,23.07,0.07,health,False,COMPLETED,HCMC,referral
T1595,C100179,2024-08-13 11:20:00,bill_pay,138.55,0.42,education,True,COMPLETED,HCMC,paid
T383,C100039,2024-08-13 12:03:00,transfer,6.6,0.01,groceries,True,FAILED,HCMC,referral
T2196,C100249,2024-08-13 12:23:00,pay,23.99,0.12,utilities,True,COMPLETED,HCMC,organic
T909,C100096,2024-08-13 15:50:00,savings,63.2,0.0,other,False,COMPLETED,HCMC,organic
T1139,C100128,2024-08-13 17:06:00,savings,38.61,0.0,utilities,False,COMPLETED,HCMC,organic
T1365,C100156,2024-08-13 18:48:00,topup,25.4,0.03,groceries,False,COMPLETED,Hanoi,organic
T2014,C100229,2024-08-14 10:14:00,savings,18.55,0.0,utilities,True,COMPLETED,HCMC,paid
T2646,C100288,2024-08-14 11:43:00,invest,38.95,0.02,education,False,COMPLETED,HCMC,referral
T2200,C100249,2024-08-14 12:33:00,pay,12.19,0.06,entertainment,False,COMPLETED,HCMC,organic
T1622,C100184,2024-08-14 14:14:00,pay,19.75,0.1,health,True,COMPLETED,HaiPhong,organic
T3227,C100341,2024-08-14 14:35:00,pay,72.75,0.36,food_delivery,True,COMPLETED,Hanoi,organic
T3187,C100338,2024-08-14 15:42:00,bill_pay,9.75,0.03,electronics,False,COMPLETED,HCMC,paid
T1185,C100131,2024-08-14 16:38:00,transfer,120.33,0.24,entertainment,True,COMPLETED,HCMC,paid
T2717,C100294,2024-08-15 10:14:00,pay,106.53,0.53,other,False,COMPLETED,Hanoi,paid
T1301,C100143,2024-08-15 11:01:00,pay,32.51,0.16,fashion,True,COMPLETED,HCMC,organic
T1141,C100128,2024-08-15 16:39:00,pay,25.32,0.13,entertainment,False,COMPLETED,HCMC,organic
T427,C100043,2024-08-15 16:49:00,transfer,56.12,0.11,entertainment,False,COMPLETED,DaNang,paid
T3135,C100331,2024-08-15 18:15:00,pay,5.83,0.03,utilities,False,COMPLETED,Hanoi,campaign
T856,C100091,2024-08-15 19:18:00,pay,13.78,0.07,electronics,False,COMPLETED,Hanoi,paid
T2992,C100313,2024-08-16 16:47:00,pay,132.78,0.66,food_delivery,True,COMPLETED,DaNang,organic
T2164,C100246,2024-08-16 18:09:00,savings,35.79,0.0,entertainment,False,COMPLETED,HCMC,referral
T3129,C100331,2024-08-17 10:03:00,transfer,35.87,0.07,health,False,COMPLETED,Hanoi,campaign
T2053,C100236,2024-08-17 12:45:00,pay,23.07,0.12,electronics,False,COMPLETED,CanTho,organic
T490,C100046,2024-08-17 17:53:00,pay,24.57,0.12,other,True,COMPLETED,Hanoi,organic
T135,C100022,2024-08-17 19:04:00,bill_pay,49.67,0.15,transport,False,COMPLETED,HCMC,organic
T364,C100038,2024-08-18 09:22:00,bill_pay,34.28,0.1,education,True,COMPLETED,HCMC,organic
T1513,C100171,2024-08-18 10:36:00,savings,10.47,0.0,electronics,False,COMPLETED,HCMC,organic
T1399,C100161,2024-08-18 10:50:00,invest,40.57,0.02,health,False,COMPLETED,HCMC,paid
T3075,C100329,2024-08-18 14:33:00,transfer,70.18,0.14,utilities,False,FAILED,HCMC,organic
T2581,C100279,2024-08-18 15:29:00,transfer,62.72,0.13,health,False,COMPLETED,Hanoi,paid
T163,C100024,2024-08-18 16:53:00,bill_pay,23.63,0.07,health,True,COMPLETED,HCMC,organic
T663,C100068,2024-08-18 17:57:00,pay,47.37,0.24,transport,True,COMPLETED,HCMC,organic
T20,C100003,2024-08-18 20:09:00,pay,20.44,0.1,other,True,COMPLETED,Hanoi,organic
T2503,C100274,2024-08-19 09:48:00,pay,21.27,0.11,utilities,False,COMPLETED,HCMC,organic
T2926,C100310,2024-08-19 13:15:00,transfer,48.81,0.1,fashion,False,COMPLETED,HCMC,paid
T3440,C100363,2024-08-19 14:04:00,transfer,24.87,0.05,health,True,COMPLETED,HCMC,paid
T67,C100012,2024-08-19 14:06:00,bill_pay,53.47,0.16,education,False,COMPLETED,HCMC,organic
T725,C100076,2024-08-19 15:54:00,pay,144.65,0.72,education,False,COMPLETED,Hanoi,paid
T1065,C100120,2024-08-19 17:12:00,transfer,49.8,0.1,education,True,COMPLETED,HCMC,paid
T3336,C100353,2024-08-19 17:34:00,transfer,11.09,0.02,health,True,COMPLETED,HaiPhong,paid
T1209,C100132,2024-08-19 18:43:00,transfer,22.38,0.04,entertainment,True,COMPLETED,Hanoi,paid
T1986,C100223,2024-08-19 20:17:00,transfer,88.33,0.18,transport,False,COMPLETED,HCMC,referral
T2371,C100265,2024-08-20 10:25:00,transfer,16.21,0.03,food_delivery,True,COMPLETED,Hanoi,organic
T525,C100049,2024-08-20 11:09:00,pay,22.13,0.11,fashion,False,COMPLETED,HCMC,referral
T954,C100107,2024-08-20 12:13:00,transfer,8.1,0.02,fashion,True,COMPLETED,HCMC,referral
T3003,C100318,2024-08-20 13:24:00,pay,31.59,0.16,education,True,COMPLETED,CanTho,organic
T1264,C100138,2024-08-20 13:32:00,topup,68.43,0.07,groceries,True,COMPLETED,Hanoi,organic
T1456,C100167,2024-08-20 14:40:00,savings,45.28,0.0,groceries,False,COMPLETED,DaNang,paid
T2507,C100274,2024-08-20 14:47:00,pay,12.64,0.06,education,False,COMPLETED,HCMC,organic
T3476,C100366,2024-08-21 09:19:00,pay,70.23,0.35,education,False,COMPLETED,Hanoi,organic
T2075,C100237,2024-08-21 10:17:00,topup,10.54,0.01,transport,False,COMPLETED,HCMC,campaign
T3388,C100359,2024-08-21 10:48:00,bill_pay,55.77,0.17,groceries,False,COMPLETED,Hanoi,organic
T3228,C100341,2024-08-21 11:37:00,transfer,6.65,0.01,other,False,COMPLETED,Hanoi,organic
T1258,C100138,2024-08-21 12:36:00,pay,16.39,0.08,food_delivery,True,COMPLETED,Hanoi,organic
T2375,C100265,2024-08-21 13:18:00,pay,29.73,0.15,education,True,COMPLETED,Hanoi,organic
T2421,C100268,2024-08-21 13:47:00,pay,13.23,0.07,electronics,True,COMPLETED,Hanoi,referral
T3196,C100338,2024-08-21 14:48:00,pay,7.58,0.04,education,False,COMPLETED,HCMC,paid
T618,C100058,2024-08-21 15:44:00,bill_pay,17.93,0.05,utilities,False,COMPLETED,Hanoi,referral
T1867,C100208,2024-08-21 17:04:00,pay,39.1,0.2,groceries,True,COMPLETED,Hanoi,organic
T3128,C100331,2024-08-21 19:20:00,pay,46.46,0.23,food_delivery,False,COMPLETED,Hanoi,campaign
T3349,C100354,2024-08-21 20:19:00,transfer,29.38,0.06,groceries,True,COMPLETED,HCMC,paid
T1798,C100204,2024-08-22 12:14:00,pay,23.58,0.12,food_delivery,True,COMPLETED,Hanoi,campaign
T1047,C100119,2024-08-22 13:29:00,transfer,18.39,0.04,health,False,COMPLETED,CanTho,organic
T2898,C100309,2024-08-22 19:28:00,transfer,71.58,0.14,groceries,True,COMPLETED,HCMC,paid
T3453,C100364,2024-08-23 09:02:00,topup,73.31,0.07,electronics,False,COMPLETED,DaNang,referral
T1577,C100176,2024-08-23 10:46:00,transfer,31.15,0.06,education,False,COMPLETED,Hanoi,referral
T2982,C100313,2024-08-23 14:23:00,pay,18.38,0.09,electronics,False,COMPLETED,DaNang,organic
T2150,C100245,2024-08-23 16:51:00,pay,28.86,0.14,transport,False,COMPLETED,HCMC,organic
T3058,C100327,2024-08-23 17:35:00,bill_pay,20.94,0.06,entertainment,True,COMPLETED,Hanoi,organic
T2058,C100236,2024-08-23 19:48:00,savings,39.99,0.0,other,False,COMPLETED,CanTho,organic
T429,C100043,2024-08-23 20:00:00,savings,36.35,0.0,fashion,False,COMPLETED,DaNang,paid
T68,C100012,2024-08-23 20:02:00,topup,32.21,0.03,transport,False,COMPLETED,HCMC,organic
T2604,C100286,2024-08-24 09:48:00,transfer,15.64,0.03,entertainment,True,COMPLETED,DaNang,organic
T2330,C100261,2024-08-24 10:54:00,savings,44.38,0.0,utilities,False,COMPLETED,HCMC,organic
T748,C100080,2024-08-24 11:21:00,transfer,21.54,0.04,utilities,True,COMPLETED,HCMC,referral
T505,C100048,2024-08-24 11:33:00,pay,12.91,0.06,utilities,False,COMPLETED,HCMC,organic
T3052,C100327,2024-08-24 11:33:00,transfer,15.98,0.03,education,False,COMPLETED,Hanoi,organic
T3191,C100338,2024-08-24 11:34:00,savings,44.27,0.0,entertainment,False,COMPLETED,HCMC,paid
T3576,C100376,2024-08-24 12:06:00,transfer,76.46,0.15,other,False,FAILED,HCMC,paid
T3455,C100364,2024-08-24 16:44:00,transfer,45.92,0.09,fashion,False,COMPLETED,DaNang,referral
T153,C100022,2024-08-24 17:19:00,savings,97.84,0.0,electronics,True,COMPLETED,HCMC,organic
T2763,C100297,2024-08-24 17:34:00,topup,9.07,0.01,other,False,COMPLETED,HCMC,referral
T1343,C100154,2024-08-24 18:50:00,bill_pay,61.47,0.18,health,False,COMPLETED,Hanoi,organic
T2701,C100294,2024-08-24 19:30:00,pay,72.03,0.36,electronics,True,COMPLETED,Hanoi,paid
T2279,C100257,2024-08-24 19:57:00,pay,25.0,0.12,education,True,COMPLETED,DaNang,paid
T2100,C100238,2024-08-25 11:45:00,pay,59.13,0.3,transport,False,COMPLETED,HCMC,paid
T2671,C100291,2024-08-25 13:21:00,pay,22.1,0.11,other,True,COMPLETED,HCMC,organic
T40,C100009,2024-08-25 18:32:00,pay,20.64,0.1,transport,True,FAILED,Hanoi,organic
T423,C100043,2024-08-25 18:48:00,pay,20.51,0.1,utilities,False,COMPLETED,DaNang,paid
T3193,C100338,2024-08-25 19:06:00,invest,11.03,0.01,electronics,True,COMPLETED,HCMC,paid
T3106,C100330,2024-08-26 10:13:00,pay,37.41,0.19,other,True,COMPLETED,CanTho,paid
T3555,C100374,2024-08-26 10:21:00,topup,145.21,0.15,food_delivery,True,COMPLETED,Hanoi,referral
T2313,C100261,2024-08-26 12:35:00,savings,26.74,0.0,utilities,True,COMPLETED,HCMC,organic
T1396,C100161,2024-08-26 12:45:00,transfer,29.38,0.06,electronics,False,COMPLETED,HCMC,paid
T229,C100029,2024-08-26 14:20:00,transfer,20.66,0.04,education,False,COMPLETED,HaiPhong,organic
T2589,C100279,2024-08-26 18:19:00,invest,36.7,0.02,electronics,True,COMPLETED,Hanoi,paid
T896,C100094,2024-08-26 20:00:00,pay,32.33,0.16,entertainment,False,FAILED,CanTho,paid
T2457,C100270,2024-08-26 20:33:00,pay,35.41,0.18,health,True,COMPLETED,Hanoi,organic
T2416,C100268,2024-08-27 12:30:00,pay,94.18,0.47,electronics,False,COMPLETED,Hanoi,referral
T491,C100046,2024-08-27 13:11:00,bill_pay,69.46,0.21,groceries,True,COMPLETED,Hanoi,organic
T343,C100037,2024-08-27 15:31:00,bill_pay,116.13,0.35,health,False,COMPLETED,DaNang,paid
T297,C100036,2024-08-27 18:28:00,bill_pay,53.53,0.16,electronics,True,COMPLETED,Hanoi,campaign
T278,C100034,2024-08-27 19:51:00,pay,72.13,0.36,other,False,COMPLETED,CanTho,referral
T544,C100052,2024-08-27 20:49:00,transfer,47.35,0.09,electronics,False,COMPLETED,HCMC,organic
T2347,C100264,2024-08-28 10:36:00,pay,67.3,0.34,other,False,COMPLETED,HCMC,organic
T3134,C100331,2024-08-28 11:34:00,bill_pay,44.1,0.13,electronics,True,COMPLETED,Hanoi,campaign
T3501,C100367,2024-08-28 12:04:00,pay,45.1,0.23,food_delivery,False,COMPLETED,HCMC,paid
T3490,C100367,2024-08-28 15:57:00,pay,4.79,0.02,health,False,COMPLETED,HCMC,paid
T1256,C100138,2024-08-28 17:31:00,topup,30.08,0.03,electronics,False,COMPLETED,Hanoi,organic
T3143,C100334,2024-08-28 18:50:00,pay,47.79,0.24,groceries,False,COMPLETED,HCMC,organic
T1520,C100173,2024-08-28 19:57:00,topup,7.04,0.01,food_delivery,False,COMPLETED,HCMC,organic
T393,C100042,2024-08-28 20:46:00,pay,30.73,0.15,health,False,COMPLETED,HCMC,organic
T1745,C100200,2024-08-28 20:51:00,pay,32.5,0.16,entertainment,True,FAILED,CanTho,organic
T1586,C100176,2024-08-29 09:05:00,transfer,103.2,0.21,electronics,True,COMPLETED,Hanoi,referral
T1188,C100132,2024-08-29 10:29:00,pay,61.09,0.31,health,False,COMPLETED,Hanoi,paid
T3372,C100357,2024-08-29 11:53:00,savings,45.58,0.0,fashion,False,COMPLETED,DaNang,campaign
T514,C100048,2024-08-29 12:34:00,savings,94.32,0.0,transport,True,COMPLETED,HCMC,organic
T1215,C100133,2024-08-29 15:00:00,pay,93.22,0.47,health,True,COMPLETED,Hanoi,referral
T200,C100025,2024-08-29 15:22:00,pay,31.37,0.16,transport,False,COMPLETED,CanTho,paid
T2175,C100246,2024-08-29 18:47:00,pay,22.24,0.11,transport,True,COMPLETED,HCMC,referral
T691,C100072,2024-08-29 18:48:00,pay,79.17,0.4,utilities,False,COMPLETED,HCMC,organic
T3691,C100389,2024-08-29 18:57:00,transfer,36.13,0.07,entertainment,False,COMPLETED,Hanoi,referral
T1395,C100161,2024-08-30 10:46:00,pay,25.25,0.13,other,False,COMPLETED,HCMC,paid
T3716,C100390,2024-08-30 12:32:00,pay,76.81,0.38,other,False,COMPLETED,HCMC,paid
T1759,C100201,2024-08-30 13:10:00,pay,111.98,0.56,fashion,True,COMPLETED,Hanoi,paid
T1015,C100117,2024-08-30 14:29:00,pay,26.59,0.13,groceries,False,COMPLETED,HCMC,organic
T2922,C100309,2024-08-30 15:32:00,pay,18.52,0.09,electronics,True,COMPLETED,HCMC,paid
T1074,C100120,2024-08-30 15:42:00,transfer,135.88,0.27,health,False,COMPLETED,HCMC,paid
T3546,C100372,2024-08-30 19:09:00,pay,28.97,0.14,utilities,True,COMPLETED,HCMC,referral
T1598,C100179,2024-08-31 10:24:00,pay,31.07,0.16,health,False,COMPLETED,HCMC,paid
T3095,C100330,2024-08-31 10:52:00,transfer,71.09,0.14,other,True,COMPLETED,CanTho,paid
T3250,C100343,2024-08-31 12:07:00,savings,8.38,0.0,electronics,False,COMPLETED,Hanoi,campaign
T189,C100025,2024-08-31 13:33:00,transfer,20.72,0.04,transport,False,COMPLETED,CanTho,paid
T562,C100054,2024-08-31 14:39:00,pay,58.21,0.29,food_delivery,False,COMPLETED,DaNang,paid
T2136,C100239,2024-08-31 15:35:00,bill_pay,16.0,0.05,transport,False,COMPLETED,HaiPhong,organic
T438,C100044,2024-08-31 16:48:00,pay,74.34,0.37,food_delivery,True,COMPLETED,Hanoi,organic
T1794,C100204,2024-08-31 18:00:00,transfer,13.26,0.03,education,True,COMPLETED,Hanoi,campaign
T2694,C100293,2024-08-31 19:29:00,savings,15.2,0.0,food_delivery,False,COMPLETED,Hanoi,paid
T888,C100094,2024-09-01 11:58:00,transfer,27.5,0.06,other,True,COMPLETED,CanTho,paid
T2461,C100270,2024-09-01 15:29:00,pay,41.14,0.21,utilities,False,COMPLETED,Hanoi,organic
T3311,C100352,2024-09-01 17:12:00,pay,36.93,0.18,electronics,True,FAILED,CanTho,paid
T279,C100034,2024-09-01 17:55:00,transfer,28.38,0.06,transport,True,COMPLETED,CanTho,referral
T3284,C100348,2024-09-01 19:02:00,transfer,9.98,0.02,fashion,True,COMPLETED,HCMC,paid
T307,C100036,2024-09-02 10:32:00,pay,9.65,0.05,education,True,COMPLETED,Hanoi,campaign
T1304,C100143,2024-09-02 13:05:00,transfer,13.77,0.03,entertainment,False,COMPLETED,HCMC,organic
T1425,C100166,2024-09-02 17:50:00,pay,49.8,0.25,entertainment,False,COMPLETED,HCMC,referral
T1239,C100134,2024-09-02 18:44:00,pay,79.42,0.4,electronics,True,COMPLETED,HCMC,organic
T502,C100048,2024-09-02 20:41:00,pay,103.02,0.52,groceries,False,COMPLETED,HCMC,organic
T126,C100021,2024-09-03 09:48:00,bill_pay,10.2,0.03,food_delivery,True,COMPLETED,Hanoi,campaign
T1090,C100121,2024-09-03 11:02:00,transfer,32.56,0.07,education,True,COMPLETED,HCMC,organic
T3769,C100397,2024-09-03 11:31:00,transfer,59.46,0.12,food_delivery,True,COMPLETED,HCMC,paid
T345,C100037,2024-09-03 12:13:00,pay,60.9,0.3,education,False,COMPLETED,DaNang,paid
T2114,C100238,2024-09-03 13:11:00,invest,25.23,0.01,health,False,COMPLETED,HCMC,paid
T2477,C100271,2024-09-03 13:26:00,transfer,51.74,0.1,food_delivery,True,COMPLETED,HCMC,paid
T2606,C100286,2024-09-03 15:51:00,transfer,23.96,0.05,education,False,COMPLETED,DaNang,organic
T3012,C100320,2024-09-03 15:51:00,pay,73.88,0.37,transport,False,COMPLETED,CanTho,organic
T3361,C100356,2024-09-03 17:59:00,bill_pay,52.46,0.16,groceries,True,COMPLETED,HCMC,organic
T1576,C100176,2024-09-03 18:12:00,bill_pay,30.89,0.09,education,False,COMPLETED,Hanoi,referral
T100,C100017,2024-09-03 19:20:00,transfer,8.73,0.02,groceries,True,COMPLETED,HCMC,organic
T1785,C100203,2024-09-03 20:08:00,transfer,18.21,0.04,other,False,COMPLETED,Hanoi,organic
T2548,C100277,2024-09-04 09:09:00,pay,15.5,0.08,education,True,COMPLETED,Hanoi,referral
T1382,C100157,2024-09-04 12:22:00,pay,17.71,0.09,transport,False,COMPLETED,Hanoi,referral
T154,C100022,2024-09-04 14:17:00,savings,24.52,0.0,food_delivery,False,COMPLETED,HCMC,organic
T3046,C100325,2024-09-04 14:53:00,pay,17.42,0.09,education,False,COMPLETED,HCMC,referral
T1406,C100162,2024-09-04 20:34:00,pay,20.23,0.1,fashion,False,COMPLETED,HCMC,campaign
T636,C100064,2024-09-05 10:16:00,pay,36.86,0.18,health,False,COMPLETED,HCMC,paid
T3592,C100376,2024-09-05 10:16:00,savings,43.6,0.0,education,False,COMPLETED,HCMC,paid
T3383,C100359,2024-09-05 10:19:00,bill_pay,30.7,0.09,electronics,False,COMPLETED,Hanoi,organic
T1773,C100202,2024-09-05 10:42:00,transfer,78.34,0.16,groceries,False,COMPLETED,CanTho,organic
T1989,C100223,2024-09-05 12:38:00,pay,75.67,0.38,electronics,False,COMPLETED,HCMC,referral
T378,C100039,2024-09-05 15:38:00,pay,33.4,0.17,electronics,False,COMPLETED,HCMC,referral
T1505,C100171,2024-09-05 17:55:00,pay,16.47,0.08,fashion,False,COMPLETED,HCMC,organic
T3407,C100359,2024-09-05 18:25:00,pay,104.1,0.52,entertainment,False,COMPLETED,Hanoi,organic
T3673,C100388,2024-09-05 19:01:00,savings,19.34,0.0,food_delivery,True,COMPLETED,HCMC,referral
T3237,C100341,2024-09-05 19:44:00,transfer,51.95,0.1,education,False,COMPLETED,Hanoi,organic
T3606,C100377,2024-09-05 20:24:00,topup,67.13,0.07,other,False,COMPLETED,HCMC,referral
T1974,C100222,2024-09-06 09:21:00,bill_pay,23.02,0.07,health,False,COMPLETED,DaNang,organic
T3291,C100348,2024-09-06 10:02:00,pay,18.94,0.09,groceries,False,COMPLETED,HCMC,paid
T416,C100043,2024-09-06 14:02:00,transfer,24.15,0.05,health,False,COMPLETED,DaNang,paid
T961,C100107,2024-09-06 16:07:00,transfer,7.3,0.01,fashion,True,FAILED,HCMC,referral
T1594,C100179,2024-09-06 18:45:00,pay,42.9,0.21,entertainment,False,COMPLETED,HCMC,paid
T152,C100022,2024-09-06 19:12:00,topup,55.23,0.06,health,False,COMPLETED,HCMC,organic
T3141,C100331,2024-09-06 20:31:00,bill_pay,61.47,0.18,transport,False,COMPLETED,Hanoi,campaign
T2193,C100249,2024-09-07 13:06:00,pay,30.18,0.15,transport,False,COMPLETED,HCMC,organic
T1860,C100208,2024-09-07 13:41:00,bill_pay,12.9,0.04,other,False,COMPLETED,Hanoi,organic
T3460,C100366,2024-09-07 14:29:00,bill_pay,27.13,0.08,food_delivery,True,COMPLETED,Hanoi,organic
T2719,C100295,2024-09-07 15:46:00,transfer,5.8,0.01,entertainment,False,COMPLETED,HCMC,paid
T1833,C100205,2024-09-07 16:25:00,pay,16.7,0.08,utilities,False,COMPLETED,HCMC,organic
T1202,C100132,2024-09-07 16:48:00,transfer,22.81,0.05,fashion,False,COMPLETED,Hanoi,paid
T3355,C100356,2024-09-07 17:44:00,savings,45.61,0.0,health,False,COMPLETED,HCMC,organic
T705,C100075,2024-09-07 19:34:00,savings,8.44,0.0,education,True,COMPLETED,Hanoi,organic
T3434,C100363,2024-09-07 19:55:00,transfer,7.6,0.02,fashion,True,COMPLETED,HCMC,paid
T2090,C100237,2024-09-08 13:00:00,transfer,11.04,0.02,other,False,COMPLETED,HCMC,campaign
T656,C100068,2024-09-08 15:14:00,invest,50.26,0.03,groceries,False,COMPLETED,HCMC,organic
T2621,C100286,2024-09-08 15:50:00,invest,84.56,0.04,fashion,True,COMPLETED,DaNang,organic
T1194,C100132,2024-09-08 18:03:00,pay,21.38,0.11,transport,False,COMPLETED,Hanoi,paid
T3553,C100374,2024-09-09 12:57:00,savings,25.05,0.0,utilities,False,COMPLETED,Hanoi,referral
T3329,C100353,2024-09-09 13:32:00,pay,32.04,0.16,health,False,COMPLETED,HaiPhong,paid
T824,C100086,2024-09-09 14:43:00,savings,31.03,0.0,groceries,True,COMPLETED,HCMC,organic
T3132,C100331,2024-09-09 15:42:00,pay,103.71,0.52,groceries,False,COMPLETED,Hanoi,campaign
T2354,C100264,2024-09-09 16:34:00,savings,12.43,0.0,food_delivery,False,COMPLETED,HCMC,organic
T3454,C100364,2024-09-09 16:39:00,pay,13.74,0.07,transport,False,COMPLETED,DaNang,referral
T1496,C100171,2024-09-09 17:39:00,transfer,20.6,0.04,other,True,COMPLETED,HCMC,organic
T3505,C100367,2024-09-09 18:48:00,pay,7.81,0.04,fashion,False,COMPLETED,HCMC,paid
T2388,C100266,2024-09-09 19:24:00,pay,35.58,0.18,entertainment,False,COMPLETED,Hanoi,organic
T1196,C100132,2024-09-10 11:01:00,invest,25.46,0.01,groceries,False,COMPLETED,Hanoi,paid
T2029,C100231,2024-09-10 13:53:00,transfer,40.35,0.08,transport,False,COMPLETED,HCMC,paid
T2779,C100298,2024-09-10 18:57:00,savings,16.91,0.0,education,False,COMPLETED,DaNang,organic
T2958,C100311,2024-09-10 19:34:00,pay,34.01,0.17,utilities,False,COMPLETED,CanTho,campaign
T2139,C100244,2024-09-11 09:36:00,transfer,19.76,0.04,entertainment,False,COMPLETED,Hanoi,referral
T1817,C100205,2024-09-11 10:47:00,pay,44.32,0.22,health,True,COMPLETED,HCMC,organic
T3694,C100390,2024-09-11 12:46:00,pay,20.48,0.1,education,True,COMPLETED,HCMC,paid
T498,C100048,2024-09-11 15:20:00,bill_pay,36.99,0.11,entertainment,False,COMPLETED,HCMC,organic
T3841,C100403,2024-09-11 15:23:00,pay,19.23,0.1,education,False,COMPLETED,HCMC,paid
T1644,C100186,2024-09-11 15:53:00,transfer,65.53,0.13,other,False,COMPLETED,HCMC,referral
T2231,C100255,2024-09-11 16:06:00,invest,34.21,0.02,fashion,False,COMPLETED,Hanoi,organic
T3879,C100405,2024-09-11 17:06:00,transfer,42.21,0.08,electronics,True,COMPLETED,HCMC,campaign
T3254,C100343,2024-09-11 17:10:00,pay,135.55,0.68,utilities,False,COMPLETED,Hanoi,campaign
T2155,C100246,2024-09-11 17:34:00,pay,33.14,0.17,entertainment,False,COMPLETED,HCMC,referral
T3351,C100354,2024-09-11 17:34:00,savings,48.72,0.0,utilities,False,COMPLETED,HCMC,paid
T2557,C100278,2024-09-11 18:05:00,pay,10.54,0.05,education,False,COMPLETED,HCMC,paid
T3371,C100357,2024-09-11 18:44:00,transfer,40.71,0.08,fashion,False,COMPLETED,DaNang,campaign
T1761,C100202,2024-09-11 18:52:00,savings,65.35,0.0,other,False,COMPLETED,CanTho,organic
T3379,C100359,2024-09-11 19:08:00,bill_pay,21.73,0.07,utilities,True,COMPLETED,Hanoi,organic
T2467,C100271,2024-09-11 20:44:00,transfer,32.21,0.06,health,True,COMPLETED,HCMC,paid
T622,C100058,2024-09-11 20:46:00,pay,62.28,0.31,utilities,False,COMPLETED,Hanoi,referral
T766,C100081,2024-09-12 09:26:00,pay,27.42,0.14,fashion,True,COMPLETED,HCMC,organic
T924,C100099,2024-09-12 13:31:00,invest,33.26,0.02,groceries,False,COMPLETED,HCMC,paid
T1363,C100156,2024-09-12 14:44:00,pay,59.42,0.3,health,True,COMPLETED,Hanoi,organic
T1514,C100171,2024-09-12 16:53:00,savings,61.27,0.0,health,False,COMPLETED,HCMC,organic
T3080,C100329,2024-09-12 20:10:00,pay,14.39,0.07,electronics,False,COMPLETED,HCMC,organic
T2511,C100274,2024-09-13 09:12:00,pay,42.73,0.21,health,True,COMPLETED,HCMC,organic
T3109,C100330,2024-09-13 09:20:00,transfer,41.44,0.08,utilities,False,COMPLETED,CanTho,paid
T180,C100024,2024-09-13 09:32:00,savings,18.53,0.0,health,False,COMPLETED,HCMC,organic
T129,C100021,2024-09-13 09:38:00,pay,66.72,0.33,fashion,False,COMPLETED,Hanoi,campaign
T907,C100096,2024-09-13 10:14:00,pay,33.72,0.17,food_delivery,True,COMPLETED,HCMC,organic
T3206,C100340,2024-09-13 10:24:00,pay,9.18,0.05,food_delivery,False,COMPLETED,HCMC,organic
T28,C100008,2024-09-13 10:50:00,bill_pay,15.22,0.05,groceries,True,COMPLETED,Hanoi,organic
T447,C100044,2024-09-13 13:13:00,transfer,9.07,0.02,other,True,COMPLETED,Hanoi,organic
T2002,C100229,2024-09-13 13:24:00,pay,17.64,0.09,fashion,False,COMPLETED,HCMC,paid
T831,C100088,2024-09-13 15:51:00,savings,23.19,0.0,health,False,COMPLETED,HCMC,organic
T2595,C100280,2024-09-13 16:05:00,bill_pay,17.42,0.05,entertainment,True,COMPLETED,Hanoi,organic
T3703,C100390,2024-09-13 16:18:00,transfer,20.91,0.04,entertainment,False,COMPLETED,HCMC,paid
T1812,C100205,2024-09-13 16:29:00,transfer,21.28,0.04,food_delivery,False,COMPLETED,HCMC,organic
T1559,C100175,2024-09-13 17:17:00,savings,47.41,0.0,utilities,False,COMPLETED,HaiPhong,campaign
T2285,C100257,2024-09-13 17:43:00,pay,22.1,0.11,groceries,False,COMPLETED,DaNang,paid
T3928,C100412,2024-09-13 20:55:00,transfer,24.22,0.05,education,True,COMPLETED,HaiPhong,paid
T1086,C100121,2024-09-14 11:48:00,savings,36.3,0.0,groceries,True,COMPLETED,HCMC,organic
T1791,C100203,2024-09-14 12:10:00,pay,61.24,0.31,fashion,True,COMPLETED,Hanoi,organic
T2588,C100279,2024-09-14 12:26:00,bill_pay,94.75,0.28,entertainment,True,COMPLETED,Hanoi,paid
T2630,C100287,2024-09-14 13:15:00,pay,42.39,0.21,transport,True,COMPLETED,CanTho,organic
T3283,C100348,2024-09-14 14:55:00,savings,33.83,0.0,other,False,COMPLETED,HCMC,paid
T3138,C100331,2024-09-15 09:41:00,savings,12.15,0.0,other,False,COMPLETED,Hanoi,campaign
T2960,C100312,2024-09-15 10:22:00,pay,23.55,0.12,transport,False,COMPLETED,HCMC,campaign
T460,C100045,2024-09-15 10:28:00,transfer,19.21,0.04,utilities,False,FAILED,CanTho,paid
T3313,C100352,2024-09-15 10:52:00,topup,49.65,0.05,utilities,True,COMPLETED,CanTho,paid
T3373,C100357,2024-09-15 11:05:00,transfer,23.4,0.05,entertainment,True,COMPLETED,DaNang,campaign
T1889,C100209,2024-09-15 12:01:00,pay,28.97,0.14,utilities,False,COMPLETED,CanTho,organic
T1195,C100132,2024-09-15 12:07:00,pay,45.13,0.23,other,False,COMPLETED,Hanoi,paid
T1451,C100167,2024-09-15 13:16:00,pay,48.75,0.24,groceries,True,COMPLETED,DaNang,paid
T1673,C100190,2024-09-15 14:22:00,topup,37.79,0.04,food_delivery,True,COMPLETED,CanTho,referral
T1854,C100208,2024-09-15 15:36:00,transfer,43.16,0.09,utilities,True,COMPLETED,Hanoi,organic
T2743,C100297,2024-09-15 15:54:00,pay,62.39,0.31,health,True,COMPLETED,HCMC,referral
T2751,C100297,2024-09-15 17:47:00,pay,42.73,0.21,utilities,True,COMPLETED,HCMC,referral
T818,C100086,2024-09-15 18:38:00,pay,20.23,0.1,utilities,True,COMPLETED,HCMC,organic
T2044,C100231,2024-09-15 20:17:00,topup,35.4,0.04,education,False,COMPLETED,HCMC,paid
T2089,C100237,2024-09-16 09:02:00,transfer,31.38,0.06,other,True,COMPLETED,HCMC,campaign
T1826,C100205,2024-09-16 10:15:00,transfer,56.8,0.11,electronics,False,COMPLETED,HCMC,organic
T2766,C100298,2024-09-16 10:21:00,pay,49.01,0.25,health,True,COMPLETED,DaNang,organic
T3974,C100415,2024-09-16 11:19:00,transfer,11.92,0.02,food_delivery,False,COMPLETED,HCMC,organic
T1284,C100142,2024-09-16 12:21:00,savings,79.2,0.0,transport,True,COMPLETED,HaiPhong,paid
T931,C100104,2024-09-16 13:21:00,savings,5.93,0.0,other,False,COMPLETED,HCMC,organic
T3302,C100349,2024-09-16 13:37:00,invest,21.0,0.01,electronics,True,COMPLETED,HCMC,organic
T3956,C100414,2024-09-16 14:46:00,pay,113.89,0.57,other,False,COMPLETED,HCMC,paid
T2573,C100279,2024-09-16 15:49:00,topup,13.31,0.01,other,False,COMPLETED,Hanoi,paid
T1753,C100201,2024-09-16 17:00:00,transfer,40.01,0.08,fashion,True,COMPLETED,Hanoi,paid
T761,C100081,2024-09-16 17:17:00,bill_pay,36.82,0.11,education,False,COMPLETED,HCMC,organic
T1561,C100175,2024-09-16 18:41:00,pay,11.43,0.06,electronics,True,COMPLETED,HaiPhong,campaign
T3022,C100320,2024-09-16 19:23:00,pay,42.95,0.21,entertainment,False,COMPLETED,CanTho,organic
T3013,C100320,2024-09-16 19:32:00,transfer,23.19,0.05,other,True,COMPLETED,CanTho,organic
T1542,C100173,2024-09-16 20:48:00,pay,27.97,0.14,fashion,False,FAILED,HCMC,organic
T786,C100085,2024-09-17 09:59:00,bill_pay,63.72,0.19,food_delivery,True,COMPLETED,HCMC,organic
T2736,C100295,2024-09-17 13:28:00,transfer,62.24,0.12,groceries,True,COMPLETED,HCMC,paid
T1958,C100219,2024-09-17 16:50:00,transfer,49.61,0.1,fashion,False,COMPLETED,CanTho,paid
T1448,C100167,2024-09-17 19:40:00,transfer,28.74,0.06,food_delivery,False,COMPLETED,DaNang,paid
T2394,C100266,2024-09-18 09:06:00,pay,21.51,0.11,utilities,False,COMPLETED,Hanoi,organic
T3432,C100363,2024-09-18 12:17:00,pay,25.7,0.13,utilities,False,COMPLETED,HCMC,paid
T1478,C100169,2024-09-18 13:28:00,savings,26.04,0.0,other,True,COMPLETED,Hanoi,referral
T683,C100072,2024-09-18 15:19:00,pay,101.14,0.51,groceries,True,COMPLETED,HCMC,organic
T623,C100058,2024-09-18 16:03:00,transfer,27.91,0.06,entertainment,False,FAILED,Hanoi,referral
T641,C100066,2024-09-18 16:58:00,pay,172.84,0.86,utilities,False,COMPLETED,HCMC,referral
T1524,C100173,2024-09-18 18:05:00,transfer,28.48,0.06,fashion,False,COMPLETED,HCMC,organic
T2455,C100270,2024-09-18 19:51:00,pay,18.19,0.09,fashion,False,FAILED,Hanoi,organic
T920,C100098,2024-09-18 20:52:00,pay,15.0,0.08,entertainment,False,COMPLETED,Hanoi,organic
T2804,C100299,2024-09-19 09:22:00,savings,22.74,0.0,groceries,False,COMPLETED,HCMC,organic
T3450,C100364,2024-09-19 10:59:00,pay,15.76,0.08,entertainment,False,COMPLETED,DaNang,referral
T3341,C100354,2024-09-19 12:28:00,transfer,22.79,0.05,utilities,True,COMPLETED,HCMC,paid
T2141,C100245,2024-09-19 16:01:00,transfer,9.47,0.02,groceries,False,COMPLETED,HCMC,organic
T2104,C100238,2024-09-19 16:10:00,transfer,16.64,0.03,health,False,COMPLETED,HCMC,paid
T3761,C100395,2024-09-19 19:09:00,bill_pay,26.2,0.08,entertainment,True,COMPLETED,Hanoi,organic
T2999,C100313,2024-09-19 19:31:00,transfer,14.23,0.03,fashion,True,COMPLETED,DaNang,organic
T1845,C100206,2024-09-19 20:04:00,transfer,55.93,0.11,transport,True,COMPLETED,Hanoi,paid
T2315,C100261,2024-09-20 09:29:00,transfer,28.84,0.06,food_delivery,True,COMPLETED,HCMC,organic
T3445,C100364,2024-09-20 09:58:00,pay,50.36,0.25,electronics,True,COMPLETED,DaNang,referral
T2070,C100236,2024-09-20 11:12:00,invest,8.62,0.0,groceries,False,COMPLETED,CanTho,organic
T4124,C100429,2024-09-20 13:17:00,pay,13.18,0.07,utilities,False,COMPLETED,HaiPhong,referral
T3583,C100376,2024-09-20 15:18:00,pay,34.77,0.17,health,False,COMPLETED,HCMC,paid
T2168,C100246,2024-09-20 17:32:00,transfer,38.89,0.08,utilities,True,COMPLETED,HCMC,referral
T1193,C100132,2024-09-20 17:50:00,topup,74.97,0.07,electronics,False,COMPLETED,Hanoi,paid
T1677,C100190,2024-09-20 18:28:00,savings,39.31,0.0,education,False,COMPLETED,CanTho,referral
T3728,C100391,2024-09-20 19:17:00,transfer,19.8,0.04,electronics,False,COMPLETED,HCMC,organic
T666,C100068,2024-09-20 19:32:00,pay,53.18,0.27,fashion,True,COMPLETED,HCMC,organic
T3262,C100343,2024-09-20 19:35:00,bill_pay,19.1,0.06,other,False,COMPLETED,Hanoi,campaign
T2234,C100255,2024-09-21 11:56:00,savings,31.79,0.0,utilities,False,COMPLETED,Hanoi,organic
T3507,C100367,2024-09-21 14:52:00,savings,36.01,0.0,electronics,True,COMPLETED,HCMC,paid
T1923,C100217,2024-09-21 15:36:00,transfer,15.0,0.03,education,True,COMPLETED,HCMC,paid
T59,C100010,2024-09-21 17:10:00,transfer,78.29,0.16,electronics,False,COMPLETED,HCMC,paid
T3000,C100313,2024-09-21 18:56:00,transfer,13.23,0.03,utilities,True,COMPLETED,DaNang,organic
T1862,C100208,2024-09-21 20:49:00,topup,18.71,0.02,transport,False,COMPLETED,Hanoi,organic
T158,C100023,2024-09-22 09:54:00,invest,14.73,0.01,utilities,False,COMPLETED,HCMC,paid
T1355,C100156,2024-09-22 10:12:00,pay,31.4,0.16,food_delivery,False,COMPLETED,Hanoi,organic
T87,C100013,2024-09-22 10:35:00,savings,15.38,0.0,fashion,False,COMPLETED,CanTho,organic
T2008,C100229,2024-09-22 13:35:00,transfer,21.32,0.04,entertainment,False,COMPLETED,HCMC,paid
T3670,C100388,2024-09-22 14:00:00,topup,19.82,0.02,electronics,False,COMPLETED,HCMC,referral
T2084,C100237,2024-09-22 14:22:00,transfer,67.55,0.14,education,False,COMPLETED,HCMC,campaign
T48,C100009,2024-09-22 16:19:00,transfer,26.88,0.05,transport,False,COMPLETED,Hanoi,organic
T2552,C100278,2024-09-22 18:47:00,pay,36.96,0.18,other,False,COMPLETED,HCMC,paid
T2674,C100293,2024-09-22 20:45:00,transfer,24.86,0.05,food_delivery,True,FAILED,Hanoi,paid
T314,C100036,2024-09-23 09:39:00,savings,16.9,0.0,other,False,COMPLETED,Hanoi,campaign
T1379,C100157,2024-09-23 11:47:00,transfer,95.29,0.19,entertainment,False,COMPLETED,Hanoi,referral
T892,C100094,2024-09-23 12:21:00,pay,87.34,0.44,entertainment,False,COMPLETED,CanTho,paid
T4197,C100438,2024-09-23 12:42:00,pay,27.78,0.14,food_delivery,True,COMPLETED,HCMC,paid
T1122,C100123,2024-09-23 13:03:00,transfer,116.11,0.23,utilities,True,COMPLETED,Hanoi,organic
T3397,C100359,2024-09-23 14:17:00,pay,56.36,0.28,electronics,True,COMPLETED,Hanoi,organic
T1924,C100217,2024-09-23 15:58:00,savings,41.66,0.0,other,True,COMPLETED,HCMC,paid
T2531,C100275,2024-09-23 18:02:00,savings,15.9,0.0,electronics,False,COMPLETED,Hanoi,paid
T2230,C100255,2024-09-23 18:02:00,invest,45.85,0.02,groceries,True,FAILED,Hanoi,organic
T3079,C100329,2024-09-23 19:24:00,invest,25.24,0.01,electronics,False,COMPLETED,HCMC,organic
T898,C100095,2024-09-23 19:27:00,savings,8.14,0.0,transport,False,COMPLETED,HCMC,campaign
T780,C100085,2024-09-24 09:59:00,bill_pay,16.96,0.05,transport,False,COMPLETED,HCMC,organic
T2242,C100256,2024-09-24 10:25:00,topup,17.13,0.02,other,False,COMPLETED,HCMC,organic
T291,C100034,2024-09-24 11:06:00,pay,20.01,0.1,education,False,COMPLETED,CanTho,referral
T1106,C100121,2024-09-24 14:28:00,transfer,37.83,0.08,utilities,True,COMPLETED,HCMC,organic
T3168,C100334,2024-09-24 15:29:00,transfer,56.72,0.11,groceries,False,COMPLETED,HCMC,organic
T2808,C100299,2024-09-24 19:30:00,pay,40.33,0.2,entertainment,False,COMPLETED,HCMC,organic
T1575,C100176,2024-09-25 13:53:00,bill_pay,22.48,0.07,electronics,False,COMPLETED,Hanoi,referral
T1279,C100142,2024-09-25 15:59:00,transfer,77.29,0.15,health,True,COMPLETED,HaiPhong,paid
T1211,C100133,2024-09-25 16:37:00,pay,44.89,0.22,other,False,COMPLETED,Hanoi,referral
T215,C100029,2024-09-25 20:01:00,savings,21.78,0.0,transport,False,COMPLETED,HaiPhong,organic
T3375,C100357,2024-09-26 09:06:00,pay,7.39,0.04,food_delivery,True,COMPLETED,DaNang,campaign
T3159,C100334,2024-09-26 10:23:00,savings,17.15,0.0,food_delivery,False,FAILED,HCMC,organic
T2490,C100272,2024-09-26 14:47:00,pay,17.06,0.09,health,False,COMPLETED,Hanoi,referral
T219,C100029,2024-09-26 17:46:00,pay,61.12,0.31,other,False,COMPLETED,HaiPhong,organic
T2425,C100269,2024-09-26 17:58:00,transfer,29.79,0.06,education,True,COMPLETED,Hanoi,organic
T1581,C100176,2024-09-26 18:33:00,savings,4.74,0.0,other,True,COMPLETED,Hanoi,referral
T3805,C100400,2024-09-26 19:03:00,pay,12.68,0.06,entertainment,False,FAILED,Hanoi,organic
T2680,C100293,2024-09-26 20:07:00,savings,12.04,0.0,groceries,False,COMPLETED,Hanoi,paid
T55,C100010,2024-09-27 09:28:00,pay,20.34,0.1,fashion,True,COMPLETED,HCMC,paid
T746,C100080,2024-09-27 09:36:00,savings,43.26,0.0,food_delivery,False,COMPLETED,HCMC,referral
T420,C100043,2024-09-27 10:09:00,pay,12.69,0.06,education,True,COMPLETED,DaNang,paid
T2597,C100284,2024-09-27 11:04:00,topup,9.7,0.01,education,False,COMPLETED,HaiPhong,paid
T3808,C100400,2024-09-27 11:57:00,pay,29.56,0.15,food_delivery,True,COMPLETED,Hanoi,organic
T734,C100080,2024-09-27 12:00:00,invest,149.35,0.07,health,True,COMPLETED,HCMC,referral
T2791,C100298,2024-09-27 12:14:00,pay,15.45,0.08,transport,True,COMPLETED,DaNang,organic
T4073,C100424,2024-09-27 13:37:00,pay,58.93,0.29,health,True,COMPLETED,HaiPhong,organic
T1088,C100121,2024-09-27 14:08:00,savings,27.0,0.0,transport,True,COMPLETED,HCMC,organic
T1056,C100119,2024-09-27 14:32:00,pay,16.79,0.08,fashion,False,COMPLETED,CanTho,organic
T3240,C100341,2024-09-27 15:12:00,pay,20.75,0.1,health,False,COMPLETED,Hanoi,organic
T3402,C100359,2024-09-27 16:27:00,transfer,27.41,0.05,other,False,COMPLETED,Hanoi,organic
T355,C100038,2024-09-27 18:14:00,transfer,27.13,0.05,other,False,COMPLETED,HCMC,organic
T2431,C100269,2024-09-28 09:07:00,transfer,86.68,0.17,groceries,False,COMPLETED,Hanoi,organic
T64,C100012,2024-09-28 09:14:00,invest,11.44,0.01,fashion,False,FAILED,HCMC,organic
T3556,C100374,2024-09-28 12:36:00,topup,45.55,0.05,health,True,COMPLETED,Hanoi,referral
T3065,C100327,2024-09-28 13:02:00,pay,23.27,0.12,education,True,COMPLETED,Hanoi,organic
T3649,C100386,2024-09-28 13:26:00,pay,15.75,0.08,utilities,False,COMPLETED,HCMC,organic
T2424,C100268,2024-09-28 15:02:00,pay,40.91,0.2,groceries,True,COMPLETED,Hanoi,referral
T2528,C100275,2024-09-28 18:19:00,transfer,32.68,0.07,other,True,COMPLETED,Hanoi,paid
T1218,C100133,2024-09-28 20:13:00,pay,99.78,0.5,fashion,True,COMPLETED,Hanoi,referral
T783,C100085,2024-09-29 12:57:00,invest,88.38,0.04,groceries,False,COMPLETED,HCMC,organic
T1608,C100179,2024-09-29 13:16:00,pay,31.08,0.16,entertainment,False,COMPLETED,HCMC,paid
T4065,C100424,2024-09-29 13:50:00,transfer,28.19,0.06,fashion,False,FAILED,HaiPhong,organic
T4186,C100437,2024-09-29 14:15:00,pay,41.31,0.21,food_delivery,False,COMPLETED,DaNang,organic
T3430,C100363,2024-09-29 18:11:00,transfer,23.23,0.05,groceries,False,COMPLETED,HCMC,paid
T4049,C100422,2024-09-29 18:38:00,transfer,10.21,0.02,education,True,COMPLETED,Hanoi,organic
T26,C100008,2024-09-29 18:56:00,topup,77.33,0.08,other,True,COMPLETED,Hanoi,organic
T1052,C100119,2024-09-29 20:50:00,transfer,57.67,0.12,other,False,COMPLETED,CanTho,organic
T2742,C100297,2024-09-30 10:15:00,bill_pay,81.96,0.25,education,False,COMPLETED,HCMC,referral
T1359,C100156,2024-09-30 10:31:00,pay,21.9,0.11,health,True,COMPLETED,Hanoi,organic
T2862,C100307,2024-09-30 11:05:00,pay,51.27,0.26,other,False,COMPLETED,HCMC,organic
T2288,C100257,2024-09-30 17:09:00,bill_pay,45.45,0.14,health,True,COMPLETED,DaNang,paid
T2744,C100297,2024-09-30 17:12:00,bill_pay,66.32,0.2,transport,False,COMPLETED,HCMC,referral
T1615,C100179,2024-09-30 17:14:00,pay,40.9,0.2,food_delivery,False,COMPLETED,HCMC,paid
T465,C100045,2024-09-30 17:56:00,transfer,6.88,0.01,groceries,True,COMPLETED,CanTho,paid
T1741,C100200,2024-09-30 18:09:00,pay,17.4,0.09,food_delivery,False,COMPLETED,CanTho,organic
T3026,C100320,2024-10-01 09:43:00,transfer,35.1,0.07,electronics,False,COMPLETED,CanTho,organic
T704,C100075,2024-10-01 10:48:00,pay,47.24,0.24,groceries,True,COMPLETED,Hanoi,organic
T1387,C100157,2024-10-01 11:08:00,transfer,40.77,0.08,utilities,False,COMPLETED,Hanoi,referral
T445,C100044,2024-10-01 12:02:00,topup,21.53,0.02,electronics,False,COMPLETED,Hanoi,organic
T2522,C100275,2024-10-01 12:33:00,transfer,101.13,0.2,education,True,COMPLETED,Hanoi,paid
T3464,C100366,2024-10-01 13:51:00,pay,38.63,0.19,entertainment,False,COMPLETED,Hanoi,organic
T3794,C100400,2024-10-01 14:42:00,transfer,70.3,0.14,utilities,True,COMPLETED,Hanoi,organic
T3156,C100334,2024-10-01 15:30:00,transfer,24.88,0.05,health,False,COMPLETED,HCMC,organic
T4080,C100424,2024-10-01 16:05:00,transfer,72.51,0.15,utilities,True,COMPLETED,HaiPhong,organic
T804,C100085,2024-10-01 18:36:00,topup,26.61,0.03,education,False,COMPLETED,HCMC,organic
T2977,C100313,2024-10-01 19:09:00,transfer,63.29,0.13,electronics,False,COMPLETED,DaNang,organic
T2303,C100258,2024-10-01 19:26:00,transfer,102.39,0.2,electronics,False,COMPLETED,HCMC,paid
T1290,C100142,2024-10-01 19:40:00,pay,27.98,0.14,other,True,COMPLETED,HaiPhong,paid
T4128,C100429,2024-10-01 20:01:00,invest,5.25,0.0,food_delivery,False,COMPLETED,HaiPhong,referral
T250,C100032,2024-10-01 20:35:00,pay,36.24,0.18,entertainment,False,COMPLETED,Hanoi,paid
T45,C100009,2024-10-02 11:37:00,savings,22.73,0.0,fashion,True,COMPLETED,Hanoi,organic
T1173,C100129,2024-10-02 12:38:00,pay,20.76,0.1,education,False,COMPLETED,HCMC,organic
T3540,C100372,2024-10-02 13:06:00,savings,15.61,0.0,education,False,COMPLETED,HCMC,referral
T3389,C100359,2024-10-02 13:40:00,invest,28.98,0.01,health,False,COMPLETED,Hanoi,organic
T3918,C100408,2024-10-02 14:31:00,pay,13.16,0.07,fashion,True,COMPLETED,HaiPhong,organic
T1113,C100123,2024-10-02 15:04:00,pay,23.98,0.12,electronics,False,COMPLETED,Hanoi,organic
T3478,C100366,2024-10-02 16:27:00,savings,12.91,0.0,utilities,True,COMPLETED,Hanoi,organic
T3564,C100374,2024-10-02 17:44:00,savings,171.33,0.0,other,False,COMPLETED,Hanoi,referral
T1796,C100204,2024-10-02 18:53:00,transfer,44.48,0.09,groceries,False,COMPLETED,Hanoi,campaign
T2828,C100301,2024-10-02 19:21:00,savings,49.48,0.0,electronics,False,COMPLETED,HCMC,organic
T1808,C100204,2024-10-02 19:33:00,transfer,28.96,0.06,electronics,False,COMPLETED,Hanoi,campaign
T852,C100091,2024-10-02 20:12:00,pay,117.38,0.59,education,False,COMPLETED,Hanoi,paid
T3162,C100334,2024-10-02 20:53:00,transfer,100.23,0.2,electronics,False,COMPLETED,HCMC,organic
T942,C100106,2024-10-03 09:28:00,transfer,12.97,0.03,fashion,False,COMPLETED,CanTho,campaign
T2962,C100312,2024-10-03 09:40:00,transfer,21.1,0.04,entertainment,False,COMPLETED,HCMC,campaign
T2350,C100264,2024-10-03 09:43:00,savings,33.75,0.0,food_delivery,False,COMPLETED,HCMC,organic
T4085,C100425,2024-10-03 11:59:00,pay,16.01,0.08,food_delivery,False,COMPLETED,HCMC,organic
T3746,C100395,2024-10-03 13:29:00,pay,8.83,0.04,groceries,True,COMPLETED,Hanoi,organic
T2032,C100231,2024-10-03 19:44:00,savings,19.41,0.0,education,True,COMPLETED,HCMC,paid
T1859,C100208,2024-10-04 12:46:00,savings,28.84,0.0,transport,False,COMPLETED,Hanoi,organic
T1910,C100214,2024-10-04 13:06:00,transfer,98.22,0.2,education,True,COMPLETED,CanTho,organic
T3857,C100404,2024-10-04 14:02:00,bill_pay,28.2,0.08,entertainment,True,COMPLETED,HCMC,organic
T4108,C100425,2024-10-04 16:38:00,bill_pay,35.52,0.11,groceries,True,COMPLETED,HCMC,organic
T2489,C100272,2024-10-04 16:59:00,pay,75.18,0.38,health,True,COMPLETED,Hanoi,referral
T369,C100039,2024-10-04 17:47:00,pay,31.04,0.16,groceries,True,COMPLETED,HCMC,referral
T3023,C100320,2024-10-04 17:49:00,pay,66.29,0.33,health,False,COMPLETED,CanTho,organic
T3789,C100397,2024-10-04 19:03:00,pay,10.91,0.05,electronics,True,COMPLETED,HCMC,paid
T3317,C100352,2024-10-04 19:38:00,transfer,13.92,0.03,groceries,False,COMPLETED,CanTho,paid
T3990,C100418,2024-10-04 19:52:00,pay,31.3,0.16,electronics,False,COMPLETED,CanTho,campaign
T1806,C100204,2024-10-05 09:37:00,savings,15.46,0.0,other,True,COMPLETED,Hanoi,campaign
T3203,C100340,2024-10-05 10:22:00,pay,28.98,0.14,education,True,COMPLETED,HCMC,organic
T4226,C100440,2024-10-05 10:40:00,pay,14.04,0.07,education,True,COMPLETED,CanTho,campaign
T2749,C100297,2024-10-05 11:29:00,invest,22.47,0.01,electronics,False,COMPLETED,HCMC,referral
T2874,C100308,2024-10-05 12:20:00,bill_pay,87.78,0.26,transport,True,COMPLETED,HCMC,paid
T1781,C100203,2024-10-05 14:44:00,pay,24.25,0.12,utilities,False,COMPLETED,Hanoi,organic
T3116,C100331,2024-10-05 14:51:00,savings,67.52,0.0,electronics,False,COMPLETED,Hanoi,campaign
T99,C100017,2024-10-05 17:20:00,pay,23.74,0.12,groceries,True,COMPLETED,HCMC,organic
T2248,C100256,2024-10-05 19:26:00,pay,74.7,0.37,food_delivery,True,COMPLETED,HCMC,organic
T2790,C100298,2024-10-05 20:05:00,transfer,18.74,0.04,other,False,COMPLETED,DaNang,organic
T3354,C100356,2024-10-06 09:21:00,pay,54.88,0.27,groceries,False,FAILED,HCMC,organic
T2998,C100313,2024-10-06 11:47:00,savings,38.69,0.0,fashion,False,COMPLETED,DaNang,organic
T3875,C100405,2024-10-06 12:06:00,transfer,54.45,0.11,fashion,False,COMPLETED,HCMC,campaign
T3104,C100330,2024-10-06 12:31:00,pay,44.81,0.22,transport,True,COMPLETED,CanTho,paid
T2614,C100286,2024-10-06 12:47:00,bill_pay,37.75,0.11,electronics,False,COMPLETED,DaNang,organic
T506,C100048,2024-10-06 12:54:00,savings,27.59,0.0,food_delivery,False,COMPLETED,HCMC,organic
T2159,C100246,2024-10-06 16:07:00,pay,140.34,0.7,education,True,COMPLETED,HCMC,referral
T2994,C100313,2024-10-06 17:02:00,pay,20.89,0.1,fashion,False,COMPLETED,DaNang,organic
T3242,C100341,2024-10-06 18:09:00,transfer,79.32,0.16,food_delivery,False,COMPLETED,Hanoi,organic
T2321,C100261,2024-10-06 18:14:00,invest,36.49,0.02,fashion,False,COMPLETED,HCMC,organic
T1032,C100118,2024-10-06 18:24:00,pay,29.87,0.15,electronics,False,COMPLETED,Hanoi,organic
T4270,C100446,2024-10-06 19:50:00,savings,10.18,0.0,food_delivery,True,COMPLETED,HCMC,organic
T4195,C100437,2024-10-06 19:51:00,invest,25.87,0.01,entertainment,False,COMPLETED,DaNang,organic
T3425,C100360,2024-10-07 10:15:00,topup,25.01,0.03,utilities,True,COMPLETED,HaiPhong,campaign
T2708,C100294,2024-10-07 11:03:00,transfer,103.18,0.21,utilities,False,COMPLETED,Hanoi,paid
T1801,C100204,2024-10-07 11:40:00,pay,94.0,0.47,transport,True,COMPLETED,Hanoi,campaign
T2650,C100291,2024-10-07 11:56:00,topup,33.08,0.03,health,False,COMPLETED,HCMC,organic
T4101,C100425,2024-10-07 13:51:00,transfer,18.84,0.04,utilities,False,COMPLETED,HCMC,organic
T558,C100053,2024-10-07 13:53:00,transfer,43.91,0.09,electronics,False,COMPLETED,Hanoi,paid
T1872,C100208,2024-10-07 15:25:00,savings,15.42,0.0,entertainment,True,COMPLETED,Hanoi,organic
T2074,C100237,2024-10-07 16:08:00,pay,9.16,0.05,food_delivery,False,COMPLETED,HCMC,campaign
T2524,C100275,2024-10-07 18:17:00,pay,25.28,0.13,entertainment,False,COMPLETED,Hanoi,paid
T3851,C100404,2024-10-07 19:26:00,pay,48.01,0.24,utilities,True,COMPLETED,HCMC,organic
T3243,C100342,2024-10-07 19:45:00,savings,34.35,0.0,fashion,False,COMPLETED,HCMC,organic
T1528,C100173,2024-10-07 20:47:00,transfer,44.17,0.09,entertainment,False,COMPLETED,HCMC,organic
T1228,C100133,2024-10-08 09:36:00,transfer,39.69,0.08,other,False,COMPLETED,Hanoi,referral
T3963,C100414,2024-10-08 10:55:00,pay,22.08,0.11,utilities,False,COMPLETED,HCMC,paid
T3027,C100320,2024-10-08 12:18:00,pay,25.27,0.13,utilities,False,COMPLETED,CanTho,organic
T3036,C100322,2024-10-08 13:18:00,transfer,83.07,0.17,transport,True,COMPLETED,HCMC,paid
T548,C100053,2024-10-08 13:44:00,bill_pay,13.83,0.04,fashion,False,COMPLETED,Hanoi,paid
T3977,C100415,2024-10-08 13:59:00,savings,32.14,0.0,other,True,FAILED,HCMC,organic
T2446,C100270,2024-10-08 16:15:00,pay,28.48,0.14,utilities,True,COMPLETED,Hanoi,organic
T222,C100029,2024-10-08 16:45:00,pay,103.98,0.52,utilities,False,COMPLETED,HaiPhong,organic
T1592,C100179,2024-10-08 17:45:00,pay,25.86,0.13,other,False,COMPLETED,HCMC,paid
T14,C100003,2024-10-09 10:07:00,savings,51.21,0.0,entertainment,True,COMPLETED,Hanoi,organic
T3377,C100357,2024-10-09 14:00:00,transfer,35.82,0.07,fashion,False,COMPLETED,DaNang,campaign
T2640,C100287,2024-10-09 15:41:00,savings,32.4,0.0,entertainment,True,COMPLETED,CanTho,organic
T2850,C100305,2024-10-09 15:41:00,pay,16.62,0.08,health,True,COMPLETED,Hanoi,campaign
T4249,C100444,2024-10-09 15:53:00,pay,40.6,0.2,food_delivery,True,COMPLETED,Hanoi,organic
T2387,C100266,2024-10-09 16:26:00,savings,25.24,0.0,education,False,COMPLETED,Hanoi,organic
T2221,C100255,2024-10-09 17:54:00,topup,37.27,0.04,transport,False,COMPLETED,Hanoi,organic
T4338,C100456,2024-10-09 20:02:00,pay,20.15,0.1,entertainment,False,COMPLETED,HCMC,organic
T4312,C100452,2024-10-09 20:20:00,transfer,27.6,0.06,transport,False,COMPLETED,Hanoi,organic
T281,C100034,2024-10-09 20:56:00,transfer,11.74,0.02,fashion,False,COMPLETED,CanTho,referral
T1832,C100205,2024-10-10 09:29:00,transfer,31.07,0.06,fashion,True,COMPLETED,HCMC,organic
T4081,C100425,2024-10-10 12:05:00,pay,6.02,0.03,fashion,True,COMPLETED,HCMC,organic
T1060,C100119,2024-10-10 12:07:00,pay,67.87,0.34,transport,False,COMPLETED,CanTho,organic
T3677,C100389,2024-10-10 13:07:00,invest,86.09,0.04,transport,True,COMPLETED,Hanoi,referral
T3969,C100415,2024-10-10 13:11:00,savings,6.2,0.0,education,True,COMPLETED,HCMC,organic
T2624,C100286,2024-10-10 13:42:00,transfer,40.39,0.08,utilities,True,COMPLETED,DaNang,organic
T4091,C100425,2024-10-10 13:47:00,transfer,20.51,0.04,education,True,COMPLETED,HCMC,organic
T1637,C100184,2024-10-10 14:26:00,savings,6.42,0.0,electronics,False,COMPLETED,HaiPhong,organic
T2083,C100237,2024-10-10 16:22:00,pay,27.72,0.14,other,False,COMPLETED,HCMC,campaign
T4094,C100425,2024-10-10 19:47:00,topup,34.91,0.03,electronics,False,COMPLETED,HCMC,organic
T2052,C100236,2024-10-11 15:56:00,pay,248.2,1.24,food_delivery,False,COMPLETED,CanTho,organic
T3495,C100367,2024-10-11 16:56:00,savings,24.83,0.0,fashion,True,COMPLETED,HCMC,paid
T4258,C100444,2024-10-11 20:02:00,savings,31.29,0.0,food_delivery,True,COMPLETED,Hanoi,organic
T890,C100094,2024-10-12 09:59:00,pay,41.53,0.21,health,True,COMPLETED,CanTho,paid
T2121,C100239,2024-10-12 10:27:00,pay,30.48,0.15,entertainment,False,COMPLETED,HaiPhong,organic
T1940,C100218,2024-10-12 10:33:00,transfer,35.55,0.07,other,False,COMPLETED,HCMC,referral
T2085,C100237,2024-10-12 10:42:00,topup,23.9,0.02,utilities,False,COMPLETED,HCMC,campaign
T2250,C100256,2024-10-12 13:05:00,pay,24.59,0.12,other,True,COMPLETED,HCMC,organic
T4363,C100459,2024-10-12 14:03:00,transfer,25.68,0.05,utilities,False,COMPLETED,Hanoi,campaign
T4123,C100429,2024-10-12 14:26:00,bill_pay,8.38,0.03,utilities,False,COMPLETED,HaiPhong,referral
T2127,C100239,2024-10-12 14:33:00,invest,73.86,0.04,fashion,False,COMPLETED,HaiPhong,organic
T511,C100048,2024-10-12 15:22:00,savings,86.87,0.0,other,False,COMPLETED,HCMC,organic
T2429,C100269,2024-10-12 18:41:00,topup,39.02,0.04,food_delivery,False,COMPLETED,Hanoi,organic
T3094,C100330,2024-10-12 19:20:00,savings,59.16,0.0,utilities,False,COMPLETED,CanTho,paid
T3232,C100341,2024-10-13 09:14:00,savings,5.77,0.0,food_delivery,False,COMPLETED,Hanoi,organic
T3015,C100320,2024-10-13 09:54:00,pay,23.58,0.12,education,False,COMPLETED,CanTho,organic
T1553,C100175,2024-10-13 11:55:00,pay,21.03,0.11,groceries,False,COMPLETED,HaiPhong,campaign
T2481,C100271,2024-10-13 12:30:00,bill_pay,16.68,0.05,other,True,COMPLETED,HCMC,paid
T2854,C100307,2024-10-13 12:32:00,invest,39.24,0.02,utilities,True,COMPLETED,HCMC,organic
T3957,C100414,2024-10-13 12:59:00,transfer,64.79,0.13,fashion,False,COMPLETED,HCMC,paid
T3812,C100400,2024-10-13 14:07:00,pay,24.07,0.12,other,False,COMPLETED,Hanoi,organic
T3873,C100405,2024-10-13 16:16:00,pay,42.84,0.21,education,True,FAILED,HCMC,campaign
T823,C100086,2024-10-13 17:34:00,transfer,80.19,0.16,education,False,COMPLETED,HCMC,organic
T1442,C100166,2024-10-13 18:51:00,savings,10.21,0.0,groceries,False,COMPLETED,HCMC,referral
T855,C100091,2024-10-13 20:06:00,pay,10.97,0.05,food_delivery,False,COMPLETED,Hanoi,paid
T645,C100068,2024-10-14 14:03:00,pay,199.77,1.0,entertainment,False,COMPLETED,HCMC,organic
T3681,C100389,2024-10-14 14:11:00,pay,61.38,0.31,groceries,True,COMPLETED,Hanoi,referral
T964,C100111,2024-10-14 15:58:00,transfer,40.88,0.08,health,True,COMPLETED,HCMC,organic
T156,C100022,2024-10-14 16:03:00,pay,7.18,0.04,groceries,False,COMPLETED,HCMC,organic
T979,C100113,2024-10-14 16:20:00,bill_pay,80.63,0.24,health,True,COMPLETED,HaiPhong,organic
T1342,C100154,2024-10-14 17:38:00,transfer,4.72,0.01,fashion,False,COMPLETED,Hanoi,organic
T4179,C100437,2024-10-15 13:45:00,savings,58.74,0.0,groceries,False,COMPLETED,DaNang,organic
T4071,C100424,2024-10-15 15:55:00,transfer,55.61,0.11,education,True,COMPLETED,HaiPhong,organic
T2959,C100312,2024-10-15 18:00:00,topup,21.87,0.02,utilities,False,COMPLETED,HCMC,campaign
T3404,C100359,2024-10-15 18:29:00,transfer,10.63,0.02,utilities,True,COMPLETED,Hanoi,organic
T2786,C100298,2024-10-15 18:46:00,transfer,19.21,0.04,transport,False,COMPLETED,DaNang,organic
T4413,C100466,2024-10-16 12:54:00,pay,22.33,0.11,fashion,True,COMPLETED,HCMC,paid
T3446,C100364,2024-10-16 13:47:00,bill_pay,24.0,0.07,entertainment,False,COMPLETED,DaNang,referral
T4334,C100453,2024-10-16 17:54:00,transfer,55.75,0.11,utilities,False,COMPLETED,Hanoi,paid
T1650,C100186,2024-10-17 18:36:00,transfer,17.18,0.03,education,False,COMPLETED,HCMC,referral
T733,C100080,2024-10-17 18:57:00,pay,80.66,0.4,transport,True,COMPLETED,HCMC,referral
T930,C100104,2024-10-18 12:23:00,pay,34.22,0.17,electronics,True,COMPLETED,HCMC,organic
T3150,C100334,2024-10-18 14:06:00,transfer,40.81,0.08,health,False,COMPLETED,HCMC,organic
T3912,C100408,2024-10-18 14:28:00,savings,56.58,0.0,entertainment,True,COMPLETED,HaiPhong,organic
T993,C100115,2024-10-18 16:34:00,pay,10.73,0.05,other,False,COMPLETED,HCMC,referral
T4252,C100444,2024-10-18 17:35:00,pay,28.98,0.14,food_delivery,True,COMPLETED,Hanoi,organic
T3535,C100370,2024-10-18 18:29:00,pay,12.62,0.06,fashion,False,COMPLETED,Hanoi,organic
T817,C100086,2024-10-18 19:23:00,transfer,47.56,0.1,food_delivery,False,COMPLETED,HCMC,organic
T4242,C100440,2024-10-19 12:03:00,pay,8.9,0.04,other,False,COMPLETED,CanTho,campaign
T2537,C100275,2024-10-19 13:44:00,pay,44.26,0.22,groceries,True,COMPLETED,Hanoi,paid
T2980,C100313,2024-10-19 13:53:00,pay,5.23,0.03,electronics,True,COMPLETED,DaNang,organic
T2087,C100237,2024-10-19 14:46:00,bill_pay,18.68,0.06,other,False,COMPLETED,HCMC,campaign
T1207,C100132,2024-10-19 14:55:00,transfer,10.81,0.02,groceries,False,COMPLETED,Hanoi,paid
T3800,C100400,2024-10-19 15:03:00,bill_pay,12.19,0.04,fashion,True,COMPLETED,Hanoi,organic
T1526,C100173,2024-10-19 16:47:00,savings,28.96,0.0,food_delivery,True,COMPLETED,HCMC,organic
T4156,C100435,2024-10-19 17:35:00,transfer,13.92,0.03,education,False,COMPLETED,Hanoi,paid
T1452,C100167,2024-10-20 09:00:00,transfer,49.41,0.1,electronics,True,COMPLETED,DaNang,paid
T2308,C100260,2024-10-20 09:56:00,pay,28.13,0.14,health,False,COMPLETED,DaNang,organic
T1626,C100184,2024-10-20 10:30:00,pay,12.44,0.06,electronics,False,COMPLETED,HaiPhong,organic
T3929,C100412,2024-10-20 14:11:00,pay,8.44,0.04,groceries,True,COMPLETED,HaiPhong,paid
T4419,C100467,2024-10-20 16:34:00,transfer,33.66,0.07,food_delivery,True,COMPLETED,Hanoi,organic
T1846,C100206,2024-10-20 18:46:00,pay,13.93,0.07,other,True,COMPLETED,Hanoi,paid
T3281,C100348,2024-10-21 10:20:00,pay,53.87,0.27,utilities,False,COMPLETED,HCMC,paid
T1051,C100119,2024-10-21 10:34:00,pay,246.53,1.23,entertainment,False,COMPLETED,CanTho,organic
T4290,C100451,2024-10-21 14:29:00,transfer,17.24,0.03,health,False,COMPLETED,Hanoi,organic
T2936,C100310,2024-10-21 18:13:00,savings,50.54,0.0,entertainment,False,COMPLETED,HCMC,paid
T3732,C100391,2024-10-21 19:22:00,transfer,3.86,0.01,other,True,COMPLETED,HCMC,organic
T3847,C100404,2024-10-21 19:48:00,bill_pay,16.12,0.05,transport,False,COMPLETED,HCMC,organic
T256,C100032,2024-10-21 19:54:00,pay,17.59,0.09,education,True,COMPLETED,Hanoi,paid
T436,C100044,2024-10-22 09:37:00,bill_pay,94.29,0.28,health,True,COMPLETED,Hanoi,organic
T3995,C100419,2024-10-22 11:01:00,transfer,32.84,0.07,utilities,False,COMPLETED,Hanoi,referral
T3967,C100415,2024-10-22 13:40:00,pay,61.41,0.31,transport,False,COMPLETED,HCMC,organic
T4361,C100459,2024-10-22 14:51:00,bill_pay,22.1,0.07,food_delivery,False,COMPLETED,Hanoi,campaign
T245,C100032,2024-10-22 14:55:00,bill_pay,29.01,0.09,fashion,False,COMPLETED,Hanoi,paid
T1980,C100223,2024-10-22 16:09:00,pay,12.19,0.06,transport,True,COMPLETED,HCMC,referral
T4137,C100435,2024-10-22 16:15:00,pay,30.44,0.15,other,False,COMPLETED,Hanoi,paid
T2037,C100231,2024-10-22 16:47:00,pay,39.3,0.2,health,False,COMPLETED,HCMC,paid
T620,C100058,2024-10-22 17:24:00,transfer,20.82,0.04,education,False,COMPLETED,Hanoi,referral
T1481,C100169,2024-10-23 09:03:00,pay,45.27,0.23,health,False,COMPLETED,Hanoi,referral
T3219,C100341,2024-10-23 09:18:00,savings,35.95,0.0,electronics,False,COMPLETED,Hanoi,organic
T1223,C100133,2024-10-23 09:53:00,topup,6.32,0.01,education,False,COMPLETED,Hanoi,referral
T1888,C100209,2024-10-23 11:18:00,transfer,66.35,0.13,utilities,False,COMPLETED,CanTho,organic
T4145,C100435,2024-10-23 13:11:00,pay,30.09,0.15,transport,True,COMPLETED,Hanoi,paid
T380,C100039,2024-10-23 13:20:00,pay,57.69,0.29,fashion,False,COMPLETED,HCMC,referral
T2045,C100231,2024-10-23 13:35:00,pay,16.98,0.08,food_delivery,False,COMPLETED,HCMC,paid
T1131,C100125,2024-10-23 14:22:00,bill_pay,15.39,0.05,entertainment,True,COMPLETED,HCMC,referral
T2928,C100310,2024-10-23 16:11:00,transfer,5.17,0.01,electronics,False,COMPLETED,HCMC,paid
T640,C100066,2024-10-23 17:11:00,invest,48.38,0.02,entertainment,False,COMPLETED,HCMC,referral
T1975,C100222,2024-10-23 18:49:00,topup,39.69,0.04,transport,False,COMPLETED,DaNang,organic
T3909,C100408,2024-10-23 19:37:00,savings,11.66,0.0,transport,True,COMPLETED,HaiPhong,organic
T2212,C100252,2024-10-24 09:03:00,bill_pay,44.92,0.13,utilities,True,COMPLETED,DaNang,paid
T4326,C100452,2024-10-24 09:51:00,transfer,48.7,0.1,education,False,COMPLETED,Hanoi,organic
T4386,C100460,2024-10-24 13:34:00,transfer,16.44,0.03,other,False,COMPLETED,HCMC,organic
T2840,C100304,2024-10-24 14:37:00,transfer,19.42,0.04,electronics,True,COMPLETED,HCMC,organic
T3393,C100359,2024-10-24 16:56:00,pay,35.9,0.18,health,False,COMPLETED,Hanoi,organic
T244,C100032,2024-10-24 17:23:00,transfer,19.56,0.04,entertainment,True,COMPLETED,Hanoi,paid
T2436,C100269,2024-10-24 18:03:00,pay,57.8,0.29,groceries,False,COMPLETED,Hanoi,organic
T1851,C100206,2024-10-24 18:46:00,bill_pay,31.07,0.09,education,False,COMPLETED,Hanoi,paid
T2626,C100286,2024-10-24 20:58:00,pay,21.27,0.11,groceries,True,COMPLETED,DaNang,organic
T1243,C100134,2024-10-25 09:40:00,transfer,27.56,0.06,fashion,False,COMPLETED,HCMC,organic
T1999,C100223,2024-10-25 10:12:00,transfer,25.76,0.05,utilities,False,COMPLETED,HCMC,referral
T3117,C100331,2024-10-25 11:21:00,pay,54.24,0.27,utilities,False,COMPLETED,Hanoi,campaign
T3289,C100348,2024-10-25 12:28:00,pay,28.11,0.14,education,True,COMPLETED,HCMC,paid
T652,C100068,2024-10-25 14:30:00,transfer,85.35,0.17,health,False,COMPLETED,HCMC,organic
T3955,C100414,2024-10-25 17:59:00,pay,31.95,0.16,other,False,COMPLETED,HCMC,paid
T3852,C100404,2024-10-25 19:43:00,pay,23.44,0.12,other,False,COMPLETED,HCMC,organic
T2882,C100308,2024-10-26 09:05:00,pay,14.8,0.07,other,True,COMPLETED,HCMC,paid
T949,C100107,2024-10-26 11:23:00,pay,24.82,0.12,transport,True,COMPLETED,HCMC,referral
T3613,C100380,2024-10-26 12:02:00,pay,22.13,0.11,health,False,COMPLETED,HCMC,referral
T1840,C100206,2024-10-26 14:24:00,transfer,75.44,0.15,transport,False,COMPLETED,Hanoi,paid
T518,C100048,2024-10-26 14:35:00,pay,26.62,0.13,transport,False,COMPLETED,HCMC,organic
T1069,C100120,2024-10-26 15:40:00,transfer,42.65,0.09,health,False,COMPLETED,HCMC,paid
T315,C100036,2024-10-26 16:38:00,pay,65.94,0.33,entertainment,True,COMPLETED,Hanoi,campaign
T1795,C100204,2024-10-26 18:32:00,transfer,32.33,0.06,entertainment,True,COMPLETED,Hanoi,campaign
T3008,C100318,2024-10-26 19:18:00,transfer,31.68,0.06,food_delivery,False,COMPLETED,CanTho,organic
T1099,C100121,2024-10-26 19:51:00,pay,83.17,0.42,groceries,True,COMPLETED,HCMC,organic
T4015,C100419,2024-10-26 20:48:00,bill_pay,12.32,0.04,fashion,True,COMPLETED,Hanoi,referral
T596,C100058,2024-10-27 14:50:00,pay,38.0,0.19,health,False,COMPLETED,Hanoi,referral
T3370,C100357,2024-10-27 15:25:00,transfer,33.45,0.07,health,False,COMPLETED,DaNang,campaign
T2295,C100258,2024-10-27 17:23:00,savings,61.02,0.0,utilities,False,COMPLETED,HCMC,paid
T2934,C100310,2024-10-28 09:42:00,pay,53.88,0.27,food_delivery,True,COMPLETED,HCMC,paid
T2727,C100295,2024-10-28 10:23:00,transfer,27.52,0.06,health,False,COMPLETED,HCMC,paid
T322,C100037,2024-10-28 11:15:00,pay,21.87,0.11,health,True,COMPLETED,DaNang,paid
T2817,C100301,2024-10-28 11:38:00,transfer,95.53,0.19,food_delivery,False,COMPLETED,HCMC,organic
T2831,C100304,2024-10-28 12:46:00,topup,21.16,0.02,electronics,True,COMPLETED,HCMC,organic
T3482,C100366,2024-10-28 13:31:00,transfer,22.97,0.05,education,True,COMPLETED,Hanoi,organic
T1155,C100129,2024-10-28 13:42:00,invest,46.54,0.02,utilities,False,COMPLETED,HCMC,organic
T2601,C100286,2024-10-28 14:39:00,savings,30.5,0.0,education,False,COMPLETED,DaNang,organic
T2740,C100295,2024-10-28 16:43:00,transfer,54.13,0.11,food_delivery,True,COMPLETED,HCMC,paid
T227,C100029,2024-10-28 18:43:00,pay,10.47,0.05,transport,False,COMPLETED,HaiPhong,organic
T1814,C100205,2024-10-28 18:56:00,pay,13.45,0.07,utilities,False,COMPLETED,HCMC,organic
T1245,C100134,2024-10-28 19:49:00,pay,22.49,0.11,health,True,COMPLETED,HCMC,organic
T1802,C100204,2024-10-29 10:12:00,transfer,82.64,0.17,utilities,True,COMPLETED,Hanoi,campaign
T3692,C100389,2024-10-29 12:39:00,pay,43.35,0.22,other,True,COMPLETED,Hanoi,referral
T799,C100085,2024-10-29 12:53:00,transfer,54.11,0.11,groceries,True,COMPLETED,HCMC,organic
T743,C100080,2024-10-29 12:55:00,pay,152.96,0.76,fashion,True,COMPLETED,HCMC,referral
T2262,C100256,2024-10-29 13:03:00,transfer,51.39,0.1,utilities,False,COMPLETED,HCMC,organic
T482,C100046,2024-10-29 13:56:00,savings,50.28,0.0,health,True,COMPLETED,Hanoi,organic
T4421,C100467,2024-10-29 14:27:00,savings,72.82,0.0,groceries,True,COMPLETED,Hanoi,organic
T3919,C100409,2024-10-29 14:47:00,savings,21.49,0.0,other,True,COMPLETED,HCMC,paid
T981,C100115,2024-10-29 15:52:00,pay,25.05,0.13,entertainment,False,COMPLETED,HCMC,referral
T1960,C100222,2024-10-29 17:37:00,pay,19.95,0.1,groceries,False,COMPLETED,DaNang,organic
T4104,C100425,2024-10-29 17:37:00,invest,23.02,0.01,fashion,True,COMPLETED,HCMC,organic
T1931,C100217,2024-10-29 18:26:00,pay,38.09,0.19,education,False,COMPLETED,HCMC,paid
T1053,C100119,2024-10-30 09:06:00,transfer,27.92,0.06,electronics,False,COMPLETED,CanTho,organic
T3756,C100395,2024-10-30 10:30:00,savings,30.45,0.0,transport,True,COMPLETED,Hanoi,organic
T1007,C100115,2024-10-30 13:45:00,pay,23.46,0.12,food_delivery,False,COMPLETED,HCMC,referral
T629,C100059,2024-10-30 13:58:00,pay,34.32,0.17,other,True,COMPLETED,Hanoi,organic
T4044,C100422,2024-10-30 14:15:00,savings,46.46,0.0,groceries,False,COMPLETED,Hanoi,organic
T1977,C100222,2024-10-30 14:19:00,savings,15.45,0.0,entertainment,False,COMPLETED,DaNang,organic
T1591,C100179,2024-10-30 16:11:00,pay,12.36,0.06,entertainment,False,COMPLETED,HCMC,paid
T2919,C100309,2024-10-30 16:14:00,pay,27.91,0.14,groceries,True,COMPLETED,HCMC,paid
T4134,C100432,2024-10-30 18:19:00,pay,7.66,0.04,health,False,COMPLETED,Hanoi,referral
T1718,C100196,2024-10-30 20:30:00,bill_pay,90.7,0.27,education,False,COMPLETED,HCMC,organic
T808,C100086,2024-10-31 09:00:00,savings,170.48,0.0,electronics,False,COMPLETED,HCMC,organic
T3452,C100364,2024-10-31 09:08:00,transfer,8.5,0.02,fashion,False,COMPLETED,DaNang,referral
T3173,C100337,2024-10-31 11:17:00,savings,136.24,0.0,fashion,False,COMPLETED,CanTho,referral
T1154,C100129,2024-10-31 12:04:00,bill_pay,74.07,0.22,food_delivery,True,COMPLETED,HCMC,organic
T1164,C100129,2024-10-31 12:31:00,transfer,50.23,0.1,entertainment,True,COMPLETED,HCMC,organic
T4352,C100458,2024-10-31 13:48:00,invest,21.31,0.01,education,False,COMPLETED,HCMC,referral
T3645,C100386,2024-10-31 13:49:00,transfer,82.65,0.17,groceries,False,COMPLETED,HCMC,organic
T4341,C100456,2024-10-31 14:24:00,pay,40.11,0.2,health,False,COMPLETED,HCMC,organic
T3870,C100405,2024-10-31 17:53:00,savings,29.93,0.0,education,True,COMPLETED,HCMC,campaign
T2003,C100229,2024-11-01 09:46:00,savings,129.38,0.0,health,False,COMPLETED,HCMC,paid
T2963,C100312,2024-11-01 09:49:00,pay,8.98,0.04,education,False,COMPLETED,HCMC,campaign
T3887,C100405,2024-11-01 11:51:00,topup,42.25,0.04,fashion,True,COMPLETED,HCMC,campaign
T114,C100020,2024-11-01 13:04:00,topup,70.34,0.07,utilities,False,COMPLETED,CanTho,paid
T887,C100094,2024-11-01 13:10:00,pay,31.21,0.16,food_delivery,False,COMPLETED,CanTho,paid
T2190,C100249,2024-11-01 13:34:00,transfer,19.25,0.04,transport,True,COMPLETED,HCMC,organic
T1638,C100184,2024-11-01 14:08:00,pay,18.13,0.09,fashion,True,COMPLETED,HaiPhong,organic
T1183,C100131,2024-11-01 14:13:00,pay,126.12,0.63,electronics,False,COMPLETED,HCMC,paid
T3239,C100341,2024-11-01 14:14:00,bill_pay,52.02,0.16,food_delivery,True,COMPLETED,Hanoi,organic
T3513,C100369,2024-11-01 16:21:00,pay,15.92,0.08,other,True,COMPLETED,HCMC,paid
T3667,C100388,2024-11-01 16:39:00,transfer,80.97,0.16,electronics,False,COMPLETED,HCMC,referral
T3804,C100400,2024-11-01 17:42:00,transfer,79.73,0.16,other,False,COMPLETED,Hanoi,organic
T536,C100052,2024-11-01 17:44:00,transfer,38.46,0.08,other,True,COMPLETED,HCMC,organic
T140,C100022,2024-11-01 17:53:00,pay,21.69,0.11,utilities,False,COMPLETED,HCMC,organic
T4002,C100419,2024-11-01 18:15:00,savings,36.53,0.0,transport,True,COMPLETED,Hanoi,referral
T2211,C100252,2024-11-01 18:17:00,savings,8.2,0.0,food_delivery,False,COMPLETED,DaNang,paid
T2386,C100266,2024-11-01 18:37:00,pay,18.67,0.09,transport,False,COMPLETED,Hanoi,organic
T2327,C100261,2024-11-01 18:37:00,transfer,50.0,0.1,transport,False,COMPLETED,HCMC,organic
T3475,C100366,2024-11-01 19:40:00,savings,80.32,0.0,entertainment,False,COMPLETED,Hanoi,organic
T1446,C100167,2024-11-01 20:32:00,transfer,28.17,0.06,transport,False,COMPLETED,DaNang,paid
T2108,C100238,2024-11-02 09:28:00,transfer,167.61,0.34,transport,False,FAILED,HCMC,paid
T3163,C100334,2024-11-02 09:56:00,transfer,53.13,0.11,other,False,COMPLETED,HCMC,organic
T894,C100094,2024-11-02 11:05:00,pay,52.3,0.26,utilities,True,COMPLETED,CanTho,paid
T849,C100091,2024-11-02 13:07:00,pay,17.44,0.09,groceries,False,COMPLETED,Hanoi,paid
T3363,C100356,2024-11-02 15:01:00,pay,72.6,0.36,food_delivery,False,COMPLETED,HCMC,organic
T1126,C100125,2024-11-02 15:04:00,savings,46.91,0.0,health,False,COMPLETED,HCMC,referral
T4300,C100451,2024-11-02 17:44:00,pay,12.23,0.06,entertainment,False,COMPLETED,Hanoi,organic
T1433,C100166,2024-11-02 17:56:00,pay,18.41,0.09,utilities,True,COMPLETED,HCMC,referral
T3784,C100397,2024-11-02 19:31:00,invest,29.77,0.01,groceries,True,COMPLETED,HCMC,paid
T4510,C100481,2024-11-02 19:58:00,transfer,21.85,0.04,utilities,True,COMPLETED,Hanoi,organic
T4331,C100453,2024-11-02 20:51:00,topup,102.74,0.1,fashion,True,COMPLETED,Hanoi,paid
T4174,C100436,2024-11-03 09:15:00,transfer,18.86,0.04,other,True,COMPLETED,HCMC,organic
T3831,C100403,2024-11-03 10:04:00,pay,11.23,0.06,health,False,COMPLETED,HCMC,paid
T2367,C100265,2024-11-03 10:48:00,pay,25.24,0.13,electronics,False,COMPLETED,Hanoi,organic
T638,C100066,2024-11-03 11:22:00,invest,34.39,0.02,other,False,COMPLETED,HCMC,referral
T1715,C100196,2024-11-03 12:07:00,transfer,64.87,0.13,health,False,COMPLETED,HCMC,organic
T1295,C100143,2024-11-03 12:28:00,transfer,11.41,0.02,food_delivery,False,COMPLETED,HCMC,organic
T1790,C100203,2024-11-03 12:59:00,pay,31.63,0.16,electronics,True,COMPLETED,Hanoi,organic
T2432,C100269,2024-11-03 13:20:00,pay,75.43,0.38,electronics,False,COMPLETED,Hanoi,organic
T4478,C100478,2024-11-03 13:24:00,savings,27.47,0.0,education,False,COMPLETED,HCMC,organic
T2149,C100245,2024-11-03 13:47:00,topup,105.59,0.11,health,True,COMPLETED,HCMC,organic
T409,C100042,2024-11-03 14:37:00,savings,40.73,0.0,entertainment,True,COMPLETED,HCMC,organic
T3207,C100340,2024-11-03 14:40:00,bill_pay,57.51,0.17,entertainment,False,COMPLETED,HCMC,organic
T3177,C100337,2024-11-03 14:46:00,pay,30.68,0.15,groceries,True,COMPLETED,CanTho,referral
T2390,C100266,2024-11-03 15:11:00,transfer,12.02,0.02,food_delivery,False,FAILED,Hanoi,organic
T867,C100093,2024-11-03 15:31:00,pay,89.41,0.45,transport,True,COMPLETED,Hanoi,organic
T4393,C100460,2024-11-03 18:55:00,transfer,28.77,0.06,groceries,False,COMPLETED,HCMC,organic
T4183,C100437,2024-11-03 19:02:00,invest,31.53,0.02,food_delivery,True,COMPLETED,DaNang,organic
T3600,C100377,2024-11-04 13:05:00,transfer,27.36,0.05,other,False,COMPLETED,HCMC,referral
T519,C100049,2024-11-04 13:53:00,transfer,30.35,0.06,other,False,COMPLETED,HCMC,referral
T1463,C100167,2024-11-04 16:51:00,savings,52.74,0.0,fashion,True,COMPLETED,DaNang,paid
T3814,C100400,2024-11-05 11:07:00,topup,54.81,0.05,electronics,True,COMPLETED,Hanoi,organic
T4542,C100484,2024-11-05 12:27:00,invest,29.32,0.01,utilities,True,COMPLETED,HCMC,referral
T4452,C100475,2024-11-05 13:07:00,bill_pay,24.22,0.07,food_delivery,False,COMPLETED,HCMC,paid
T3308,C100352,2024-11-05 13:50:00,pay,15.38,0.08,groceries,True,COMPLETED,CanTho,paid
T1208,C100132,2024-11-05 14:08:00,pay,20.62,0.1,groceries,False,COMPLETED,Hanoi,paid
T980,C100115,2024-11-05 18:58:00,bill_pay,46.96,0.14,transport,True,COMPLETED,HCMC,referral
T2561,C100278,2024-11-05 20:01:00,invest,17.57,0.01,entertainment,False,COMPLETED,HCMC,paid
T3494,C100367,2024-11-05 20:29:00,savings,8.22,0.0,entertainment,False,COMPLETED,HCMC,paid
T4368,C100460,2024-11-05 20:58:00,bill_pay,18.81,0.06,electronics,False,COMPLETED,HCMC,organic
T4494,C100478,2024-11-06 09:05:00,pay,18.21,0.09,food_delivery,False,COMPLETED,HCMC,organic
T2652,C100291,2024-11-06 09:21:00,bill_pay,33.9,0.1,groceries,False,COMPLETED,HCMC,organic
T3335,C100353,2024-11-06 10:24:00,invest,17.59,0.01,electronics,True,COMPLETED,HaiPhong,paid
T318,C100036,2024-11-06 11:13:00,savings,33.71,0.0,entertainment,True,COMPLETED,Hanoi,campaign
T1737,C100198,2024-11-06 16:02:00,transfer,27.66,0.06,other,False,COMPLETED,DaNang,organic
T1731,C100198,2024-11-06 18:34:00,transfer,22.71,0.05,electronics,True,COMPLETED,DaNang,organic
T625,C100059,2024-11-06 19:01:00,topup,59.79,0.06,food_delivery,True,COMPLETED,Hanoi,organic
T1701,C100195,2024-11-07 11:12:00,pay,30.63,0.15,utilities,False,COMPLETED,Hanoi,referral
T2352,C100264,2024-11-07 11:41:00,pay,13.04,0.07,utilities,False,COMPLETED,HCMC,organic
T4323,C100452,2024-11-07 12:35:00,topup,9.76,0.01,transport,False,COMPLETED,Hanoi,organic
T4184,C100437,2024-11-07 12:57:00,invest,50.79,0.03,other,True,COMPLETED,DaNang,organic
T4508,C100481,2024-11-07 13:51:00,topup,41.21,0.04,education,False,COMPLETED,Hanoi,organic
T405,C100042,2024-11-07 14:01:00,savings,45.55,0.0,groceries,False,COMPLETED,HCMC,organic
T2815,C100301,2024-11-07 16:34:00,transfer,75.63,0.15,transport,False,COMPLETED,HCMC,organic
T1169,C100129,2024-11-07 16:35:00,transfer,27.61,0.06,entertainment,False,COMPLETED,HCMC,organic
T1082,C100121,2024-11-07 18:56:00,transfer,41.43,0.08,transport,True,COMPLETED,HCMC,organic
T2899,C100309,2024-11-07 18:56:00,transfer,30.45,0.06,education,False,COMPLETED,HCMC,paid
T2778,C100298,2024-11-07 20:40:00,pay,23.84,0.12,utilities,True,COMPLETED,DaNang,organic
T268,C100033,2024-11-07 20:51:00,transfer,21.3,0.04,health,True,COMPLETED,CanTho,paid
T2348,C100264,2024-11-08 11:35:00,transfer,8.37,0.02,fashion,False,COMPLETED,HCMC,organic
T415,C100043,2024-11-08 12:05:00,savings,29.78,0.0,fashion,False,COMPLETED,DaNang,paid
T3945,C100414,2024-11-08 13:43:00,pay,88.28,0.44,electronics,False,COMPLETED,HCMC,paid
T1540,C100173,2024-11-08 18:08:00,bill_pay,26.0,0.08,groceries,False,COMPLETED,HCMC,organic
T1828,C100205,2024-11-08 19:23:00,topup,10.27,0.01,health,True,COMPLETED,HCMC,organic
T2877,C100308,2024-11-09 09:23:00,savings,180.65,0.0,other,True,COMPLETED,HCMC,paid
T4608,C100489,2024-11-09 10:21:00,pay,50.48,0.25,education,True,COMPLETED,Hanoi,organic
T1275,C100140,2024-11-09 10:23:00,transfer,28.64,0.06,food_delivery,False,COMPLETED,HaiPhong,paid
T102,C100017,2024-11-09 12:25:00,pay,44.75,0.22,fashion,False,COMPLETED,HCMC,organic
T2101,C100238,2024-11-09 13:37:00,transfer,14.46,0.03,education,False,COMPLETED,HCMC,paid
T2227,C100255,2024-11-09 14:01:00,pay,93.97,0.47,transport,False,COMPLETED,Hanoi,organic
T312,C100036,2024-11-09 14:51:00,pay,46.98,0.23,entertainment,False,COMPLETED,Hanoi,campaign
T3489,C100367,2024-11-09 14:58:00,pay,70.52,0.35,transport,False,COMPLETED,HCMC,paid
T3937,C100413,2024-11-09 15:35:00,savings,30.53,0.0,entertainment,False,COMPLETED,HCMC,paid
T4463,C100477,2024-11-09 18:02:00,savings,89.24,0.0,entertainment,False,COMPLETED,CanTho,paid
T325,C100037,2024-11-09 18:04:00,transfer,78.88,0.16,education,True,COMPLETED,DaNang,paid
T4520,C100481,2024-11-09 18:22:00,invest,33.82,0.02,utilities,False,COMPLETED,Hanoi,organic
T1383,C100157,2024-11-09 18:57:00,bill_pay,70.15,0.21,education,True,COMPLETED,Hanoi,referral
T3739,C100391,2024-11-09 19:06:00,transfer,19.43,0.04,health,True,COMPLETED,HCMC,organic
T1619,C100180,2024-11-09 20:26:00,savings,74.04,0.0,groceries,True,COMPLETED,HCMC,paid
T1022,C100117,2024-11-10 09:12:00,pay,85.58,0.43,education,True,COMPLETED,HCMC,organic
T4454,C100475,2024-11-10 10:19:00,invest,31.57,0.02,fashion,True,COMPLETED,HCMC,paid
T4541,C100484,2024-11-10 11:55:00,topup,26.9,0.03,utilities,False,COMPLETED,HCMC,referral
T3684,C100389,2024-11-10 12:04:00,savings,31.6,0.0,electronics,True,COMPLETED,Hanoi,referral
T483,C100046,2024-11-10 15:11:00,pay,14.34,0.07,transport,True,COMPLETED,Hanoi,organic
T1617,C100180,2024-11-10 17:52:00,transfer,12.11,0.02,other,False,COMPLETED,HCMC,paid
T300,C100036,2024-11-10 18:59:00,bill_pay,34.26,0.1,entertainment,False,COMPLETED,Hanoi,campaign
T639,C100066,2024-11-10 19:06:00,transfer,92.7,0.19,education,True,COMPLETED,HCMC,referral
T4708,C100501,2024-11-10 20:36:00,transfer,67.83,0.14,entertainment,True,COMPLETED,HCMC,organic
T2239,C100256,2024-11-11 10:46:00,pay,24.28,0.12,groceries,False,COMPLETED,HCMC,organic
T1459,C100167,2024-11-11 11:13:00,pay,33.63,0.17,entertainment,True,COMPLETED,DaNang,paid
T4315,C100452,2024-11-11 12:21:00,pay,35.72,0.18,fashion,False,COMPLETED,Hanoi,organic
T1952,C100219,2024-11-11 12:47:00,pay,54.1,0.27,utilities,False,FAILED,CanTho,paid
T2932,C100310,2024-11-11 13:42:00,savings,154.65,0.0,entertainment,False,COMPLETED,HCMC,paid
T3112,C100330,2024-11-11 15:38:00,savings,19.4,0.0,utilities,False,COMPLETED,CanTho,paid
T4324,C100452,2024-11-11 15:58:00,bill_pay,17.22,0.05,transport,False,COMPLETED,Hanoi,organic
T2412,C100268,2024-11-11 16:50:00,transfer,25.87,0.05,utilities,False,COMPLETED,Hanoi,referral
T2378,C100266,2024-11-11 17:57:00,pay,29.27,0.15,electronics,True,COMPLETED,Hanoi,organic
T4662,C100497,2024-11-11 19:18:00,transfer,16.96,0.03,groceries,True,FAILED,HaiPhong,organic
T1805,C100204,2024-11-11 20:15:00,pay,22.38,0.11,entertainment,True,COMPLETED,Hanoi,campaign
T1625,C100184,2024-11-11 20:21:00,pay,107.05,0.54,transport,True,COMPLETED,HaiPhong,organic
T3484,C100366,2024-11-11 20:31:00,pay,51.49,0.26,groceries,False,COMPLETED,Hanoi,organic
T131,C100021,2024-11-12 09:38:00,pay,5.75,0.03,utilities,False,COMPLETED,Hanoi,campaign
T3468,C100366,2024-11-12 10:54:00,transfer,17.38,0.03,electronics,True,COMPLETED,Hanoi,organic
T2807,C100299,2024-11-12 12:37:00,savings,16.44,0.0,fashion,False,COMPLETED,HCMC,organic
T1140,C100128,2024-11-12 12:44:00,transfer,29.96,0.06,transport,False,COMPLETED,HCMC,organic
T2151,C100245,2024-11-12 12:48:00,savings,20.3,0.0,groceries,False,COMPLETED,HCMC,organic
T4047,C100422,2024-11-12 13:16:00,savings,57.18,0.0,utilities,False,COMPLETED,Hanoi,organic
T4028,C100420,2024-11-12 13:30:00,savings,11.96,0.0,fashion,False,COMPLETED,HCMC,organic
T546,C100053,2024-11-12 14:49:00,transfer,9.66,0.02,health,False,COMPLETED,Hanoi,paid
T4388,C100460,2024-11-12 15:08:00,transfer,64.77,0.13,utilities,False,COMPLETED,HCMC,organic
T4223,C100440,2024-11-12 17:44:00,savings,13.95,0.0,fashion,False,COMPLETED,CanTho,campaign
T2342,C100264,2024-11-12 18:21:00,transfer,50.77,0.1,education,True,COMPLETED,HCMC,organic
T4154,C100435,2024-11-12 20:29:00,pay,21.22,0.11,groceries,True,COMPLETED,Hanoi,paid
T2078,C100237,2024-11-13 09:33:00,transfer,22.1,0.04,entertainment,False,FAILED,HCMC,campaign
T3231,C100341,2024-11-13 10:25:00,transfer,15.48,0.03,food_delivery,True,COMPLETED,Hanoi,organic
T4628,C100495,2024-11-13 11:04:00,transfer,14.84,0.03,transport,True,COMPLETED,Hanoi,organic
T4716,C100503,2024-11-13 11:49:00,transfer,10.41,0.02,electronics,False,COMPLETED,Hanoi,organic
T4031,C100420,2024-11-13 13:26:00,pay,66.18,0.33,transport,False,COMPLETED,HCMC,organic
T3431,C100363,2024-11-13 14:15:00,bill_pay,20.25,0.06,health,True,COMPLETED,HCMC,paid
T3860,C100404,2024-11-13 14:24:00,savings,17.56,0.0,other,True,COMPLETED,HCMC,organic
T1823,C100205,2024-11-13 14:26:00,transfer,43.01,0.09,transport,True,COMPLETED,HCMC,organic
T826,C100088,2024-11-13 14:38:00,pay,21.33,0.11,transport,True,COMPLETED,HCMC,organic
T1736,C100198,2024-11-13 17:08:00,savings,21.34,0.0,groceries,True,COMPLETED,DaNang,organic
T2810,C100299,2024-11-13 20:48:00,bill_pay,18.52,0.06,groceries,True,COMPLETED,HCMC,organic
T820,C100086,2024-11-13 20:57:00,topup,14.64,0.01,food_delivery,False,COMPLETED,HCMC,organic
T1883,C100209,2024-11-14 09:00:00,transfer,4.03,0.01,groceries,False,COMPLETED,CanTho,organic
T3347,C100354,2024-11-14 09:35:00,pay,13.29,0.07,fashion,True,COMPLETED,HCMC,paid
T4206,C100438,2024-11-14 10:08:00,pay,86.61,0.43,fashion,True,COMPLETED,HCMC,paid
T3018,C100320,2024-11-14 11:27:00,savings,11.65,0.0,food_delivery,False,COMPLETED,CanTho,organic
T865,C100093,2024-11-14 11:58:00,invest,23.28,0.01,food_delivery,True,COMPLETED,Hanoi,organic
T3984,C100418,2024-11-14 13:28:00,transfer,10.73,0.02,health,True,COMPLETED,CanTho,campaign
T3572,C100374,2024-11-14 15:16:00,transfer,27.53,0.06,entertainment,True,COMPLETED,Hanoi,referral
T3524,C100370,2024-11-14 17:20:00,savings,22.42,0.0,other,False,COMPLETED,Hanoi,organic
T1348,C100154,2024-11-14 17:32:00,pay,27.38,0.14,other,False,COMPLETED,Hanoi,organic
T1915,C100216,2024-11-14 17:53:00,transfer,18.34,0.04,entertainment,False,COMPLETED,HCMC,organic
T1764,C100202,2024-11-14 18:07:00,savings,66.5,0.0,food_delivery,False,COMPLETED,CanTho,organic
T3189,C100338,2024-11-14 18:24:00,pay,108.99,0.54,education,False,COMPLETED,HCMC,paid
T1268,C100140,2024-11-14 18:41:00,pay,35.91,0.18,entertainment,True,COMPLETED,HaiPhong,paid
T2767,C100298,2024-11-15 09:27:00,topup,35.7,0.04,health,False,COMPLETED,DaNang,organic
T2483,C100271,2024-11-15 09:54:00,pay,18.38,0.09,groceries,True,COMPLETED,HCMC,paid
T2774,C100298,2024-11-15 10:24:00,pay,25.78,0.13,groceries,False,COMPLETED,DaNang,organic
T1263,C100138,2024-11-15 12:58:00,savings,50.06,0.0,food_delivery,False,COMPLETED,Hanoi,organic
T2816,C100301,2024-11-15 15:22:00,savings,18.59,0.0,transport,True,COMPLETED,HCMC,organic
T2565,C100278,2024-11-15 15:56:00,transfer,58.14,0.12,entertainment,False,COMPLETED,HCMC,paid
T452,C100044,2024-11-15 16:56:00,pay,22.73,0.11,fashion,False,COMPLETED,Hanoi,organic
T877,C100094,2024-11-15 17:48:00,pay,48.91,0.24,other,False,COMPLETED,CanTho,paid
T2337,C100263,2024-11-15 19:10:00,transfer,20.0,0.04,groceries,False,COMPLETED,HCMC,organic
T1898,C100210,2024-11-15 19:21:00,pay,82.73,0.41,food_delivery,True,COMPLETED,Hanoi,paid
T4127,C100429,2024-11-15 20:05:00,invest,60.72,0.03,electronics,True,COMPLETED,HaiPhong,referral
T1733,C100198,2024-11-16 09:01:00,pay,25.17,0.13,electronics,True,COMPLETED,DaNang,organic
T2359,C100265,2024-11-16 11:49:00,savings,33.41,0.0,food_delivery,True,COMPLETED,Hanoi,organic
T3477,C100366,2024-11-16 12:05:00,transfer,52.23,0.1,transport,False,COMPLETED,Hanoi,organic
T3051,C100327,2024-11-16 12:53:00,pay,58.13,0.29,food_delivery,True,COMPLETED,Hanoi,organic
T2488,C100272,2024-11-16 14:01:00,pay,93.83,0.47,fashion,False,COMPLETED,Hanoi,referral
T3069,C100328,2024-11-16 14:05:00,bill_pay,40.45,0.12,electronics,False,COMPLETED,Hanoi,paid
T3416,C100360,2024-11-16 16:06:00,pay,27.47,0.14,utilities,True,COMPLETED,HaiPhong,campaign
T1543,C100173,2024-11-16 17:27:00,savings,8.07,0.0,health,False,COMPLETED,HCMC,organic
T3255,C100343,2024-11-16 18:33:00,pay,32.38,0.16,transport,True,COMPLETED,Hanoi,campaign
T1600,C100179,2024-11-16 20:13:00,pay,57.15,0.29,entertainment,False,COMPLETED,HCMC,paid
T3344,C100354,2024-11-17 10:01:00,pay,16.09,0.08,fashion,True,COMPLETED,HCMC,paid
T2978,C100313,2024-11-17 10:04:00,bill_pay,25.95,0.08,food_delivery,False,COMPLETED,DaNang,organic
T2542,C100277,2024-11-17 10:26:00,pay,52.15,0.26,food_delivery,True,COMPLETED,Hanoi,referral
T4112,C100427,2024-11-17 11:14:00,bill_pay,43.97,0.13,fashion,False,COMPLETED,HCMC,paid
T545,C100053,2024-11-17 11:45:00,transfer,17.9,0.04,food_delivery,False,COMPLETED,Hanoi,paid
T661,C100068,2024-11-17 11:47:00,pay,104.24,0.52,fashion,True,COMPLETED,HCMC,organic
T4221,C100440,2024-11-17 12:38:00,pay,24.62,0.12,transport,False,COMPLETED,CanTho,campaign
T2836,C100304,2024-11-17 13:47:00,savings,81.04,0.0,transport,False,COMPLETED,HCMC,organic
T3412,C100360,2024-11-17 13:54:00,invest,18.87,0.01,fashion,False,COMPLETED,HaiPhong,campaign
T2357,C100264,2024-11-17 15:23:00,pay,76.33,0.38,groceries,True,COMPLETED,HCMC,organic
T2684,C100293,2024-11-17 15:35:00,pay,81.45,0.41,other,False,COMPLETED,Hanoi,paid
T801,C100085,2024-11-17 16:18:00,pay,27.2,0.14,health,False,COMPLETED,HCMC,organic
T3260,C100343,2024-11-17 18:44:00,savings,18.11,0.0,utilities,True,COMPLETED,Hanoi,campaign
T3642,C100385,2024-11-17 19:20:00,savings,20.41,0.0,entertainment,False,COMPLETED,Hanoi,referral
T3822,C100402,2024-11-17 20:26:00,transfer,98.36,0.2,fashion,False,COMPLETED,Hanoi,paid
T2300,C100258,2024-11-17 20:29:00,transfer,26.5,0.05,utilities,True,COMPLETED,HCMC,paid
T1006,C100115,2024-11-18 09:09:00,savings,14.64,0.0,electronics,False,COMPLETED,HCMC,referral
T477,C100045,2024-11-18 09:51:00,pay,40.59,0.2,entertainment,False,COMPLETED,CanTho,paid
T3394,C100359,2024-11-18 11:06:00,pay,37.2,0.19,groceries,False,COMPLETED,Hanoi,organic
T1799,C100204,2024-11-18 15:53:00,pay,19.06,0.1,utilities,True,COMPLETED,Hanoi,campaign
T2869,C100307,2024-11-18 16:35:00,pay,26.86,0.13,transport,False,COMPLETED,HCMC,organic
T2516,C100275,2024-11-18 18:06:00,pay,9.34,0.05,utilities,False,COMPLETED,Hanoi,paid
T3278,C100346,2024-11-18 20:13:00,pay,29.0,0.14,electronics,True,COMPLETED,HCMC,organic
T3637,C100385,2024-11-19 10:17:00,topup,26.15,0.03,fashion,True,COMPLETED,Hanoi,referral
T689,C100072,2024-11-19 10:55:00,transfer,9.75,0.02,other,False,COMPLETED,HCMC,organic
T3514,C100369,2024-11-19 13:47:00,savings,104.41,0.0,food_delivery,False,COMPLETED,HCMC,paid
T3155,C100334,2024-11-19 14:55:00,transfer,16.83,0.03,entertainment,True,COMPLETED,HCMC,organic
T1338,C100154,2024-11-19 15:25:00,pay,23.12,0.12,electronics,False,COMPLETED,Hanoi,organic
T3687,C100389,2024-11-19 16:34:00,savings,27.62,0.0,utilities,True,COMPLETED,Hanoi,referral
T330,C100037,2024-11-19 17:57:00,pay,155.39,0.78,groceries,False,COMPLETED,DaNang,paid
T4571,C100486,2024-11-19 18:26:00,transfer,11.39,0.02,other,True,COMPLETED,HCMC,paid
T3886,C100405,2024-11-19 18:38:00,bill_pay,12.48,0.04,entertainment,False,COMPLETED,HCMC,campaign
T3449,C100364,2024-11-19 19:01:00,pay,40.77,0.2,health,False,COMPLETED,DaNang,referral
T1231,C100133,2024-11-19 20:37:00,pay,28.71,0.14,utilities,False,COMPLETED,Hanoi,referral
T515,C100048,2024-11-20 09:37:00,savings,76.82,0.0,other,True,COMPLETED,HCMC,organic
T1667,C100190,2024-11-20 10:19:00,savings,31.36,0.0,utilities,True,COMPLETED,CanTho,referral
T4243,C100440,2024-11-20 10:51:00,transfer,86.89,0.17,food_delivery,True,COMPLETED,CanTho,campaign
T3976,C100415,2024-11-20 11:14:00,pay,55.83,0.28,transport,False,COMPLETED,HCMC,organic
T2439,C100269,2024-11-20 11:59:00,transfer,26.18,0.05,fashion,False,COMPLETED,Hanoi,organic
T3521,C100369,2024-11-20 13:21:00,transfer,28.16,0.06,education,True,COMPLETED,HCMC,paid
T3816,C100400,2024-11-20 14:25:00,transfer,12.9,0.03,other,True,COMPLETED,Hanoi,organic
T1315,C100144,2024-11-20 14:35:00,transfer,31.38,0.06,transport,False,COMPLETED,HCMC,organic
T4761,C100512,2024-11-20 15:57:00,invest,64.16,0.03,food_delivery,True,COMPLETED,HCMC,campaign
T248,C100032,2024-11-20 16:44:00,savings,126.3,0.0,health,False,COMPLETED,Hanoi,paid
T4735,C100505,2024-11-20 17:59:00,transfer,40.76,0.08,fashion,False,COMPLETED,HCMC,organic
T3353,C100354,2024-11-20 20:10:00,pay,31.5,0.16,education,False,COMPLETED,HCMC,paid
T2745,C100297,2024-11-20 20:31:00,bill_pay,19.78,0.06,groceries,True,COMPLETED,HCMC,referral
T4599,C100488,2024-11-20 20:55:00,pay,39.88,0.2,fashion,True,COMPLETED,CanTho,organic
T3968,C100415,2024-11-21 09:29:00,transfer,29.15,0.06,other,False,COMPLETED,HCMC,organic
T3346,C100354,2024-11-21 11:09:00,pay,162.53,0.81,electronics,True,COMPLETED,HCMC,paid
T2971,C100312,2024-11-21 12:41:00,bill_pay,41.69,0.13,entertainment,False,COMPLETED,HCMC,campaign
T3915,C100408,2024-11-21 13:22:00,transfer,17.07,0.03,education,False,COMPLETED,HaiPhong,organic
T848,C100091,2024-11-21 15:34:00,pay,11.5,0.06,utilities,True,COMPLETED,Hanoi,paid
T3755,C100395,2024-11-21 19:10:00,savings,59.14,0.0,groceries,False,COMPLETED,Hanoi,organic
T2713,C100294,2024-11-21 19:49:00,transfer,43.34,0.09,groceries,False,COMPLETED,Hanoi,paid
T3671,C100388,2024-11-22 13:29:00,transfer,290.64,0.58,electronics,True,COMPLETED,HCMC,referral
T2941,C100310,2024-11-22 13:41:00,transfer,16.37,0.03,other,False,COMPLETED,HCMC,paid
T1742,C100200,2024-11-22 14:19:00,transfer,135.8,0.27,groceries,True,COMPLETED,CanTho,organic
T1313,C100144,2024-11-22 14:31:00,transfer,17.2,0.03,transport,True,COMPLETED,HCMC,organic
T2949,C100311,2024-11-22 15:22:00,savings,24.84,0.0,food_delivery,True,COMPLETED,CanTho,campaign
T4696,C100501,2024-11-22 15:40:00,transfer,45.78,0.09,entertainment,False,COMPLETED,HCMC,organic
T2946,C100311,2024-11-22 16:45:00,bill_pay,35.09,0.11,entertainment,True,COMPLETED,CanTho,campaign
T4307,C100452,2024-11-22 20:55:00,transfer,29.24,0.06,fashion,False,COMPLETED,Hanoi,organic
T2841,C100304,2024-11-23 09:59:00,savings,17.12,0.0,entertainment,False,COMPLETED,HCMC,organic
T732,C100077,2024-11-23 10:37:00,savings,27.97,0.0,entertainment,False,COMPLETED,HCMC,organic
T1024,C100117,2024-11-23 11:08:00,pay,26.58,0.13,fashion,False,COMPLETED,HCMC,organic
T1424,C100166,2024-11-23 12:29:00,pay,28.74,0.14,entertainment,False,COMPLETED,HCMC,referral
T908,C100096,2024-11-23 13:12:00,transfer,130.97,0.26,entertainment,False,COMPLETED,HCMC,organic
T2813,C100301,2024-11-23 13:43:00,topup,21.56,0.02,entertainment,False,COMPLETED,HCMC,organic
T3982,C100418,2024-11-23 14:26:00,pay,20.34,0.1,entertainment,True,COMPLETED,CanTho,campaign
T4556,C100484,2024-11-23 16:24:00,transfer,15.04,0.03,education,True,COMPLETED,HCMC,referral
T2339,C100263,2024-11-23 17:23:00,transfer,74.77,0.15,groceries,False,COMPLETED,HCMC,organic
T615,C100058,2024-11-23 18:31:00,topup,28.14,0.03,fashion,False,COMPLETED,Hanoi,referral
T333,C100037,2024-11-23 18:57:00,pay,72.64,0.36,utilities,False,COMPLETED,DaNang,paid
T1983,C100223,2024-11-23 18:59:00,savings,75.87,0.0,groceries,False,COMPLETED,HCMC,referral
T3339,C100354,2024-11-23 19:54:00,bill_pay,68.29,0.2,other,True,COMPLETED,HCMC,paid
T313,C100036,2024-11-23 20:24:00,pay,60.56,0.3,entertainment,True,COMPLETED,Hanoi,campaign
T1998,C100223,2024-11-24 11:50:00,transfer,56.5,0.11,transport,False,COMPLETED,HCMC,referral
T3652,C100386,2024-11-24 13:42:00,transfer,43.96,0.09,utilities,False,COMPLETED,HCMC,organic
T2547,C100277,2024-11-24 14:53:00,bill_pay,47.42,0.14,transport,True,COMPLETED,Hanoi,referral
T4371,C100460,2024-11-24 15:31:00,transfer,21.39,0.04,education,False,COMPLETED,HCMC,organic
T4084,C100425,2024-11-24 16:13:00,savings,22.19,0.0,electronics,False,COMPLETED,HCMC,organic
T1541,C100173,2024-11-24 17:43:00,savings,45.27,0.0,groceries,False,COMPLETED,HCMC,organic
T1596,C100179,2024-11-24 18:04:00,transfer,50.64,0.1,utilities,False,COMPLETED,HCMC,paid
T586,C100056,2024-11-24 20:09:00,pay,12.99,0.06,groceries,False,COMPLETED,DaNang,paid
T2734,C100295,2024-11-25 11:57:00,pay,57.05,0.29,groceries,True,COMPLETED,HCMC,paid
T1324,C100144,2024-11-25 12:17:00,transfer,54.32,0.11,utilities,True,COMPLETED,HCMC,organic
T171,C100024,2024-11-25 12:44:00,transfer,40.98,0.08,other,True,COMPLETED,HCMC,organic
T38,C100009,2024-11-25 14:17:00,savings,15.89,0.0,electronics,True,COMPLETED,Hanoi,organic
T2662,C100291,2024-11-25 15:46:00,transfer,9.66,0.02,utilities,False,FAILED,HCMC,organic
T2709,C100294,2024-11-25 17:19:00,savings,18.55,0.0,utilities,True,COMPLETED,Hanoi,paid
T589,C100056,2024-11-25 17:46:00,transfer,24.9,0.05,electronics,False,COMPLETED,DaNang,paid
T4965,C100531,2024-11-25 18:35:00,topup,111.88,0.11,utilities,False,COMPLETED,DaNang,organic
T4459,C100475,2024-11-25 20:55:00,pay,12.74,0.06,utilities,False,COMPLETED,HCMC,paid
T1695,C100194,2024-11-26 09:50:00,pay,23.83,0.12,health,True,COMPLETED,HCMC,referral
T4944,C100527,2024-11-26 12:02:00,pay,14.61,0.07,groceries,False,COMPLETED,HCMC,organic
T4671,C100497,2024-11-26 12:07:00,pay,47.66,0.24,transport,False,COMPLETED,HaiPhong,organic
T3987,C100418,2024-11-26 12:19:00,pay,29.64,0.15,utilities,False,COMPLETED,CanTho,campaign
T3934,C100413,2024-11-26 14:05:00,transfer,85.04,0.17,electronics,False,COMPLETED,HCMC,paid
T3498,C100367,2024-11-26 16:49:00,pay,12.65,0.06,transport,True,COMPLETED,HCMC,paid
T3554,C100374,2024-11-26 20:11:00,transfer,32.33,0.06,entertainment,False,COMPLETED,Hanoi,referral
T4132,C100429,2024-11-26 20:43:00,transfer,43.38,0.09,education,False,COMPLETED,HaiPhong,referral
T3164,C100334,2024-11-27 09:31:00,pay,42.98,0.21,food_delivery,False,COMPLETED,HCMC,organic
T2826,C100301,2024-11-27 09:50:00,savings,42.82,0.0,health,False,COMPLETED,HCMC,organic
T4870,C100523,2024-11-27 14:03:00,pay,26.27,0.13,fashion,False,COMPLETED,HCMC,referral
T2132,C100239,2024-11-27 14:06:00,pay,42.22,0.21,fashion,False,COMPLETED,HaiPhong,organic
T3083,C100329,2024-11-27 16:52:00,transfer,17.52,0.04,education,False,COMPLETED,HCMC,organic
T3001,C100313,2024-11-27 18:44:00,transfer,105.34,0.21,utilities,True,COMPLETED,DaNang,organic
T4694,C100501,2024-11-27 19:02:00,savings,27.91,0.0,transport,False,COMPLETED,HCMC,organic
T3287,C100348,2024-11-27 19:49:00,transfer,15.53,0.03,other,True,COMPLETED,HCMC,paid
T4846,C100520,2024-11-27 20:37:00,savings,19.81,0.0,fashion,False,COMPLETED,HCMC,organic
T3904,C100408,2024-11-28 09:02:00,savings,16.06,0.0,fashion,False,COMPLETED,HaiPhong,organic
T4629,C100495,2024-11-28 10:02:00,pay,26.19,0.13,food_delivery,True,COMPLETED,Hanoi,organic
T2059,C100236,2024-11-28 10:33:00,pay,7.92,0.04,health,True,COMPLETED,CanTho,organic
T2144,C100245,2024-11-28 11:43:00,pay,22.74,0.11,education,False,COMPLETED,HCMC,organic
T3089,C100330,2024-11-28 11:50:00,savings,59.34,0.0,other,True,COMPLETED,CanTho,paid
T230,C100029,2024-11-28 13:47:00,pay,85.75,0.43,groceries,True,COMPLETED,HaiPhong,organic
T3946,C100414,2024-11-28 14:14:00,pay,63.84,0.32,health,True,COMPLETED,HCMC,paid
T4948,C100530,2024-11-28 15:16:00,transfer,60.4,0.12,entertainment,False,COMPLETED,HCMC,paid
T4665,C100497,2024-11-28 15:51:00,bill_pay,22.11,0.07,electronics,True,COMPLETED,HaiPhong,organic
T4168,C100436,2024-11-28 16:09:00,topup,112.15,0.11,health,False,COMPLETED,HCMC,organic
T2591,C100280,2024-11-28 17:00:00,pay,15.75,0.08,education,False,COMPLETED,Hanoi,organic
T2142,C100245,2024-11-28 17:50:00,pay,20.0,0.1,entertainment,True,COMPLETED,HCMC,organic
T4706,C100501,2024-11-28 18:06:00,transfer,97.76,0.2,electronics,False,COMPLETED,HCMC,organic
T4505,C100479,2024-11-28 18:45:00,transfer,15.12,0.03,electronics,True,COMPLETED,HCMC,referral
T2471,C100271,2024-11-28 19:02:00,invest,14.16,0.01,electronics,False,COMPLETED,HCMC,paid
T4824,C100518,2024-11-28 20:05:00,transfer,9.05,0.02,utilities,False,COMPLETED,DaNang,organic
T4203,C100438,2024-11-29 09:47:00,savings,15.52,0.0,education,False,COMPLETED,HCMC,paid
T3868,C100405,2024-11-29 09:53:00,pay,75.96,0.38,fashion,False,COMPLETED,HCMC,campaign
T497,C100048,2024-11-29 10:18:00,savings,32.47,0.0,entertainment,False,COMPLETED,HCMC,organic
T2458,C100270,2024-11-29 11:11:00,bill_pay,47.82,0.14,utilities,False,COMPLETED,Hanoi,organic
T2442,C100269,2024-11-29 11:53:00,savings,14.43,0.0,other,False,COMPLETED,Hanoi,organic
T4288,C100451,2024-11-29 12:09:00,transfer,42.09,0.08,education,True,COMPLETED,Hanoi,organic
T4909,C100526,2024-11-29 12:29:00,pay,8.93,0.04,transport,False,COMPLETED,HCMC,paid
T2900,C100309,2024-11-29 12:42:00,pay,47.55,0.24,transport,False,COMPLETED,HCMC,paid
T4679,C100500,2024-11-29 12:52:00,bill_pay,8.84,0.03,food_delivery,False,COMPLETED,HCMC,campaign
T4760,C100512,2024-11-29 14:16:00,pay,53.72,0.27,groceries,False,COMPLETED,HCMC,campaign
T2502,C100272,2024-11-29 14:59:00,transfer,19.9,0.04,education,False,COMPLETED,Hanoi,referral
T3528,C100370,2024-11-29 15:22:00,pay,7.81,0.04,transport,True,COMPLETED,Hanoi,organic
T2613,C100286,2024-11-29 15:39:00,transfer,39.16,0.08,transport,False,COMPLETED,DaNang,organic
T1922,C100217,2024-11-29 16:09:00,transfer,52.13,0.1,electronics,False,COMPLETED,HCMC,paid
T2355,C100264,2024-11-29 16:46:00,pay,55.47,0.28,education,True,COMPLETED,HCMC,organic
T2407,C100267,2024-11-29 17:35:00,pay,28.63,0.14,education,True,COMPLETED,HCMC,organic
T2805,C100299,2024-11-29 17:38:00,transfer,49.08,0.1,food_delivery,False,COMPLETED,HCMC,organic
T1614,C100179,2024-11-29 18:31:00,pay,20.86,0.1,entertainment,True,COMPLETED,HCMC,paid
T372,C100039,2024-11-29 19:46:00,transfer,32.87,0.07,entertainment,True,COMPLETED,HCMC,referral
T2501,C100272,2024-11-29 19:59:00,pay,82.37,0.41,other,False,COMPLETED,Hanoi,referral
T2903,C100309,2024-11-29 20:19:00,transfer,43.19,0.09,health,False,COMPLETED,HCMC,paid
T955,C100107,2024-11-30 10:04:00,pay,67.93,0.34,food_delivery,True,COMPLETED,HCMC,referral
T1662,C100190,2024-11-30 13:29:00,bill_pay,35.93,0.11,groceries,True,COMPLETED,CanTho,referral
T550,C100053,2024-11-30 15:44:00,bill_pay,10.96,0.03,education,False,COMPLETED,Hanoi,paid
T3587,C100376,2024-11-30 16:39:00,pay,45.82,0.23,other,False,COMPLETED,HCMC,paid
T3408,C100360,2024-11-30 17:05:00,bill_pay,18.9,0.06,other,False,COMPLETED,HaiPhong,campaign
T1054,C100119,2024-11-30 18:08:00,pay,22.39,0.11,groceries,False,COMPLETED,CanTho,organic
T426,C100043,2024-11-30 19:12:00,transfer,56.26,0.11,utilities,True,COMPLETED,DaNang,paid
T878,C100094,2024-11-30 19:22:00,transfer,16.58,0.03,entertainment,False,FAILED,CanTho,paid
T4287,C100451,2024-11-30 19:31:00,transfer,11.88,0.02,food_delivery,False,COMPLETED,Hanoi,organic
T4868,C100520,2024-11-30 19:53:00,pay,77.94,0.39,fashion,False,COMPLETED,HCMC,organic
T3741,C100391,2024-11-30 20:08:00,savings,35.37,0.0,other,False,COMPLETED,HCMC,organic
T3312,C100352,2024-11-30 20:28:00,bill_pay,22.61,0.07,utilities,False,COMPLETED,CanTho,paid
T1593,C100179,2024-12-01 11:19:00,transfer,52.6,0.11,health,False,COMPLETED,HCMC,paid
T1699,C100195,2024-12-01 12:39:00,transfer,28.91,0.06,other,False,COMPLETED,Hanoi,referral
T2486,C100272,2024-12-01 12:53:00,pay,56.48,0.28,electronics,False,COMPLETED,Hanoi,referral
T2989,C100313,2024-12-01 12:55:00,transfer,14.1,0.03,utilities,True,COMPLETED,DaNang,organic
T902,C100096,2024-12-01 13:56:00,invest,58.29,0.03,health,True,COMPLETED,HCMC,organic
T4769,C100512,2024-12-01 15:51:00,transfer,43.58,0.09,groceries,False,COMPLETED,HCMC,campaign
T172,C100024,2024-12-01 16:47:00,pay,17.85,0.09,transport,False,COMPLETED,HCMC,organic
T3174,C100337,2024-12-01 17:18:00,pay,32.77,0.16,fashion,False,COMPLETED,CanTho,referral
T3619,C100383,2024-12-01 18:32:00,transfer,8.76,0.02,groceries,False,COMPLETED,CanTho,organic
T3510,C100367,2024-12-01 20:17:00,pay,7.03,0.04,education,False,COMPLETED,HCMC,paid
T2480,C100271,2024-12-01 20:36:00,transfer,72.16,0.14,fashion,False,COMPLETED,HCMC,paid
T1926,C100217,2024-12-02 10:30:00,pay,30.98,0.15,electronics,True,COMPLETED,HCMC,paid
T935,C100106,2024-12-02 12:19:00,savings,68.13,0.0,electronics,True,COMPLETED,CanTho,campaign
T3801,C100400,2024-12-02 12:31:00,savings,31.91,0.0,other,False,COMPLETED,Hanoi,organic
T1412,C100162,2024-12-02 12:40:00,pay,3.93,0.02,utilities,True,COMPLETED,HCMC,campaign
T3296,C100349,2024-12-02 13:40:00,bill_pay,55.53,0.17,transport,False,COMPLETED,HCMC,organic
T4974,C100533,2024-12-02 15:09:00,pay,71.03,0.36,groceries,False,COMPLETED,Hanoi,paid
T564,C100054,2024-12-02 15:37:00,invest,17.68,0.01,transport,False,COMPLETED,DaNang,paid
T4486,C100478,2024-12-02 18:29:00,pay,186.89,0.93,fashion,True,COMPLETED,HCMC,organic
T3301,C100349,2024-12-02 19:43:00,transfer,13.12,0.03,transport,True,COMPLETED,HCMC,organic
T4714,C100503,2024-12-02 19:45:00,pay,19.31,0.1,other,True,COMPLETED,Hanoi,organic
T885,C100094,2024-12-02 20:29:00,pay,13.04,0.07,utilities,True,COMPLETED,CanTho,paid
T4640,C100495,2024-12-03 10:38:00,pay,26.83,0.13,utilities,False,COMPLETED,Hanoi,organic
T3261,C100343,2024-12-03 11:35:00,pay,26.06,0.13,entertainment,True,COMPLETED,Hanoi,campaign
T3768,C100397,2024-12-03 14:39:00,invest,34.28,0.02,health,True,COMPLETED,HCMC,paid
T1001,C100115,2024-12-03 15:07:00,pay,15.33,0.08,groceries,True,COMPLETED,HCMC,referral
T4379,C100460,2024-12-03 15:46:00,savings,47.62,0.0,groceries,True,COMPLETED,HCMC,organic
T3839,C100403,2024-12-03 16:03:00,pay,33.21,0.17,education,False,COMPLETED,HCMC,paid
T349,C100038,2024-12-03 16:21:00,bill_pay,13.1,0.04,transport,True,COMPLETED,HCMC,organic
T4332,C100453,2024-12-03 18:57:00,pay,65.87,0.33,other,False,COMPLETED,Hanoi,paid
T414,C100043,2024-12-03 20:30:00,pay,10.29,0.05,food_delivery,True,COMPLETED,DaNang,paid
T1605,C100179,2024-12-03 20:32:00,pay,52.88,0.26,electronics,True,COMPLETED,HCMC,paid
T4125,C100429,2024-12-04 09:31:00,invest,36.89,0.02,groceries,True,COMPLETED,HaiPhong,referral
T4069,C100424,2024-12-04 09:57:00,pay,29.67,0.15,electronics,False,COMPLETED,HaiPhong,organic
T1987,C100223,2024-12-04 12:12:00,transfer,25.32,0.05,education,False,COMPLETED,HCMC,referral
T4516,C100481,2024-12-04 16:10:00,transfer,13.08,0.03,fashion,False,COMPLETED,Hanoi,organic
T1985,C100223,2024-12-04 19:19:00,transfer,9.63,0.02,education,True,COMPLETED,HCMC,referral
T3542,C100372,2024-12-05 09:07:00,pay,251.69,1.26,transport,False,COMPLETED,HCMC,referral
T3485,C100366,2024-12-05 10:42:00,pay,44.62,0.22,other,True,COMPLETED,Hanoi,organic
T4537,C100484,2024-12-05 11:08:00,savings,122.33,0.0,food_delivery,False,COMPLETED,HCMC,referral
T4200,C100438,2024-12-05 13:01:00,transfer,80.51,0.16,groceries,True,COMPLETED,HCMC,paid
T196,C100025,2024-12-05 14:44:00,savings,12.95,0.0,food_delivery,False,COMPLETED,CanTho,paid
T16,C100003,2024-12-05 15:08:00,bill_pay,45.51,0.14,groceries,True,COMPLETED,Hanoi,organic
T3655,C100386,2024-12-05 15:24:00,pay,46.03,0.23,health,False,COMPLETED,HCMC,organic
T2566,C100278,2024-12-05 15:28:00,pay,72.44,0.36,fashion,True,COMPLETED,HCMC,paid
T4943,C100527,2024-12-05 16:48:00,savings,17.37,0.0,other,False,COMPLETED,HCMC,organic
T3306,C100351,2024-12-05 16:58:00,topup,162.76,0.16,fashion,False,COMPLETED,CanTho,paid
T1884,C100209,2024-12-06 10:01:00,pay,25.67,0.13,other,False,COMPLETED,CanTho,organic
T3439,C100363,2024-12-06 11:37:00,savings,149.71,0.0,food_delivery,True,COMPLETED,HCMC,paid
T4809,C100517,2024-12-06 12:01:00,pay,16.7,0.08,transport,False,COMPLETED,Hanoi,organic
T4064,C100424,2024-12-06 12:56:00,transfer,7.83,0.02,entertainment,False,COMPLETED,HaiPhong,organic
T4294,C100451,2024-12-06 14:32:00,pay,8.52,0.04,entertainment,False,COMPLETED,Hanoi,organic
T2523,C100275,2024-12-06 16:55:00,bill_pay,29.77,0.09,fashion,False,COMPLETED,Hanoi,paid
T1037,C100118,2024-12-06 17:40:00,topup,55.93,0.06,other,False,COMPLETED,Hanoi,organic
T4682,C100500,2024-12-06 18:25:00,invest,14.88,0.01,education,False,COMPLETED,HCMC,campaign
T3500,C100367,2024-12-06 20:59:00,transfer,39.45,0.08,entertainment,False,COMPLETED,HCMC,paid
T3126,C100331,2024-12-07 09:44:00,transfer,63.11,0.13,utilities,True,COMPLETED,Hanoi,campaign
T3197,C100338,2024-12-07 10:10:00,savings,7.25,0.0,fashion,False,COMPLETED,HCMC,paid
T4985,C100533,2024-12-07 10:32:00,transfer,55.85,0.11,education,True,COMPLETED,Hanoi,paid
T3715,C100390,2024-12-07 11:33:00,pay,61.52,0.31,utilities,False,COMPLETED,HCMC,paid
T5079,C100544,2024-12-07 12:17:00,transfer,13.5,0.03,health,True,COMPLETED,DaNang,referral
T2907,C100309,2024-12-07 12:44:00,pay,51.4,0.26,entertainment,False,COMPLETED,HCMC,paid
T243,C100031,2024-12-07 13:28:00,transfer,44.38,0.09,health,True,COMPLETED,HCMC,referral
T5172,C100551,2024-12-07 13:37:00,bill_pay,23.16,0.07,education,True,COMPLETED,Hanoi,paid
T627,C100059,2024-12-07 14:11:00,transfer,89.27,0.18,food_delivery,False,COMPLETED,Hanoi,organic
T2536,C100275,2024-12-07 18:03:00,pay,10.62,0.05,fashion,False,COMPLETED,Hanoi,paid
T4428,C100467,2024-12-07 18:16:00,bill_pay,26.03,0.08,education,True,COMPLETED,Hanoi,organic
T3088,C100330,2024-12-07 18:21:00,transfer,12.12,0.02,health,False,COMPLETED,CanTho,paid
T1702,C100195,2024-12-07 18:37:00,bill_pay,22.01,0.07,entertainment,False,COMPLETED,Hanoi,referral
T94,C100017,2024-12-07 19:28:00,pay,3.23,0.02,food_delivery,False,COMPLETED,HCMC,organic
T4240,C100440,2024-12-07 19:34:00,bill_pay,53.93,0.16,food_delivery,False,COMPLETED,CanTho,campaign
T4152,C100435,2024-12-07 19:45:00,transfer,10.95,0.02,transport,False,COMPLETED,Hanoi,paid
T4425,C100467,2024-12-08 09:00:00,invest,19.51,0.01,fashion,True,COMPLETED,Hanoi,organic
T3979,C100415,2024-12-08 09:08:00,transfer,20.45,0.04,entertainment,True,COMPLETED,HCMC,organic
T5152,C100550,2024-12-08 10:18:00,transfer,9.68,0.02,fashion,True,COMPLETED,HCMC,paid
T3541,C100372,2024-12-08 10:25:00,invest,51.21,0.03,utilities,False,COMPLETED,HCMC,referral
T3480,C100366,2024-12-08 10:41:00,transfer,83.42,0.17,transport,False,COMPLETED,Hanoi,organic
T4497,C100478,2024-12-08 11:16:00,pay,62.94,0.31,entertainment,False,COMPLETED,HCMC,organic
T2579,C100279,2024-12-08 11:46:00,savings,7.63,0.0,electronics,False,COMPLETED,Hanoi,paid
T4151,C100435,2024-12-08 13:28:00,pay,23.71,0.12,groceries,False,COMPLETED,Hanoi,paid
T1058,C100119,2024-12-08 15:21:00,pay,48.19,0.24,fashion,False,COMPLETED,CanTho,organic
T720,C100076,2024-12-08 15:50:00,pay,13.32,0.07,transport,True,COMPLETED,Hanoi,paid
T4159,C100435,2024-12-08 17:56:00,pay,12.78,0.06,entertainment,True,COMPLETED,Hanoi,paid
T1613,C100179,2024-12-08 18:13:00,invest,34.5,0.02,fashion,False,COMPLETED,HCMC,paid
T4738,C100505,2024-12-08 18:39:00,transfer,9.61,0.02,food_delivery,False,COMPLETED,HCMC,organic
T3890,C100405,2024-12-08 19:22:00,pay,108.0,0.54,other,False,COMPLETED,HCMC,campaign
T3350,C100354,2024-12-08 20:13:00,invest,49.73,0.02,education,False,COMPLETED,HCMC,paid
T4284,C100451,2024-12-09 09:03:00,transfer,70.04,0.14,health,False,COMPLETED,Hanoi,organic
T4181,C100437,2024-12-09 09:05:00,transfer,62.49,0.12,utilities,True,COMPLETED,DaNang,organic
T3108,C100330,2024-12-09 11:46:00,transfer,92.11,0.18,electronics,False,COMPLETED,CanTho,paid
T340,C100037,2024-12-09 12:14:00,pay,60.15,0.3,fashion,False,COMPLETED,DaNang,paid
T4963,C100531,2024-12-09 12:17:00,savings,102.76,0.0,transport,False,COMPLETED,DaNang,organic
T4088,C100425,2024-12-09 13:54:00,pay,24.53,0.12,entertainment,True,COMPLETED,HCMC,organic
T1104,C100121,2024-12-09 13:58:00,pay,7.35,0.04,education,False,COMPLETED,HCMC,organic
T4097,C100425,2024-12-09 14:05:00,savings,27.33,0.0,health,False,COMPLETED,HCMC,organic
T24,C100008,2024-12-09 14:24:00,transfer,18.72,0.04,other,False,FAILED,Hanoi,organic
T4765,C100512,2024-12-09 15:09:00,transfer,54.36,0.11,utilities,False,COMPLETED,HCMC,campaign
T4187,C100437,2024-12-09 15:46:00,topup,4.97,0.0,fashion,False,FAILED,DaNang,organic
T3549,C100374,2024-12-09 19:18:00,pay,45.91,0.23,food_delivery,True,FAILED,Hanoi,referral
T4900,C100526,2024-12-09 19:52:00,transfer,21.27,0.04,electronics,False,COMPLETED,HCMC,paid
T862,C100093,2024-12-09 20:01:00,pay,12.79,0.06,education,True,COMPLETED,Hanoi,organic
T2453,C100270,2024-12-09 20:22:00,bill_pay,31.84,0.1,other,False,COMPLETED,Hanoi,organic
T3661,C100386,2024-12-09 20:40:00,transfer,65.83,0.13,food_delivery,False,COMPLETED,HCMC,organic
T430,C100043,2024-12-10 09:06:00,transfer,22.83,0.05,entertainment,False,COMPLETED,DaNang,paid
T3200,C100340,2024-12-10 11:37:00,transfer,153.25,0.31,food_delivery,False,COMPLETED,HCMC,organic
T2753,C100297,2024-12-10 11:41:00,pay,26.13,0.13,entertainment,False,COMPLETED,HCMC,referral
T3512,C100369,2024-12-10 12:22:00,pay,16.43,0.08,transport,False,COMPLETED,HCMC,paid
T2878,C100308,2024-12-10 13:39:00,pay,21.14,0.11,food_delivery,False,COMPLETED,HCMC,paid
T4721,C100503,2024-12-10 13:41:00,pay,51.98,0.26,transport,False,COMPLETED,Hanoi,organic
T4901,C100526,2024-12-10 14:11:00,bill_pay,10.98,0.03,food_delivery,False,COMPLETED,HCMC,paid
T2933,C100310,2024-12-10 14:41:00,savings,19.92,0.0,transport,False,COMPLETED,HCMC,paid
T4661,C100497,2024-12-10 15:13:00,transfer,29.73,0.06,other,False,COMPLETED,HaiPhong,organic
T1401,C100161,2024-12-10 17:00:00,transfer,29.47,0.06,health,False,COMPLETED,HCMC,paid
T4207,C100438,2024-12-10 18:44:00,pay,44.83,0.22,transport,False,COMPLETED,HCMC,paid
T706,C100075,2024-12-11 09:43:00,pay,29.5,0.15,health,False,COMPLETED,Hanoi,organic
T715,C100076,2024-12-11 10:23:00,transfer,10.3,0.02,utilities,True,COMPLETED,Hanoi,paid
T2860,C100307,2024-12-11 11:16:00,transfer,42.05,0.08,groceries,True,COMPLETED,HCMC,organic
T4228,C100440,2024-12-11 12:40:00,transfer,17.67,0.04,transport,False,COMPLETED,CanTho,campaign
T2464,C100271,2024-12-11 14:00:00,transfer,77.86,0.16,utilities,False,COMPLETED,HCMC,paid
T3737,C100391,2024-12-11 15:44:00,savings,36.47,0.0,utilities,False,COMPLETED,HCMC,organic
T5118,C100548,2024-12-11 17:54:00,transfer,62.71,0.13,utilities,False,COMPLETED,Hanoi,referral
T1905,C100212,2024-12-11 19:04:00,pay,16.57,0.08,groceries,False,COMPLETED,HCMC,organic
T3548,C100374,2024-12-11 20:44:00,pay,28.89,0.14,education,False,COMPLETED,Hanoi,referral
T782,C100085,2024-12-12 09:26:00,transfer,28.19,0.06,transport,False,COMPLETED,HCMC,organic
T4040,C100420,2024-12-12 09:30:00,transfer,18.18,0.04,fashion,False,COMPLETED,HCMC,organic
T910,C100096,2024-12-12 09:40:00,pay,89.62,0.45,electronics,True,COMPLETED,HCMC,organic
T2413,C100268,2024-12-12 09:53:00,pay,22.34,0.11,transport,False,COMPLETED,Hanoi,referral
T472,C100045,2024-12-12 11:11:00,pay,25.75,0.13,food_delivery,False,COMPLETED,CanTho,paid
T3105,C100330,2024-12-12 15:01:00,transfer,167.62,0.34,electronics,False,COMPLETED,CanTho,paid
T4096,C100425,2024-12-12 16:45:00,pay,31.47,0.16,fashion,False,COMPLETED,HCMC,organic
T4594,C100488,2024-12-12 17:08:00,bill_pay,75.38,0.23,electronics,False,COMPLETED,CanTho,organic
T1397,C100161,2024-12-12 18:06:00,bill_pay,69.52,0.21,education,True,COMPLETED,HCMC,paid
T5267,C100563,2024-12-12 20:08:00,pay,29.25,0.15,food_delivery,False,COMPLETED,HCMC,referral
T4545,C100484,2024-12-13 09:20:00,pay,7.32,0.04,education,True,COMPLETED,HCMC,referral
T4742,C100505,2024-12-13 11:01:00,transfer,34.61,0.07,electronics,False,COMPLETED,HCMC,organic
T4836,C100518,2024-12-13 11:26:00,savings,15.26,0.0,other,False,COMPLETED,DaNang,organic
T1430,C100166,2024-12-13 11:49:00,pay,43.35,0.22,other,True,COMPLETED,HCMC,referral
T2317,C100261,2024-12-13 12:12:00,transfer,183.85,0.37,entertainment,False,COMPLETED,HCMC,organic
T1428,C100166,2024-12-13 12:28:00,invest,35.8,0.02,entertainment,False,COMPLETED,HCMC,referral
T1340,C100154,2024-12-13 13:09:00,savings,34.11,0.0,fashion,True,COMPLETED,Hanoi,organic
T4583,C100488,2024-12-13 13:18:00,topup,38.18,0.04,entertainment,False,COMPLETED,CanTho,organic
T1997,C100223,2024-12-13 15:14:00,pay,23.32,0.12,education,False,COMPLETED,HCMC,referral
T2654,C100291,2024-12-13 15:18:00,savings,16.36,0.0,other,False,COMPLETED,HCMC,organic
T756,C100081,2024-12-13 16:16:00,pay,20.96,0.1,groceries,True,COMPLETED,HCMC,organic
T2298,C100258,2024-12-13 16:46:00,bill_pay,27.99,0.08,education,True,COMPLETED,HCMC,paid
T4771,C100515,2024-12-13 17:02:00,transfer,13.15,0.03,utilities,True,COMPLETED,Hanoi,paid
T2529,C100275,2024-12-13 17:16:00,transfer,120.11,0.24,electronics,False,COMPLETED,Hanoi,paid
T3248,C100342,2024-12-13 19:02:00,transfer,66.49,0.13,groceries,False,COMPLETED,HCMC,organic
T2402,C100267,2024-12-13 19:49:00,pay,16.64,0.08,other,False,COMPLETED,HCMC,organic
T3392,C100359,2024-12-14 10:10:00,savings,42.9,0.0,other,True,COMPLETED,Hanoi,organic
T3251,C100343,2024-12-14 12:08:00,pay,80.15,0.4,groceries,False,COMPLETED,Hanoi,campaign
T1996,C100223,2024-12-14 12:11:00,pay,7.02,0.04,groceries,True,COMPLETED,HCMC,referral
T1819,C100205,2024-12-14 12:59:00,savings,59.37,0.0,other,False,COMPLETED,HCMC,organic
T3752,C100395,2024-12-14 13:10:00,bill_pay,33.35,0.1,electronics,True,COMPLETED,Hanoi,organic
T4229,C100440,2024-12-14 13:16:00,pay,26.48,0.13,electronics,True,COMPLETED,CanTho,campaign
T295,C100036,2024-12-14 14:09:00,invest,18.23,0.01,other,False,COMPLETED,Hanoi,campaign
T49,C100009,2024-12-14 16:10:00,transfer,22.15,0.04,electronics,False,COMPLETED,Hanoi,organic
T1229,C100133,2024-12-14 19:00:00,pay,38.29,0.19,electronics,False,COMPLETED,Hanoi,referral
T1094,C100121,2024-12-14 19:10:00,pay,2.92,0.01,utilities,False,COMPLETED,HCMC,organic
T1757,C100201,2024-12-14 20:05:00,savings,27.68,0.0,fashion,True,COMPLETED,Hanoi,paid
T1720,C100196,2024-12-15 11:46:00,pay,18.31,0.09,fashion,False,COMPLETED,HCMC,organic
T866,C100093,2024-12-15 12:14:00,pay,169.08,0.85,entertainment,False,COMPLETED,Hanoi,organic
T3144,C100334,2024-12-15 12:31:00,pay,4.23,0.02,groceries,True,COMPLETED,HCMC,organic
T1912,C100214,2024-12-15 12:47:00,bill_pay,4.44,0.01,electronics,True,COMPLETED,CanTho,organic
T3315,C100352,2024-12-15 17:54:00,bill_pay,21.26,0.06,groceries,True,COMPLETED,CanTho,paid
T5276,C100563,2024-12-15 17:55:00,transfer,131.16,0.26,entertainment,False,COMPLETED,HCMC,referral
T4822,C100517,2024-12-15 18:35:00,transfer,8.94,0.02,utilities,True,COMPLETED,Hanoi,organic
T274,C100033,2024-12-16 09:36:00,transfer,15.99,0.03,health,False,COMPLETED,CanTho,paid
T4370,C100460,2024-12-16 10:09:00,pay,7.33,0.04,transport,False,COMPLETED,HCMC,organic
T1936,C100218,2024-12-16 10:22:00,pay,14.16,0.07,other,False,COMPLETED,HCMC,referral
T4251,C100444,2024-12-16 11:44:00,transfer,25.5,0.05,transport,False,COMPLETED,Hanoi,organic
T2099,C100237,2024-12-16 13:45:00,pay,16.73,0.08,entertainment,False,COMPLETED,HCMC,campaign
T2855,C100307,2024-12-16 14:01:00,pay,53.58,0.27,food_delivery,True,COMPLETED,HCMC,organic
T2725,C100295,2024-12-16 14:14:00,transfer,51.3,0.1,food_delivery,True,COMPLETED,HCMC,paid
T3102,C100330,2024-12-16 14:17:00,savings,38.43,0.0,education,True,COMPLETED,CanTho,paid
T4878,C100523,2024-12-16 16:10:00,pay,18.55,0.09,transport,False,COMPLETED,HCMC,referral
T4153,C100435,2024-12-16 16:35:00,transfer,23.91,0.05,electronics,False,COMPLETED,Hanoi,paid
T3943,C100414,2024-12-16 16:38:00,savings,8.46,0.0,electronics,False,COMPLETED,HCMC,paid
T4674,C100497,2024-12-16 16:56:00,pay,13.81,0.07,transport,True,COMPLETED,HaiPhong,organic
T4737,C100505,2024-12-16 18:44:00,savings,22.13,0.0,entertainment,False,COMPLETED,HCMC,organic
T2264,C100257,2024-12-17 09:13:00,transfer,83.63,0.17,food_delivery,False,COMPLETED,DaNang,paid
T2226,C100255,2024-12-17 10:48:00,pay,27.34,0.14,utilities,True,FAILED,Hanoi,organic
T3863,C100404,2024-12-17 10:59:00,savings,130.57,0.0,food_delivery,False,COMPLETED,HCMC,organic
T4263,C100446,2024-12-17 11:00:00,savings,103.0,0.0,transport,False,COMPLETED,HCMC,organic
T2657,C100291,2024-12-17 11:24:00,savings,161.17,0.0,other,True,COMPLETED,HCMC,organic
T3247,C100342,2024-12-17 11:46:00,invest,59.1,0.03,electronics,True,COMPLETED,HCMC,organic
T2896,C100308,2024-12-17 12:42:00,transfer,7.43,0.01,groceries,True,COMPLETED,HCMC,paid
T3087,C100329,2024-12-17 15:19:00,pay,30.45,0.15,entertainment,True,FAILED,HCMC,organic
T2938,C100310,2024-12-17 15:40:00,pay,12.76,0.06,groceries,False,COMPLETED,HCMC,paid
T3070,C100328,2024-12-17 17:11:00,savings,7.93,0.0,groceries,False,COMPLETED,Hanoi,paid
T4596,C100488,2024-12-17 18:33:00,pay,96.84,0.48,groceries,True,COMPLETED,CanTho,organic
T4139,C100435,2024-12-17 20:45:00,transfer,24.34,0.05,education,False,COMPLETED,Hanoi,paid
T4314,C100452,2024-12-18 11:07:00,pay,34.03,0.17,food_delivery,False,COMPLETED,Hanoi,organic
T2459,C100270,2024-12-18 11:47:00,transfer,148.74,0.3,electronics,True,FAILED,Hanoi,organic
T1128,C100125,2024-12-18 17:08:00,transfer,60.94,0.12,health,False,COMPLETED,HCMC,referral
T713,C100076,2024-12-18 18:38:00,pay,41.16,0.21,fashion,True,COMPLETED,Hanoi,paid
T3782,C100397,2024-12-18 18:56:00,savings,41.03,0.0,fashion,False,COMPLETED,HCMC,paid
T3978,C100415,2024-12-18 19:36:00,pay,104.05,0.52,entertainment,False,COMPLETED,HCMC,organic
T869,C100093,2024-12-19 10:33:00,pay,10.33,0.05,transport,False,COMPLETED,Hanoi,organic
T4502,C100478,2024-12-19 11:07:00,invest,60.31,0.03,groceries,False,COMPLETED,HCMC,organic
T3496,C100367,2024-12-19 11:23:00,pay,44.52,0.22,food_delivery,False,COMPLETED,HCMC,paid
T2266,C100257,2024-12-19 12:35:00,pay,22.31,0.11,education,False,COMPLETED,DaNang,paid
T2470,C100271,2024-12-19 12:57:00,pay,25.66,0.13,groceries,False,COMPLETED,HCMC,paid
T963,C100107,2024-12-19 14:32:00,bill_pay,11.78,0.04,electronics,False,COMPLETED,HCMC,referral
T1484,C100169,2024-12-19 14:38:00,pay,8.26,0.04,health,True,COMPLETED,Hanoi,referral
T3653,C100386,2024-12-19 15:24:00,pay,39.79,0.2,education,False,COMPLETED,HCMC,organic
T3028,C100320,2024-12-19 15:28:00,pay,81.5,0.41,groceries,True,COMPLETED,CanTho,organic
T2066,C100236,2024-12-19 15:32:00,transfer,18.37,0.04,electronics,True,COMPLETED,CanTho,organic
T3245,C100342,2024-12-19 15:52:00,transfer,34.72,0.07,transport,True,COMPLETED,HCMC,organic
T2228,C100255,2024-12-19 17:29:00,pay,52.35,0.26,fashion,False,COMPLETED,Hanoi,organic
T1142,C100128,2024-12-19 18:07:00,pay,35.57,0.18,other,True,COMPLETED,HCMC,organic
T4461,C100477,2024-12-19 18:23:00,pay,52.23,0.26,groceries,False,COMPLETED,CanTho,paid
T2169,C100246,2024-12-19 19:24:00,topup,11.2,0.01,transport,False,COMPLETED,HCMC,referral
T3380,C100359,2024-12-19 20:56:00,transfer,38.56,0.08,food_delivery,True,COMPLETED,Hanoi,organic
T4884,C100524,2024-12-20 10:14:00,pay,33.14,0.17,health,True,COMPLETED,HCMC,organic
T4919,C100526,2024-12-20 10:23:00,transfer,25.07,0.05,education,False,COMPLETED,HCMC,paid
T3183,C100337,2024-12-20 11:08:00,transfer,21.65,0.04,other,False,COMPLETED,CanTho,referral
T4440,C100475,2024-12-20 11:11:00,topup,31.9,0.03,fashion,False,COMPLETED,HCMC,paid
T3005,C100318,2024-12-20 11:21:00,pay,64.3,0.32,transport,False,COMPLETED,CanTho,organic
T1023,C100117,2024-12-20 12:37:00,invest,28.52,0.01,groceries,True,COMPLETED,HCMC,organic
T2687,C100293,2024-12-20 13:17:00,pay,28.3,0.14,transport,False,COMPLETED,Hanoi,paid
T2110,C100238,2024-12-20 14:07:00,pay,15.96,0.08,food_delivery,False,COMPLETED,HCMC,paid
T4351,C100458,2024-12-20 14:07:00,bill_pay,20.79,0.06,entertainment,False,COMPLETED,HCMC,referral
T5024,C100538,2024-12-20 14:11:00,pay,66.63,0.33,health,False,COMPLETED,HaiPhong,organic
T3325,C100353,2024-12-20 14:50:00,transfer,60.47,0.12,transport,False,COMPLETED,HaiPhong,paid
T2235,C100255,2024-12-20 17:24:00,transfer,49.04,0.1,entertainment,False,COMPLETED,Hanoi,organic
T3457,C100366,2024-12-20 19:24:00,savings,10.23,0.0,electronics,True,COMPLETED,Hanoi,organic
T4068,C100424,2024-12-20 20:42:00,pay,71.02,0.36,electronics,False,COMPLETED,HaiPhong,organic
T4774,C100515,2024-12-21 09:49:00,pay,50.72,0.25,other,False,COMPLETED,Hanoi,paid
T338,C100037,2024-12-21 09:54:00,transfer,35.65,0.07,entertainment,True,COMPLETED,DaNang,paid
T5077,C100544,2024-12-21 10:10:00,savings,14.77,0.0,education,False,FAILED,DaNang,referral
T2700,C100294,2024-12-21 10:35:00,pay,26.94,0.13,groceries,False,COMPLETED,Hanoi,paid
T4539,C100484,2024-12-21 12:36:00,pay,15.81,0.08,utilities,True,COMPLETED,HCMC,referral
T4929,C100527,2024-12-21 12:42:00,savings,48.4,0.0,electronics,False,COMPLETED,HCMC,organic
T1328,C100149,2024-12-21 13:35:00,bill_pay,10.57,0.03,fashion,False,COMPLETED,HCMC,organic
T2563,C100278,2024-12-21 17:05:00,transfer,22.59,0.05,entertainment,False,COMPLETED,HCMC,paid
T2757,C100297,2024-12-21 18:29:00,pay,115.27,0.58,education,True,COMPLETED,HCMC,referral
T4136,C100432,2024-12-22 09:47:00,transfer,53.69,0.11,health,True,COMPLETED,Hanoi,referral
T3188,C100338,2024-12-22 10:28:00,savings,13.83,0.0,utilities,False,FAILED,HCMC,paid
T2966,C100312,2024-12-22 10:30:00,pay,11.79,0.06,utilities,True,COMPLETED,HCMC,campaign
T4643,C100496,2024-12-22 11:10:00,pay,8.07,0.04,education,False,COMPLETED,Hanoi,campaign
T3428,C100363,2024-12-22 11:33:00,pay,14.0,0.07,fashion,False,COMPLETED,HCMC,paid
T4277,C100450,2024-12-22 13:40:00,pay,34.21,0.17,fashion,False,COMPLETED,HaiPhong,referral
T4955,C100530,2024-12-22 14:40:00,pay,53.27,0.27,health,False,COMPLETED,HCMC,paid
T4272,C100448,2024-12-22 14:41:00,topup,152.86,0.15,transport,False,COMPLETED,Hanoi,organic
T1602,C100179,2024-12-22 14:57:00,savings,11.14,0.0,entertainment,True,COMPLETED,HCMC,paid
T3902,C100408,2024-12-22 15:26:00,bill_pay,45.25,0.14,education,False,COMPLETED,HaiPhong,organic
T2575,C100279,2024-12-22 15:30:00,transfer,13.94,0.03,other,True,FAILED,Hanoi,paid
T4110,C100427,2024-12-22 15:38:00,pay,5.52,0.03,groceries,False,COMPLETED,HCMC,paid
T3917,C100408,2024-12-22 16:05:00,transfer,22.12,0.04,education,False,COMPLETED,HaiPhong,organic
T1455,C100167,2024-12-22 18:37:00,savings,88.63,0.0,health,True,COMPLETED,DaNang,paid
T1719,C100196,2024-12-22 19:57:00,bill_pay,34.82,0.1,utilities,False,COMPLETED,HCMC,organic
T1497,C100171,2024-12-23 09:13:00,transfer,83.11,0.17,fashion,False,COMPLETED,HCMC,organic
T428,C100043,2024-12-23 09:17:00,pay,40.4,0.2,fashion,False,COMPLETED,DaNang,paid
T1507,C100171,2024-12-23 09:30:00,pay,22.17,0.11,utilities,True,COMPLETED,HCMC,organic
T4874,C100523,2024-12-23 10:22:00,savings,51.62,0.0,entertainment,True,COMPLETED,HCMC,referral
T3776,C100397,2024-12-23 10:24:00,bill_pay,13.2,0.04,food_delivery,False,COMPLETED,HCMC,paid
T4353,C100459,2024-12-23 11:09:00,transfer,38.34,0.08,education,False,COMPLETED,Hanoi,campaign
T2539,C100275,2024-12-23 11:17:00,pay,13.95,0.07,transport,False,COMPLETED,Hanoi,paid
T4675,C100500,2024-12-23 12:21:00,transfer,29.24,0.06,health,False,COMPLETED,HCMC,campaign
T927,C100104,2024-12-23 12:27:00,pay,25.6,0.13,health,False,COMPLETED,HCMC,organic
T3125,C100331,2024-12-23 13:05:00,transfer,44.89,0.09,transport,False,COMPLETED,Hanoi,campaign
T2784,C100298,2024-12-23 15:34:00,transfer,32.4,0.06,education,True,COMPLETED,DaNang,organic
T4498,C100478,2024-12-23 16:38:00,transfer,47.45,0.09,entertainment,False,COMPLETED,HCMC,organic
T4736,C100505,2024-12-23 17:18:00,transfer,5.59,0.01,entertainment,False,FAILED,HCMC,organic
T3855,C100404,2024-12-23 19:08:00,savings,169.3,0.0,electronics,True,COMPLETED,HCMC,organic
T5126,C100548,2024-12-23 20:37:00,bill_pay,68.03,0.2,groceries,False,COMPLETED,Hanoi,referral
T1283,C100142,2024-12-24 09:14:00,pay,35.03,0.18,health,False,COMPLETED,HaiPhong,paid
T2361,C100265,2024-12-24 09:27:00,bill_pay,29.07,0.09,utilities,True,COMPLETED,Hanoi,organic
T2871,C100307,2024-12-24 09:28:00,invest,28.59,0.01,entertainment,True,COMPLETED,HCMC,organic
T4385,C100460,2024-12-24 09:30:00,pay,28.02,0.14,other,False,COMPLETED,HCMC,organic
T249,C100032,2024-12-24 10:41:00,transfer,62.76,0.13,other,True,COMPLETED,Hanoi,paid
T3792,C100400,2024-12-24 12:53:00,pay,103.45,0.52,food_delivery,True,COMPLETED,Hanoi,organic
T253,C100032,2024-12-24 13:10:00,savings,20.97,0.0,fashion,False,COMPLETED,Hanoi,paid
T4945,C100527,2024-12-24 13:14:00,savings,27.26,0.0,electronics,False,COMPLETED,HCMC,organic
T4191,C100437,2024-12-24 14:01:00,pay,26.6,0.13,utilities,False,COMPLETED,DaNang,organic
T148,C100022,2024-12-24 14:32:00,savings,45.47,0.0,education,True,COMPLETED,HCMC,organic
T4046,C100422,2024-12-24 16:26:00,savings,152.64,0.0,food_delivery,True,COMPLETED,Hanoi,organic
T4217,C100438,2024-12-24 16:46:00,pay,21.53,0.11,food_delivery,True,COMPLETED,HCMC,paid
T3320,C100352,2024-12-24 17:20:00,pay,20.54,0.1,electronics,True,COMPLETED,CanTho,paid
T3663,C100386,2024-12-24 18:29:00,pay,74.78,0.37,entertainment,True,COMPLETED,HCMC,organic
T4335,C100453,2024-12-24 20:39:00,savings,40.79,0.0,transport,False,COMPLETED,Hanoi,paid
T4654,C100496,2024-12-25 11:34:00,transfer,34.09,0.07,fashion,False,COMPLETED,Hanoi,campaign
T2569,C100278,2024-12-25 11:56:00,savings,8.9,0.0,other,False,COMPLETED,HCMC,paid
T3509,C100367,2024-12-25 12:15:00,pay,15.41,0.08,education,False,COMPLETED,HCMC,paid
T5049,C100542,2024-12-25 12:35:00,transfer,85.03,0.17,electronics,True,COMPLETED,HCMC,organic
T3390,C100359,2024-12-25 13:27:00,savings,15.43,0.0,food_delivery,True,COMPLETED,Hanoi,organic
T4907,C100526,2024-12-25 13:37:00,transfer,9.33,0.02,electronics,False,COMPLETED,HCMC,paid
T815,C100086,2024-12-25 15:03:00,pay,17.38,0.09,health,False,COMPLETED,HCMC,organic
T4538,C100484,2024-12-25 15:34:00,bill_pay,18.45,0.06,other,True,COMPLETED,HCMC,referral
T4971,C100533,2024-12-25 16:16:00,savings,31.57,0.0,food_delivery,True,COMPLETED,Hanoi,paid
T4979,C100533,2024-12-25 16:47:00,transfer,71.01,0.14,health,False,COMPLETED,Hanoi,paid
T3123,C100331,2024-12-25 17:05:00,invest,37.27,0.02,entertainment,False,COMPLETED,Hanoi,campaign
T1672,C100190,2024-12-25 17:55:00,bill_pay,25.46,0.08,fashion,False,COMPLETED,CanTho,referral
T3597,C100376,2024-12-25 19:05:00,pay,18.69,0.09,groceries,True,COMPLETED,HCMC,paid
T4034,C100420,2024-12-25 19:26:00,bill_pay,39.26,0.12,transport,False,COMPLETED,HCMC,organic
T4077,C100424,2024-12-25 19:29:00,transfer,9.69,0.02,utilities,True,COMPLETED,HaiPhong,organic
T2695,C100293,2024-12-25 20:19:00,pay,52.99,0.26,health,False,COMPLETED,Hanoi,paid
T44,C100009,2024-12-25 20:59:00,transfer,17.12,0.03,health,True,COMPLETED,Hanoi,organic
T2380,C100266,2024-12-26 09:14:00,savings,52.32,0.0,health,True,COMPLETED,Hanoi,organic
T701,C100075,2024-12-26 09:35:00,transfer,27.2,0.05,education,False,COMPLETED,Hanoi,organic
T2389,C100266,2024-12-26 10:16:00,savings,149.13,0.0,food_delivery,False,COMPLETED,Hanoi,organic
T4655,C100497,2024-12-26 13:10:00,transfer,36.73,0.07,groceries,True,COMPLETED,HaiPhong,organic
T2607,C100286,2024-12-26 15:53:00,bill_pay,24.7,0.07,groceries,True,COMPLETED,DaNang,organic
T3277,C100346,2024-12-26 17:44:00,transfer,31.45,0.06,entertainment,True,COMPLETED,HCMC,organic
T4130,C100429,2024-12-26 20:20:00,transfer,52.79,0.11,food_delivery,False,COMPLETED,HaiPhong,referral
T4016,C100420,2024-12-27 09:31:00,pay,18.1,0.09,food_delivery,True,COMPLETED,HCMC,organic
T3481,C100366,2024-12-27 11:15:00,transfer,24.58,0.05,fashion,False,COMPLETED,Hanoi,organic
T5080,C100544,2024-12-27 13:43:00,savings,48.3,0.0,health,False,COMPLETED,DaNang,referral
T179,C100024,2024-12-27 14:28:00,savings,159.83,0.0,education,False,COMPLETED,HCMC,organic
T5462,C100581,2024-12-27 15:01:00,bill_pay,10.2,0.03,health,True,COMPLETED,HCMC,referral
T5388,C100575,2024-12-27 16:18:00,savings,35.34,0.0,transport,True,COMPLETED,HCMC,referral
T3185,C100337,2024-12-27 17:08:00,savings,38.73,0.0,entertainment,True,COMPLETED,CanTho,referral
T1696,C100194,2024-12-27 18:12:00,transfer,31.33,0.06,food_delivery,False,COMPLETED,HCMC,referral
T4336,C100456,2024-12-27 18:36:00,savings,49.33,0.0,education,True,COMPLETED,HCMC,organic
T580,C100056,2024-12-27 18:46:00,transfer,7.2,0.01,transport,True,COMPLETED,DaNang,paid
T5004,C100534,2024-12-27 19:17:00,savings,26.23,0.0,electronics,False,COMPLETED,HaiPhong,organic
T2363,C100265,2024-12-27 19:36:00,pay,31.88,0.16,groceries,True,FAILED,Hanoi,organic
T1762,C100202,2024-12-27 20:16:00,pay,32.44,0.16,food_delivery,False,COMPLETED,CanTho,organic
T2186,C100249,2024-12-28 09:18:00,transfer,47.94,0.1,transport,True,COMPLETED,HCMC,organic
T3217,C100340,2024-12-28 10:46:00,pay,24.92,0.12,health,False,COMPLETED,HCMC,organic
T5314,C100570,2024-12-28 12:01:00,transfer,104.92,0.21,utilities,True,COMPLETED,Hanoi,organic
T4019,C100420,2024-12-28 13:13:00,topup,39.28,0.04,fashion,False,FAILED,HCMC,organic
T4204,C100438,2024-12-28 13:45:00,transfer,37.8,0.08,health,False,COMPLETED,HCMC,paid
T5411,C100576,2024-12-28 13:56:00,savings,32.51,0.0,other,False,COMPLETED,HCMC,referral
T529,C100049,2024-12-28 14:10:00,invest,106.21,0.05,transport,True,COMPLETED,HCMC,referral
T4830,C100518,2024-12-28 14:58:00,invest,56.54,0.03,other,True,COMPLETED,DaNang,organic
T3097,C100330,2024-12-28 15:47:00,pay,34.97,0.17,electronics,True,COMPLETED,CanTho,paid
T5356,C100572,2024-12-28 16:05:00,pay,16.64,0.08,other,False,COMPLETED,HCMC,organic
T1008,C100115,2024-12-28 16:10:00,pay,34.72,0.17,fashion,True,COMPLETED,HCMC,referral
T5420,C100578,2024-12-28 16:38:00,pay,33.53,0.17,fashion,False,COMPLETED,Hanoi,organic
T1988,C100223,2024-12-28 16:46:00,savings,86.93,0.0,fashion,True,COMPLETED,HCMC,referral
T2016,C100229,2024-12-28 16:56:00,pay,35.98,0.18,other,False,COMPLETED,HCMC,paid
T341,C100037,2024-12-28 17:21:00,savings,60.39,0.0,utilities,False,COMPLETED,DaNang,paid
T4703,C100501,2024-12-28 17:35:00,topup,28.81,0.03,electronics,False,FAILED,HCMC,organic
T3643,C100385,2024-12-28 18:06:00,pay,15.6,0.08,transport,True,COMPLETED,Hanoi,referral
T175,C100024,2024-12-28 20:19:00,transfer,9.35,0.02,health,True,COMPLETED,HCMC,organic
T2177,C100246,2024-12-29 09:20:00,pay,20.59,0.1,health,False,COMPLETED,HCMC,referral
T2409,C100267,2024-12-29 10:29:00,transfer,95.8,0.19,electronics,False,COMPLETED,HCMC,organic
T4492,C100478,2024-12-29 10:38:00,bill_pay,11.79,0.04,food_delivery,False,COMPLETED,HCMC,organic
T3424,C100360,2024-12-29 10:54:00,transfer,135.66,0.27,transport,False,COMPLETED,HaiPhong,campaign
T2020,C100229,2024-12-29 11:31:00,transfer,5.15,0.01,education,False,COMPLETED,HCMC,paid
T4613,C100489,2024-12-29 13:50:00,transfer,39.63,0.08,entertainment,False,COMPLETED,Hanoi,organic
T4303,C100452,2024-12-29 13:56:00,transfer,65.61,0.13,fashion,True,COMPLETED,Hanoi,organic
T4246,C100444,2024-12-29 14:34:00,bill_pay,14.34,0.04,transport,True,COMPLETED,Hanoi,organic
T3577,C100376,2024-12-29 14:54:00,transfer,28.44,0.06,health,False,COMPLETED,HCMC,paid
T5099,C100546,2024-12-29 16:42:00,savings,53.44,0.0,entertainment,False,COMPLETED,HCMC,paid
T2921,C100309,2024-12-29 17:14:00,pay,4.79,0.02,education,False,COMPLETED,HCMC,paid
T3562,C100374,2024-12-29 18:05:00,savings,16.42,0.0,entertainment,False,COMPLETED,Hanoi,referral
T4120,C100429,2024-12-29 18:06:00,topup,23.59,0.02,transport,False,COMPLETED,HaiPhong,referral
T2105,C100238,2024-12-29 18:21:00,savings,27.13,0.0,electronics,True,COMPLETED,HCMC,paid
T5199,C100553,2024-12-29 18:28:00,pay,12.27,0.06,electronics,True,COMPLETED,HCMC,organic
T928,C100104,2024-12-29 18:56:00,bill_pay,17.57,0.05,transport,False,COMPLETED,HCMC,organic
T272,C100033,2024-12-30 09:08:00,savings,8.62,0.0,entertainment,False,COMPLETED,CanTho,paid
T4803,C100517,2024-12-30 09:59:00,pay,18.01,0.09,transport,True,COMPLETED,Hanoi,organic
T3558,C100374,2024-12-30 11:35:00,transfer,114.82,0.23,fashion,False,COMPLETED,Hanoi,referral
T5012,C100537,2024-12-30 11:41:00,pay,3.8,0.02,food_delivery,False,COMPLETED,DaNang,organic
T2178,C100249,2024-12-30 12:32:00,pay,41.92,0.21,food_delivery,False,COMPLETED,HCMC,organic
T3972,C100415,2024-12-30 14:13:00,pay,58.74,0.29,entertainment,False,COMPLETED,HCMC,organic
T3441,C100363,2024-12-30 14:37:00,pay,34.76,0.17,electronics,True,COMPLETED,HCMC,paid
T4237,C100440,2024-12-30 16:19:00,pay,46.9,0.23,education,False,COMPLETED,CanTho,campaign
T4121,C100429,2024-12-30 16:43:00,bill_pay,29.93,0.09,food_delivery,False,COMPLETED,HaiPhong,referral
T2398,C100267,2024-12-30 17:58:00,pay,31.36,0.16,utilities,False,COMPLETED,HCMC,organic
T664,C100068,2024-12-30 18:02:00,savings,58.89,0.0,entertainment,False,COMPLETED,HCMC,organic
T4155,C100435,2024-12-30 20:37:00,pay,27.47,0.14,utilities,True,COMPLETED,Hanoi,paid
T2198,C100249,2024-12-31 09:53:00,pay,19.84,0.1,utilities,False,COMPLETED,HCMC,organic
T3186,C100338,2024-12-31 10:28:00,bill_pay,55.54,0.17,education,False,COMPLETED,HCMC,paid
T912,C100097,2024-12-31 11:03:00,pay,30.31,0.15,electronics,False,COMPLETED,HCMC,paid
T1549,C100175,2024-12-31 11:05:00,savings,15.6,0.0,food_delivery,True,COMPLETED,HaiPhong,campaign
T311,C100036,2024-12-31 11:15:00,pay,18.14,0.09,health,False,COMPLETED,Hanoi,campaign
T1834,C100205,2024-12-31 11:32:00,savings,49.46,0.0,fashion,True,COMPLETED,HCMC,organic
T1091,C100121,2024-12-31 13:47:00,savings,49.39,0.0,electronics,False,COMPLETED,HCMC,organic
T1499,C100171,2024-12-31 15:44:00,savings,372.73,0.0,health,True,COMPLETED,HCMC,organic
T5372,C100575,2024-12-31 15:45:00,pay,16.56,0.08,food_delivery,True,COMPLETED,HCMC,referral
T92,C100017,2024-12-31 16:28:00,pay,29.1,0.15,utilities,False,COMPLETED,HCMC,organic
T2780,C100298,2024-12-31 17:11:00,savings,45.09,0.0,transport,True,COMPLETED,DaNang,organic
T2705,C100294,2024-12-31 17:51:00,pay,84.35,0.42,education,False,COMPLETED,Hanoi,paid
T608,C100058,2024-12-31 19:18:00,pay,33.25,0.17,food_delivery,True,COMPLETED,Hanoi,referral
T2612,C100286,2024-12-31 19:58:00,pay,16.53,0.08,transport,True,COMPLETED,DaNang,organic
T1213,C100133,2024-12-31 20:16:00,pay,29.5,0.15,entertainment,False,COMPLETED,Hanoi,referral
T5599,C100595,2024-12-31 20:17:00,transfer,25.72,0.05,groceries,True,COMPLETED,HCMC,referral
T3531,C100370,2025-01-01 10:37:00,pay,8.82,0.04,other,True,COMPLETED,Hanoi,organic
T4656,C100497,2025-01-01 10:37:00,pay,33.39,0.17,utilities,False,COMPLETED,HaiPhong,organic
T3992,C100418,2025-01-01 11:23:00,savings,14.36,0.0,electronics,False,COMPLETED,CanTho,campaign
T4330,C100453,2025-01-01 11:40:00,savings,31.01,0.0,health,True,COMPLETED,Hanoi,paid
T2800,C100299,2025-01-01 11:55:00,transfer,62.65,0.13,health,False,COMPLETED,HCMC,organic
T1384,C100157,2025-01-01 12:28:00,pay,119.08,0.6,education,False,COMPLETED,Hanoi,referral
T5452,C100581,2025-01-01 14:58:00,topup,53.8,0.05,education,False,COMPLETED,HCMC,referral
T1949,C100219,2025-01-01 16:48:00,savings,19.78,0.0,utilities,True,COMPLETED,CanTho,paid
T419,C100043,2025-01-01 17:18:00,transfer,12.52,0.03,education,False,COMPLETED,DaNang,paid
T2627,C100286,2025-01-01 18:32:00,savings,24.42,0.0,other,False,COMPLETED,DaNang,organic
T747,C100080,2025-01-01 19:36:00,savings,8.22,0.0,health,True,COMPLETED,HCMC,referral
T2955,C100311,2025-01-01 19:39:00,topup,17.57,0.02,groceries,True,COMPLETED,CanTho,campaign
T2368,C100265,2025-01-01 20:06:00,pay,32.26,0.16,education,True,COMPLETED,Hanoi,organic
T4259,C100444,2025-01-02 09:04:00,pay,31.61,0.16,electronics,False,COMPLETED,Hanoi,organic
T4224,C100440,2025-01-02 09:28:00,pay,27.95,0.14,groceries,True,COMPLETED,CanTho,campaign
T1970,C100222,2025-01-02 09:54:00,transfer,16.12,0.03,other,False,COMPLETED,DaNang,organic
T1217,C100133,2025-01-02 09:55:00,pay,10.11,0.05,utilities,False,COMPLETED,Hanoi,referral
T1238,C100134,2025-01-02 10:14:00,pay,51.15,0.26,transport,True,COMPLETED,HCMC,organic
T3921,C100409,2025-01-02 10:55:00,pay,44.41,0.22,utilities,False,COMPLETED,HCMC,paid
T3777,C100397,2025-01-02 11:17:00,pay,8.96,0.04,food_delivery,True,COMPLETED,HCMC,paid
T2434,C100269,2025-01-02 12:16:00,transfer,172.66,0.35,health,False,FAILED,Hanoi,organic
T5309,C100570,2025-01-02 12:26:00,pay,98.7,0.49,health,False,COMPLETED,Hanoi,organic
T4686,C100500,2025-01-02 13:00:00,transfer,20.84,0.04,other,False,COMPLETED,HCMC,campaign
T4297,C100451,2025-01-02 13:51:00,pay,22.85,0.11,groceries,True,COMPLETED,Hanoi,organic
T3598,C100377,2025-01-02 14:09:00,bill_pay,170.62,0.51,food_delivery,True,COMPLETED,HCMC,referral
T2223,C100255,2025-01-02 15:28:00,transfer,46.08,0.09,transport,False,COMPLETED,Hanoi,organic
T1102,C100121,2025-01-02 15:45:00,pay,25.56,0.13,groceries,False,COMPLETED,HCMC,organic
T3030,C100320,2025-01-02 17:28:00,transfer,82.36,0.16,education,True,COMPLETED,CanTho,organic
T2512,C100274,2025-01-02 18:18:00,savings,13.88,0.0,utilities,True,COMPLETED,HCMC,organic
T4898,C100524,2025-01-02 18:56:00,bill_pay,28.18,0.08,education,True,COMPLETED,HCMC,organic
T4566,C100485,2025-01-02 19:38:00,savings,46.1,0.0,education,False,COMPLETED,HCMC,organic
T3045,C100325,2025-01-02 20:05:00,transfer,16.07,0.03,entertainment,True,COMPLETED,HCMC,referral
T4717,C100503,2025-01-03 09:33:00,savings,88.53,0.0,groceries,False,COMPLETED,Hanoi,organic
T4867,C100520,2025-01-03 10:07:00,transfer,18.88,0.04,utilities,False,COMPLETED,HCMC,organic
T3616,C100383,2025-01-03 11:06:00,pay,34.31,0.17,utilities,False,FAILED,CanTho,organic
T1664,C100190,2025-01-03 12:57:00,pay,54.86,0.27,other,True,COMPLETED,CanTho,referral
T3273,C100346,2025-01-03 13:26:00,transfer,71.15,0.14,fashion,False,COMPLETED,HCMC,organic
T2267,C100257,2025-01-03 13:51:00,pay,43.48,0.22,electronics,True,COMPLETED,DaNang,paid
T5381,C100575,2025-01-03 15:12:00,pay,34.23,0.17,food_delivery,True,COMPLETED,HCMC,referral
T1312,C100144,2025-01-03 15:36:00,transfer,34.51,0.07,transport,False,COMPLETED,HCMC,organic
T2682,C100293,2025-01-03 15:41:00,pay,16.68,0.08,transport,True,COMPLETED,Hanoi,paid
T3222,C100341,2025-01-03 16:21:00,transfer,61.86,0.12,other,True,COMPLETED,Hanoi,organic
T1843,C100206,2025-01-03 16:29:00,transfer,63.91,0.13,other,False,COMPLETED,Hanoi,paid
T2923,C100309,2025-01-03 16:39:00,transfer,94.92,0.19,fashion,False,COMPLETED,HCMC,paid
T4051,C100422,2025-01-03 19:07:00,bill_pay,34.63,0.1,health,False,FAILED,Hanoi,organic
T104,C100017,2025-01-03 19:22:00,topup,12.52,0.01,fashion,False,COMPLETED,HCMC,organic
T2886,C100308,2025-01-03 19:57:00,pay,21.0,0.1,education,False,COMPLETED,HCMC,paid
T3343,C100354,2025-01-03 20:46:00,pay,32.33,0.16,utilities,True,COMPLETED,HCMC,paid
T1326,C100149,2025-01-04 09:26:00,pay,24.21,0.12,transport,True,COMPLETED,HCMC,organic
T845,C100091,2025-01-04 10:50:00,savings,27.74,0.0,food_delivery,False,FAILED,Hanoi,paid
T4800,C100516,2025-01-04 11:36:00,pay,35.9,0.18,education,False,COMPLETED,Hanoi,referral
T2863,C100307,2025-01-04 12:47:00,topup,33.53,0.03,fashion,False,COMPLETED,HCMC,organic
T1197,C100132,2025-01-04 14:09:00,transfer,24.35,0.05,education,True,COMPLETED,Hanoi,paid
T3749,C100395,2025-01-04 16:50:00,pay,16.49,0.08,education,True,COMPLETED,Hanoi,organic
T1476,C100169,2025-01-04 16:53:00,pay,18.72,0.09,transport,True,COMPLETED,Hanoi,referral
T3988,C100418,2025-01-04 17:20:00,transfer,16.9,0.03,groceries,False,COMPLETED,CanTho,campaign
T1607,C100179,2025-01-04 17:51:00,pay,1.72,0.01,fashion,False,COMPLETED,HCMC,paid
T467,C100045,2025-01-04 18:13:00,pay,15.2,0.08,fashion,False,COMPLETED,CanTho,paid
T3035,C100322,2025-01-04 19:17:00,transfer,31.47,0.06,education,False,COMPLETED,HCMC,paid
T3337,C100354,2025-01-04 19:26:00,pay,28.92,0.14,electronics,False,COMPLETED,HCMC,paid
T4291,C100451,2025-01-04 19:36:00,savings,56.53,0.0,transport,True,COMPLETED,Hanoi,organic
T2961,C100312,2025-01-04 20:01:00,bill_pay,36.37,0.11,fashion,False,COMPLETED,HCMC,campaign
T4764,C100512,2025-01-04 20:23:00,pay,40.64,0.2,electronics,True,COMPLETED,HCMC,campaign
T3356,C100356,2025-01-04 20:43:00,pay,27.09,0.14,other,True,COMPLETED,HCMC,organic
T32,C100008,2025-01-05 09:10:00,bill_pay,31.14,0.09,other,False,COMPLETED,Hanoi,organic
T1768,C100202,2025-01-05 09:20:00,pay,59.71,0.3,groceries,False,COMPLETED,CanTho,organic
T606,C100058,2025-01-05 09:29:00,pay,15.26,0.08,electronics,False,COMPLETED,Hanoi,referral
T2012,C100229,2025-01-05 10:13:00,pay,19.33,0.1,other,False,COMPLETED,HCMC,paid
T4344,C100458,2025-01-05 10:49:00,invest,18.07,0.01,electronics,False,COMPLETED,HCMC,referral
T2722,C100295,2025-01-05 11:10:00,pay,7.35,0.04,transport,True,COMPLETED,HCMC,paid
T5249,C100559,2025-01-05 11:11:00,bill_pay,18.74,0.06,utilities,True,COMPLETED,HCMC,referral
T624,C100059,2025-01-05 11:16:00,transfer,12.32,0.02,education,False,COMPLETED,Hanoi,organic
T2448,C100270,2025-01-05 12:35:00,pay,40.32,0.2,entertainment,False,COMPLETED,Hanoi,organic
T4748,C100505,2025-01-05 12:50:00,pay,48.85,0.24,entertainment,False,COMPLETED,HCMC,organic
T2945,C100310,2025-01-05 13:00:00,invest,32.15,0.02,entertainment,False,COMPLETED,HCMC,paid
T3130,C100331,2025-01-05 13:44:00,transfer,56.96,0.11,education,False,FAILED,Hanoi,campaign
T2353,C100264,2025-01-05 14:20:00,pay,31.48,0.16,education,True,COMPLETED,HCMC,organic
T2782,C100298,2025-01-05 15:20:00,transfer,22.76,0.05,entertainment,False,COMPLETED,DaNang,organic
T3258,C100343,2025-01-05 16:50:00,savings,34.76,0.0,fashion,True,COMPLETED,Hanoi,campaign
T5139,C100548,2025-01-05 18:15:00,pay,101.51,0.51,utilities,False,COMPLETED,Hanoi,referral
T4581,C100486,2025-01-05 18:38:00,savings,62.92,0.0,groceries,False,COMPLETED,HCMC,paid
T185,C100024,2025-01-05 19:02:00,savings,30.5,0.0,health,False,COMPLETED,HCMC,organic
T1469,C100169,2025-01-05 20:26:00,pay,45.74,0.23,groceries,True,COMPLETED,Hanoi,referral
T4953,C100530,2025-01-06 09:42:00,pay,24.18,0.12,food_delivery,True,COMPLETED,HCMC,paid
T3084,C100329,2025-01-06 10:28:00,savings,9.17,0.0,electronics,True,COMPLETED,HCMC,organic
T173,C100024,2025-01-06 10:38:00,transfer,41.5,0.08,groceries,False,COMPLETED,HCMC,organic
T5192,C100553,2025-01-06 12:10:00,pay,47.65,0.24,electronics,True,COMPLETED,HCMC,organic
T488,C100046,2025-01-06 12:34:00,invest,30.62,0.02,food_delivery,True,COMPLETED,Hanoi,organic
T5499,C100584,2025-01-06 13:24:00,savings,59.26,0.0,groceries,False,COMPLETED,CanTho,organic
T601,C100058,2025-01-06 15:24:00,transfer,23.68,0.05,food_delivery,False,COMPLETED,Hanoi,referral
T631,C100063,2025-01-06 16:00:00,transfer,46.29,0.09,utilities,False,COMPLETED,HCMC,organic
T1760,C100202,2025-01-06 16:10:00,invest,47.37,0.02,groceries,True,COMPLETED,CanTho,organic
T2599,C100284,2025-01-06 16:19:00,pay,45.81,0.23,education,False,COMPLETED,HaiPhong,paid
T2048,C100233,2025-01-06 17:49:00,savings,75.35,0.0,other,False,COMPLETED,HaiPhong,organic
T976,C100113,2025-01-06 19:51:00,pay,128.01,0.64,health,False,COMPLETED,HaiPhong,organic
T2793,C100299,2025-01-06 20:24:00,savings,22.03,0.0,groceries,False,COMPLETED,HCMC,organic
T2345,C100264,2025-01-07 09:24:00,invest,19.16,0.01,other,False,COMPLETED,HCMC,organic
T2617,C100286,2025-01-07 10:03:00,savings,14.38,0.0,transport,True,COMPLETED,DaNang,organic
T1408,C100162,2025-01-07 10:12:00,pay,12.07,0.06,food_delivery,False,COMPLETED,HCMC,campaign
T2887,C100308,2025-01-07 11:19:00,transfer,25.2,0.05,entertainment,False,COMPLETED,HCMC,paid
T4731,C100505,2025-01-07 14:18:00,savings,29.15,0.0,other,False,COMPLETED,HCMC,organic
T1978,C100222,2025-01-07 14:45:00,pay,82.8,0.41,other,False,COMPLETED,DaNang,organic
T5555,C100592,2025-01-07 14:52:00,bill_pay,31.38,0.09,other,False,COMPLETED,HCMC,organic
T4912,C100526,2025-01-07 15:49:00,savings,9.94,0.0,transport,False,COMPLETED,HCMC,paid
T3949,C100414,2025-01-07 16:16:00,pay,38.2,0.19,transport,False,COMPLETED,HCMC,paid
T5479,C100584,2025-01-07 16:48:00,transfer,21.15,0.04,education,False,COMPLETED,CanTho,organic
T1837,C100205,2025-01-07 18:19:00,transfer,46.79,0.09,fashion,True,COMPLETED,HCMC,organic
T2839,C100304,2025-01-07 18:22:00,pay,78.47,0.39,utilities,False,COMPLETED,HCMC,organic
T900,C100095,2025-01-07 18:26:00,pay,110.41,0.55,fashion,False,COMPLETED,HCMC,campaign
T3534,C100370,2025-01-07 18:43:00,savings,69.27,0.0,utilities,False,COMPLETED,Hanoi,organic
T5159,C100551,2025-01-07 20:51:00,pay,7.59,0.04,health,False,COMPLETED,Hanoi,paid
T2497,C100272,2025-01-08 10:27:00,savings,32.79,0.0,transport,True,COMPLETED,Hanoi,referral
T4328,C100452,2025-01-08 10:54:00,transfer,70.35,0.14,transport,False,COMPLETED,Hanoi,organic
T5410,C100576,2025-01-08 10:59:00,savings,22.78,0.0,education,False,COMPLETED,HCMC,referral
T1902,C100212,2025-01-08 11:53:00,bill_pay,19.12,0.06,fashion,False,COMPLETED,HCMC,organic
T3700,C100390,2025-01-08 14:12:00,bill_pay,5.3,0.02,health,True,COMPLETED,HCMC,paid
T3057,C100327,2025-01-08 14:15:00,transfer,16.4,0.03,other,False,COMPLETED,Hanoi,organic
T2290,C100257,2025-01-08 14:50:00,pay,14.36,0.07,health,True,FAILED,DaNang,paid
T3735,C100391,2025-01-08 17:29:00,pay,23.98,0.12,health,True,COMPLETED,HCMC,organic
T5272,C100563,2025-01-08 17:49:00,pay,13.56,0.07,electronics,False,COMPLETED,HCMC,referral
T4383,C100460,2025-01-08 17:50:00,pay,15.25,0.08,transport,False,COMPLETED,HCMC,organic
T3973,C100415,2025-01-08 17:56:00,transfer,25.1,0.05,groceries,False,COMPLETED,HCMC,organic
T1668,C100190,2025-01-08 18:34:00,savings,44.93,0.0,food_delivery,True,COMPLETED,CanTho,referral
T4050,C100422,2025-01-08 19:00:00,transfer,20.01,0.04,food_delivery,True,COMPLETED,Hanoi,organic
T5006,C100535,2025-01-08 19:11:00,savings,27.36,0.0,transport,False,COMPLETED,HCMC,organic
T3160,C100334,2025-01-08 20:17:00,savings,62.38,0.0,fashion,False,COMPLETED,HCMC,organic
T4358,C100459,2025-01-08 20:23:00,savings,253.3,0.0,other,True,COMPLETED,Hanoi,campaign
T4175,C100436,2025-01-08 20:50:00,transfer,58.04,0.12,electronics,False,COMPLETED,HCMC,organic
T3122,C100331,2025-01-09 09:21:00,transfer,57.06,0.11,utilities,True,COMPLETED,Hanoi,campaign
T1426,C100166,2025-01-09 11:05:00,savings,34.11,0.0,food_delivery,False,COMPLETED,HCMC,referral
T2762,C100297,2025-01-09 11:55:00,transfer,34.6,0.07,groceries,False,COMPLETED,HCMC,referral
T4086,C100425,2025-01-09 11:55:00,savings,55.33,0.0,other,True,COMPLETED,HCMC,organic
T469,C100045,2025-01-09 12:29:00,pay,46.91,0.23,other,False,COMPLETED,CanTho,paid
T4526,C100481,2025-01-09 12:33:00,savings,53.65,0.0,groceries,False,COMPLETED,Hanoi,organic
T3039,C100325,2025-01-09 12:45:00,transfer,29.99,0.06,entertainment,False,COMPLETED,HCMC,referral
T3775,C100397,2025-01-09 12:46:00,savings,86.56,0.0,education,False,COMPLETED,HCMC,paid
T4605,C100489,2025-01-09 12:48:00,topup,60.29,0.06,fashion,True,COMPLETED,Hanoi,organic
T4592,C100488,2025-01-09 12:49:00,transfer,55.84,0.11,entertainment,False,COMPLETED,CanTho,organic
T5502,C100588,2025-01-09 13:29:00,savings,42.45,0.0,entertainment,True,COMPLETED,HCMC,organic
T283,C100034,2025-01-09 14:07:00,topup,94.4,0.09,entertainment,True,FAILED,CanTho,referral
T3073,C100329,2025-01-09 14:28:00,pay,69.38,0.35,electronics,True,FAILED,HCMC,organic
T3772,C100397,2025-01-09 15:34:00,savings,27.01,0.0,groceries,True,FAILED,HCMC,paid
T4014,C100419,2025-01-09 15:48:00,topup,8.45,0.01,fashion,False,COMPLETED,Hanoi,referral
T226,C100029,2025-01-09 17:21:00,pay,44.85,0.22,electronics,False,COMPLETED,HaiPhong,organic
T880,C100094,2025-01-09 18:29:00,pay,31.5,0.16,food_delivery,False,COMPLETED,CanTho,paid
T3519,C100369,2025-01-09 19:23:00,transfer,13.62,0.03,food_delivery,True,COMPLETED,HCMC,paid
T1143,C100128,2025-01-09 20:42:00,transfer,10.95,0.02,transport,False,COMPLETED,HCMC,organic
T2376,C100265,2025-01-09 20:47:00,transfer,15.41,0.03,education,True,COMPLETED,Hanoi,organic
T654,C100068,2025-01-10 09:34:00,pay,16.67,0.08,education,False,COMPLETED,HCMC,organic
T4406,C100465,2025-01-10 10:36:00,savings,22.66,0.0,health,False,COMPLETED,Hanoi,paid
T1159,C100129,2025-01-10 11:38:00,savings,128.49,0.0,food_delivery,True,COMPLETED,HCMC,organic
T3551,C100374,2025-01-10 12:14:00,bill_pay,20.97,0.06,food_delivery,True,COMPLETED,Hanoi,referral
T3298,C100349,2025-01-10 13:34:00,pay,64.77,0.32,education,False,COMPLETED,HCMC,organic
T5066,C100542,2025-01-10 13:48:00,transfer,38.21,0.08,education,True,COMPLETED,HCMC,organic
T1778,C100203,2025-01-10 14:16:00,pay,33.76,0.17,transport,True,COMPLETED,Hanoi,organic
T461,C100045,2025-01-10 14:44:00,pay,136.57,0.68,utilities,True,COMPLETED,CanTho,paid
T926,C100099,2025-01-10 17:30:00,savings,26.49,0.0,health,True,COMPLETED,HCMC,paid
T1951,C100219,2025-01-10 17:43:00,transfer,276.93,0.55,other,True,FAILED,CanTho,paid
T3884,C100405,2025-01-10 18:01:00,pay,63.25,0.32,utilities,False,COMPLETED,HCMC,campaign
T5208,C100556,2025-01-10 19:11:00,bill_pay,26.93,0.08,transport,True,COMPLETED,Hanoi,paid
T4225,C100440,2025-01-10 19:29:00,transfer,32.17,0.06,entertainment,False,COMPLETED,CanTho,campaign
T2498,C100272,2025-01-10 20:05:00,transfer,11.39,0.02,groceries,False,COMPLETED,Hanoi,referral
T1564,C100175,2025-01-10 20:09:00,pay,8.87,0.04,entertainment,False,COMPLETED,HaiPhong,campaign
T5092,C100546,2025-01-10 20:20:00,savings,26.39,0.0,health,True,COMPLETED,HCMC,paid
T3332,C100353,2025-01-10 20:37:00,savings,51.28,0.0,transport,True,FAILED,HaiPhong,paid
T1362,C100156,2025-01-11 09:31:00,pay,31.0,0.16,other,True,COMPLETED,Hanoi,organic
T5721,C100605,2025-01-11 11:00:00,transfer,22.51,0.05,electronics,False,COMPLETED,Hanoi,campaign
T3300,C100349,2025-01-11 12:05:00,savings,30.14,0.0,fashion,False,COMPLETED,HCMC,organic
T1839,C100206,2025-01-11 12:12:00,topup,18.55,0.02,transport,True,COMPLETED,Hanoi,paid
T3651,C100386,2025-01-11 12:55:00,savings,55.48,0.0,education,False,COMPLETED,HCMC,organic
T2208,C100252,2025-01-11 13:54:00,invest,69.35,0.03,fashion,True,COMPLETED,DaNang,paid
T2173,C100246,2025-01-11 15:41:00,pay,37.12,0.19,utilities,True,COMPLETED,HCMC,referral
T5530,C100590,2025-01-11 16:13:00,savings,21.29,0.0,transport,False,COMPLETED,HCMC,paid
T4740,C100505,2025-01-11 16:48:00,pay,87.1,0.44,health,False,COMPLETED,HCMC,organic
T4052,C100422,2025-01-11 20:48:00,bill_pay,19.34,0.06,food_delivery,False,COMPLETED,Hanoi,organic
T3589,C100376,2025-01-12 09:05:00,pay,19.52,0.1,transport,True,COMPLETED,HCMC,paid
T5712,C100605,2025-01-12 09:22:00,savings,69.74,0.0,groceries,True,COMPLETED,Hanoi,campaign
T3550,C100374,2025-01-12 09:45:00,transfer,34.23,0.07,fashion,True,COMPLETED,Hanoi,referral
T5362,C100572,2025-01-12 09:58:00,pay,51.24,0.26,food_delivery,True,COMPLETED,HCMC,organic
T5486,C100584,2025-01-12 10:54:00,transfer,30.71,0.06,fashion,False,COMPLETED,CanTho,organic
T2901,C100309,2025-01-12 11:37:00,pay,19.22,0.1,transport,True,COMPLETED,HCMC,paid
T2525,C100275,2025-01-12 12:43:00,transfer,30.55,0.06,fashion,True,COMPLETED,Hanoi,paid
T4302,C100451,2025-01-12 13:44:00,pay,5.59,0.03,transport,False,COMPLETED,Hanoi,organic
T3438,C100363,2025-01-12 15:25:00,invest,17.47,0.01,food_delivery,True,COMPLETED,HCMC,paid
T5504,C100588,2025-01-12 18:21:00,pay,62.92,0.31,food_delivery,False,COMPLETED,HCMC,organic
T3646,C100386,2025-01-12 19:26:00,transfer,22.58,0.05,transport,False,COMPLETED,HCMC,organic
T3557,C100374,2025-01-12 19:32:00,savings,19.31,0.0,groceries,False,COMPLETED,Hanoi,referral
T4158,C100435,2025-01-12 19:54:00,transfer,65.31,0.13,groceries,True,COMPLETED,Hanoi,paid
T2714,C100294,2025-01-12 20:17:00,transfer,58.72,0.12,groceries,False,COMPLETED,Hanoi,paid
T2760,C100297,2025-01-13 09:45:00,transfer,24.1,0.05,utilities,False,COMPLETED,HCMC,referral
T3566,C100374,2025-01-13 10:49:00,transfer,11.24,0.02,fashion,False,COMPLETED,Hanoi,referral
T5023,C100538,2025-01-13 11:23:00,savings,135.03,0.0,entertainment,False,COMPLETED,HaiPhong,organic
T599,C100058,2025-01-13 11:34:00,pay,55.09,0.28,electronics,False,COMPLETED,Hanoi,referral
T3437,C100363,2025-01-13 12:07:00,transfer,38.44,0.08,education,True,COMPLETED,HCMC,paid
T846,C100091,2025-01-13 12:15:00,topup,8.13,0.01,electronics,True,COMPLETED,Hanoi,paid
T4412,C100466,2025-01-13 12:42:00,transfer,101.52,0.2,education,False,COMPLETED,HCMC,paid
T531,C100049,2025-01-13 13:26:00,transfer,17.28,0.03,health,False,COMPLETED,HCMC,referral
T3795,C100400,2025-01-13 13:47:00,pay,44.09,0.22,transport,False,COMPLETED,Hanoi,organic
T65,C100012,2025-01-13 14:15:00,transfer,31.48,0.06,electronics,False,COMPLETED,HCMC,organic
T260,C100032,2025-01-13 14:26:00,savings,14.85,0.0,food_delivery,True,COMPLETED,Hanoi,paid
T5050,C100542,2025-01-13 15:07:00,transfer,14.52,0.03,utilities,True,COMPLETED,HCMC,organic
T5474,C100583,2025-01-13 15:08:00,savings,18.49,0.0,other,False,COMPLETED,HCMC,organic
T3764,C100395,2025-01-13 16:43:00,bill_pay,10.29,0.03,food_delivery,True,COMPLETED,Hanoi,organic
T3492,C100367,2025-01-13 16:45:00,pay,22.03,0.11,health,False,COMPLETED,HCMC,paid
T3518,C100369,2025-01-13 18:43:00,pay,22.67,0.11,transport,False,COMPLETED,HCMC,paid
T4055,C100423,2025-01-13 18:52:00,bill_pay,46.96,0.14,health,True,COMPLETED,HCMC,referral
T2663,C100291,2025-01-13 19:27:00,pay,4.18,0.02,electronics,True,COMPLETED,HCMC,organic
T5661,C100602,2025-01-13 20:21:00,invest,20.31,0.01,fashion,False,COMPLETED,HCMC,paid
T1014,C100117,2025-01-13 20:49:00,bill_pay,16.5,0.05,utilities,True,COMPLETED,HCMC,organic
T3202,C100340,2025-01-13 20:53:00,transfer,9.61,0.02,transport,False,COMPLETED,HCMC,organic
T83,C100013,2025-01-13 20:55:00,pay,46.82,0.23,electronics,False,COMPLETED,CanTho,organic
T5396,C100575,2025-01-14 09:18:00,pay,28.35,0.14,other,False,COMPLETED,HCMC,referral
T3678,C100389,2025-01-14 09:30:00,pay,16.67,0.08,other,False,COMPLETED,Hanoi,referral
T1257,C100138,2025-01-14 09:40:00,pay,212.09,1.06,electronics,False,COMPLETED,Hanoi,organic
T4590,C100488,2025-01-14 10:36:00,pay,32.97,0.16,food_delivery,True,COMPLETED,CanTho,organic
T5054,C100542,2025-01-14 14:45:00,invest,93.78,0.05,groceries,False,COMPLETED,HCMC,organic
T2277,C100257,2025-01-14 18:15:00,transfer,30.34,0.06,entertainment,False,COMPLETED,DaNang,paid
T5281,C100563,2025-01-14 18:42:00,invest,57.38,0.03,transport,False,COMPLETED,HCMC,referral
T1055,C100119,2025-01-15 10:17:00,topup,11.7,0.01,fashion,True,FAILED,CanTho,organic
T2118,C100239,2025-01-15 10:37:00,transfer,26.24,0.05,entertainment,True,COMPLETED,HaiPhong,organic
T4562,C100485,2025-01-15 10:51:00,pay,10.17,0.05,electronics,True,COMPLETED,HCMC,organic
T5703,C100604,2025-01-15 11:17:00,transfer,33.44,0.07,food_delivery,False,COMPLETED,DaNang,organic
T4940,C100527,2025-01-15 11:37:00,transfer,39.14,0.08,entertainment,True,COMPLETED,HCMC,organic
T4928,C100527,2025-01-15 12:08:00,pay,12.83,0.06,entertainment,False,COMPLETED,HCMC,organic
T5153,C100550,2025-01-15 12:16:00,bill_pay,41.86,0.13,groceries,True,COMPLETED,HCMC,paid
T5218,C100556,2025-01-15 12:49:00,transfer,15.67,0.03,education,False,COMPLETED,Hanoi,paid
T259,C100032,2025-01-15 13:03:00,pay,11.01,0.06,entertainment,False,COMPLETED,Hanoi,paid
T5298,C100565,2025-01-15 13:58:00,transfer,12.1,0.02,fashion,False,COMPLETED,DaNang,organic
T3834,C100403,2025-01-15 16:07:00,topup,19.29,0.02,transport,False,COMPLETED,HCMC,paid
T5513,C100589,2025-01-15 18:05:00,invest,28.88,0.01,transport,True,COMPLETED,HCMC,organic
T2754,C100297,2025-01-15 18:19:00,savings,11.3,0.0,health,True,FAILED,HCMC,referral
T3024,C100320,2025-01-15 18:50:00,transfer,39.32,0.08,utilities,False,COMPLETED,CanTho,organic
T3966,C100415,2025-01-15 19:31:00,transfer,30.41,0.06,fashion,False,COMPLETED,HCMC,organic
T4269,C100446,2025-01-15 19:59:00,transfer,15.79,0.03,groceries,True,COMPLETED,HCMC,organic
T604,C100058,2025-01-16 09:36:00,topup,16.08,0.02,groceries,False,COMPLETED,Hanoi,referral
T5135,C100548,2025-01-16 09:52:00,pay,13.03,0.07,groceries,False,COMPLETED,Hanoi,referral
T2128,C100239,2025-01-16 10:02:00,savings,21.74,0.0,electronics,True,COMPLETED,HaiPhong,organic
T3717,C100390,2025-01-16 10:23:00,transfer,9.68,0.02,entertainment,False,COMPLETED,HCMC,paid
T5330,C100571,2025-01-16 10:42:00,pay,68.62,0.34,utilities,True,COMPLETED,HCMC,paid
T2293,C100258,2025-01-16 11:08:00,pay,5.28,0.03,electronics,False,COMPLETED,HCMC,paid
T4990,C100534,2025-01-16 11:50:00,bill_pay,61.72,0.19,utilities,False,COMPLETED,HaiPhong,organic
T3396,C100359,2025-01-16 12:33:00,transfer,48.64,0.1,transport,True,COMPLETED,Hanoi,organic
T5515,C100589,2025-01-16 12:56:00,pay,11.11,0.06,entertainment,False,COMPLETED,HCMC,organic
T5097,C100546,2025-01-16 13:50:00,topup,9.7,0.01,electronics,True,COMPLETED,HCMC,paid
T2748,C100297,2025-01-16 14:09:00,pay,125.08,0.63,utilities,False,COMPLETED,HCMC,referral
T4165,C100436,2025-01-16 14:15:00,pay,126.84,0.63,other,True,COMPLETED,HCMC,organic
T2602,C100286,2025-01-16 17:22:00,pay,12.41,0.06,health,False,COMPLETED,DaNang,organic
T2411,C100268,2025-01-16 18:45:00,pay,30.95,0.15,utilities,False,COMPLETED,Hanoi,referral
T4956,C100530,2025-01-16 19:58:00,transfer,56.95,0.11,other,True,COMPLETED,HCMC,paid
T5387,C100575,2025-01-16 20:04:00,savings,27.94,0.0,health,True,COMPLETED,HCMC,referral
T2427,C100269,2025-01-16 20:37:00,transfer,14.86,0.03,groceries,False,COMPLETED,Hanoi,organic
T1512,C100171,2025-01-16 20:38:00,pay,29.46,0.15,utilities,False,COMPLETED,HCMC,organic
T1045,C100118,2025-01-17 09:50:00,pay,16.14,0.08,groceries,False,COMPLETED,Hanoi,organic
T5680,C100603,2025-01-17 10:40:00,savings,471.83,0.0,entertainment,False,COMPLETED,HCMC,organic
T4899,C100526,2025-01-17 11:22:00,transfer,14.15,0.03,other,False,COMPLETED,HCMC,paid
T5496,C100584,2025-01-17 11:42:00,transfer,25.36,0.05,fashion,True,COMPLETED,CanTho,organic
T2872,C100307,2025-01-17 11:47:00,pay,6.44,0.03,education,False,COMPLETED,HCMC,organic
T5415,C100576,2025-01-17 11:52:00,pay,42.5,0.21,entertainment,False,COMPLETED,HCMC,referral
T421,C100043,2025-01-17 13:03:00,pay,43.03,0.22,entertainment,True,COMPLETED,DaNang,paid
T1471,C100169,2025-01-17 14:56:00,transfer,20.99,0.04,entertainment,False,COMPLETED,Hanoi,referral
T5662,C100602,2025-01-17 15:06:00,pay,77.99,0.39,electronics,True,COMPLETED,HCMC,paid
T2789,C100298,2025-01-17 16:00:00,transfer,4.58,0.01,education,True,COMPLETED,DaNang,organic
T3471,C100366,2025-01-17 16:33:00,bill_pay,37.41,0.11,other,False,COMPLETED,Hanoi,organic
T2328,C100261,2025-01-17 18:10:00,transfer,8.95,0.02,fashion,False,COMPLETED,HCMC,organic
T3465,C100366,2025-01-17 18:12:00,pay,21.84,0.11,entertainment,False,COMPLETED,Hanoi,organic
T5224,C100556,2025-01-17 19:17:00,bill_pay,22.93,0.07,education,False,COMPLETED,Hanoi,paid
T5022,C100538,2025-01-17 19:51:00,transfer,101.32,0.2,fashion,False,COMPLETED,HaiPhong,organic
T5453,C100581,2025-01-18 09:48:00,savings,27.34,0.0,entertainment,True,COMPLETED,HCMC,referral
T1864,C100208,2025-01-18 10:31:00,transfer,28.4,0.06,health,True,COMPLETED,Hanoi,organic
T4758,C100511,2025-01-18 10:50:00,transfer,34.62,0.07,transport,True,COMPLETED,HCMC,organic
T2124,C100239,2025-01-18 12:04:00,pay,11.91,0.06,health,False,COMPLETED,HaiPhong,organic
T410,C100042,2025-01-18 13:51:00,pay,31.07,0.16,utilities,False,COMPLETED,HCMC,organic
T4582,C100488,2025-01-18 14:29:00,invest,42.3,0.02,health,True,COMPLETED,CanTho,organic
T5553,C100592,2025-01-18 14:43:00,bill_pay,104.31,0.31,utilities,False,COMPLETED,HCMC,organic
T4906,C100526,2025-01-18 15:36:00,transfer,47.01,0.09,fashion,True,COMPLETED,HCMC,paid
T5094,C100546,2025-01-18 16:37:00,topup,15.76,0.02,education,False,COMPLETED,HCMC,paid
T4750,C100511,2025-01-18 17:53:00,pay,17.2,0.09,electronics,True,COMPLETED,HCMC,organic
T603,C100058,2025-01-18 20:02:00,pay,20.27,0.1,fashion,False,FAILED,Hanoi,referral
T4210,C100438,2025-01-18 20:10:00,pay,21.72,0.11,food_delivery,True,COMPLETED,HCMC,paid
T155,C100022,2025-01-18 20:54:00,savings,77.16,0.0,utilities,False,COMPLETED,HCMC,organic
T5538,C100590,2025-01-19 10:52:00,pay,30.61,0.15,entertainment,False,COMPLETED,HCMC,paid
T5148,C100550,2025-01-19 11:15:00,transfer,33.22,0.07,education,True,COMPLETED,HCMC,paid
T3825,C100402,2025-01-19 11:41:00,pay,20.03,0.1,education,False,COMPLETED,Hanoi,paid
T1712,C100195,2025-01-19 13:26:00,pay,33.17,0.17,groceries,True,COMPLETED,Hanoi,referral
T4,C100002,2025-01-19 13:38:00,transfer,14.35,0.03,other,True,COMPLETED,HCMC,organic
T4190,C100437,2025-01-19 13:53:00,transfer,8.03,0.02,food_delivery,False,COMPLETED,DaNang,organic
T688,C100072,2025-01-19 15:15:00,transfer,29.34,0.06,utilities,False,COMPLETED,HCMC,organic
T995,C100115,2025-01-19 15:49:00,transfer,52.66,0.11,education,False,COMPLETED,HCMC,referral
T4218,C100438,2025-01-19 16:04:00,transfer,72.42,0.14,transport,False,COMPLETED,HCMC,paid
T3762,C100395,2025-01-19 17:26:00,invest,20.13,0.01,fashion,True,COMPLETED,Hanoi,organic
T3903,C100408,2025-01-19 17:52:00,invest,72.2,0.04,electronics,False,COMPLETED,HaiPhong,organic
T4194,C100437,2025-01-19 18:20:00,transfer,95.34,0.19,transport,False,COMPLETED,DaNang,organic
T3837,C100403,2025-01-19 18:24:00,pay,118.43,0.59,health,True,COMPLETED,HCMC,paid
T4048,C100422,2025-01-19 20:24:00,pay,28.32,0.14,food_delivery,True,COMPLETED,Hanoi,organic
T3599,C100377,2025-01-20 13:28:00,savings,6.67,0.0,food_delivery,False,COMPLETED,HCMC,referral
T3867,C100405,2025-01-20 14:04:00,savings,32.25,0.0,groceries,False,COMPLETED,HCMC,campaign
T1431,C100166,2025-01-20 15:00:00,transfer,60.18,0.12,health,False,COMPLETED,HCMC,referral
T1938,C100218,2025-01-20 15:06:00,topup,9.94,0.01,entertainment,False,COMPLETED,HCMC,referral
T1959,C100222,2025-01-20 15:18:00,transfer,126.62,0.25,other,True,COMPLETED,DaNang,organic
T508,C100048,2025-01-20 15:23:00,transfer,66.44,0.13,transport,True,COMPLETED,HCMC,organic
T5613,C100597,2025-01-20 15:38:00,pay,19.12,0.1,food_delivery,False,COMPLETED,HCMC,paid
T3215,C100340,2025-01-20 15:56:00,transfer,161.27,0.32,transport,False,COMPLETED,HCMC,organic
T5096,C100546,2025-01-20 18:37:00,pay,40.92,0.2,entertainment,False,COMPLETED,HCMC,paid
T3740,C100391,2025-01-20 19:54:00,savings,58.38,0.0,groceries,True,COMPLETED,HCMC,organic
T4429,C100467,2025-01-20 19:58:00,transfer,25.51,0.05,other,False,COMPLETED,Hanoi,organic
T807,C100086,2025-01-20 20:18:00,bill_pay,67.16,0.2,food_delivery,True,COMPLETED,HCMC,organic
T5203,C100553,2025-01-20 20:24:00,savings,20.04,0.0,other,False,COMPLETED,HCMC,organic
T1020,C100117,2025-01-20 20:35:00,transfer,24.93,0.05,entertainment,False,COMPLETED,HCMC,organic
T5684,C100603,2025-01-21 09:53:00,pay,9.57,0.05,entertainment,False,COMPLETED,HCMC,organic
T3958,C100414,2025-01-21 10:48:00,pay,74.16,0.37,food_delivery,True,COMPLETED,HCMC,paid
T5620,C100597,2025-01-21 10:52:00,pay,28.23,0.14,utilities,False,COMPLETED,HCMC,paid
T56,C100010,2025-01-21 12:55:00,invest,18.48,0.01,other,True,COMPLETED,HCMC,paid
T2240,C100256,2025-01-21 13:31:00,savings,12.95,0.0,fashion,True,COMPLETED,HCMC,organic
T789,C100085,2025-01-21 13:47:00,pay,49.59,0.25,transport,False,COMPLETED,HCMC,organic
T5210,C100556,2025-01-21 13:50:00,transfer,18.1,0.04,electronics,False,COMPLETED,Hanoi,paid
T1937,C100218,2025-01-21 13:57:00,transfer,12.35,0.02,food_delivery,False,COMPLETED,HCMC,referral
T1886,C100209,2025-01-21 14:13:00,pay,20.54,0.1,education,False,COMPLETED,CanTho,organic
T3059,C100327,2025-01-21 14:21:00,transfer,50.22,0.1,other,True,COMPLETED,Hanoi,organic
T5343,C100571,2025-01-21 14:34:00,pay,63.08,0.32,fashion,True,COMPLETED,HCMC,paid
T183,C100024,2025-01-21 14:37:00,transfer,87.36,0.17,transport,True,COMPLETED,HCMC,organic
T4659,C100497,2025-01-21 14:56:00,savings,39.01,0.0,transport,False,COMPLETED,HaiPhong,organic
T1875,C100209,2025-01-21 15:36:00,transfer,25.63,0.05,fashion,False,COMPLETED,CanTho,organic
T2120,C100239,2025-01-21 15:42:00,savings,6.32,0.0,electronics,False,COMPLETED,HaiPhong,organic
T5031,C100538,2025-01-21 17:14:00,transfer,140.41,0.28,education,True,COMPLETED,HaiPhong,organic
T2818,C100301,2025-01-21 18:09:00,bill_pay,53.54,0.16,health,False,COMPLETED,HCMC,organic
T4188,C100437,2025-01-22 09:10:00,savings,40.53,0.0,food_delivery,False,COMPLETED,DaNang,organic
T4992,C100534,2025-01-22 10:36:00,savings,26.68,0.0,utilities,True,COMPLETED,HaiPhong,organic
T1305,C100143,2025-01-22 11:08:00,topup,49.65,0.05,electronics,True,COMPLETED,HCMC,organic
T5454,C100581,2025-01-22 12:53:00,transfer,70.25,0.14,education,True,COMPLETED,HCMC,referral
T5051,C100542,2025-01-22 13:11:00,transfer,30.45,0.06,fashion,False,COMPLETED,HCMC,organic
T5146,C100550,2025-01-22 13:16:00,pay,19.98,0.1,transport,True,COMPLETED,HCMC,paid
T2665,C100291,2025-01-22 14:55:00,transfer,6.71,0.01,fashion,False,FAILED,HCMC,organic
T4133,C100429,2025-01-22 14:58:00,pay,38.77,0.19,entertainment,True,COMPLETED,HaiPhong,referral
T1994,C100223,2025-01-22 14:59:00,transfer,59.61,0.12,health,False,COMPLETED,HCMC,referral
T672,C100072,2025-01-22 15:41:00,pay,20.33,0.1,utilities,False,COMPLETED,HCMC,organic
T3846,C100404,2025-01-23 09:11:00,transfer,81.92,0.16,fashion,False,COMPLETED,HCMC,organic
T4378,C100460,2025-01-23 09:33:00,bill_pay,40.96,0.12,transport,False,COMPLETED,HCMC,organic
T917,C100098,2025-01-23 09:55:00,transfer,16.93,0.03,other,False,COMPLETED,Hanoi,organic
T4146,C100435,2025-01-23 10:04:00,pay,31.28,0.16,health,False,COMPLETED,Hanoi,paid
T1966,C100222,2025-01-23 11:08:00,transfer,42.34,0.08,food_delivery,False,COMPLETED,DaNang,organic
T2733,C100295,2025-01-23 13:09:00,pay,29.75,0.15,utilities,False,COMPLETED,HCMC,paid
T5564,C100592,2025-01-23 13:10:00,pay,12.06,0.06,health,False,COMPLETED,HCMC,organic
T5638,C100601,2025-01-23 13:14:00,pay,92.05,0.46,electronics,False,COMPLETED,Hanoi,organic
T4711,C100503,2025-01-23 13:20:00,topup,21.78,0.02,education,False,COMPLETED,Hanoi,organic
T4866,C100520,2025-01-23 16:16:00,bill_pay,111.59,0.33,transport,False,COMPLETED,HCMC,organic
T4835,C100518,2025-01-23 16:29:00,transfer,22.02,0.04,education,True,COMPLETED,DaNang,organic
T3165,C100334,2025-01-23 17:42:00,savings,88.6,0.0,entertainment,True,COMPLETED,HCMC,organic
T5533,C100590,2025-01-23 17:46:00,transfer,40.58,0.08,entertainment,True,COMPLETED,HCMC,paid
T1729,C100198,2025-01-23 18:24:00,pay,17.41,0.09,food_delivery,False,COMPLETED,DaNang,organic
T2677,C100293,2025-01-23 18:50:00,pay,16.23,0.08,other,False,COMPLETED,Hanoi,paid
T5546,C100592,2025-01-23 19:27:00,transfer,8.36,0.02,education,False,COMPLETED,HCMC,organic
T4772,C100515,2025-01-24 10:04:00,topup,12.94,0.01,electronics,True,COMPLETED,Hanoi,paid
T600,C100058,2025-01-24 10:12:00,transfer,15.83,0.03,food_delivery,True,COMPLETED,Hanoi,referral
T4883,C100524,2025-01-24 10:40:00,bill_pay,26.95,0.08,other,False,COMPLETED,HCMC,organic
T2369,C100265,2025-01-24 10:41:00,savings,20.91,0.0,electronics,False,COMPLETED,Hanoi,organic
T4637,C100495,2025-01-24 13:29:00,topup,76.06,0.08,other,True,COMPLETED,Hanoi,organic
T4437,C100475,2025-01-24 13:30:00,savings,18.25,0.0,entertainment,True,COMPLETED,HCMC,paid
T4111,C100427,2025-01-24 14:01:00,pay,17.73,0.09,transport,False,COMPLETED,HCMC,paid
T4431,C100467,2025-01-24 14:13:00,pay,46.82,0.23,entertainment,False,COMPLETED,Hanoi,organic
T543,C100052,2025-01-24 14:23:00,transfer,15.71,0.03,transport,False,COMPLETED,HCMC,organic
T876,C100094,2025-01-24 14:29:00,pay,7.7,0.04,transport,True,COMPLETED,CanTho,paid
T3632,C100385,2025-01-24 14:42:00,pay,17.31,0.09,transport,False,COMPLETED,Hanoi,referral
T4434,C100467,2025-01-24 15:26:00,transfer,15.06,0.03,education,False,COMPLETED,Hanoi,organic
T4574,C100486,2025-01-24 15:44:00,pay,89.73,0.45,transport,True,COMPLETED,HCMC,paid
T1727,C100198,2025-01-24 16:04:00,pay,27.41,0.14,health,False,COMPLETED,DaNang,organic
T2236,C100255,2025-01-24 17:50:00,pay,73.69,0.37,fashion,False,COMPLETED,Hanoi,organic
T3682,C100389,2025-01-24 18:11:00,pay,19.4,0.1,entertainment,False,COMPLETED,Hanoi,referral
T2835,C100304,2025-01-24 18:50:00,savings,14.7,0.0,groceries,True,COMPLETED,HCMC,organic
T5765,C100614,2025-01-25 11:24:00,transfer,33.2,0.07,electronics,True,COMPLETED,HCMC,organic
T3573,C100374,2025-01-25 13:01:00,transfer,31.45,0.06,entertainment,False,FAILED,Hanoi,referral
T382,C100039,2025-01-25 13:36:00,transfer,26.52,0.05,entertainment,False,COMPLETED,HCMC,referral
T4635,C100495,2025-01-25 14:50:00,pay,24.62,0.12,education,True,COMPLETED,Hanoi,organic
T3295,C100349,2025-01-25 14:58:00,savings,13.73,0.0,fashion,False,COMPLETED,HCMC,organic
T1357,C100156,2025-01-25 15:18:00,savings,27.12,0.0,fashion,False,COMPLETED,Hanoi,organic
T3630,C100385,2025-01-25 16:02:00,pay,4.94,0.02,transport,False,COMPLETED,Hanoi,referral
T3833,C100403,2025-01-26 09:08:00,transfer,41.51,0.08,education,False,COMPLETED,HCMC,paid
T1976,C100222,2025-01-26 09:45:00,savings,61.22,0.0,utilities,True,COMPLETED,DaNang,organic
T5572,C100592,2025-01-26 10:41:00,pay,94.98,0.47,education,False,COMPLETED,HCMC,organic
T1707,C100195,2025-01-26 12:11:00,pay,54.76,0.27,food_delivery,True,COMPLETED,Hanoi,referral
T5573,C100592,2025-01-26 12:23:00,transfer,7.4,0.01,transport,True,COMPLETED,HCMC,organic
T5204,C100553,2025-01-26 13:05:00,transfer,22.94,0.05,electronics,True,COMPLETED,HCMC,organic
T4321,C100452,2025-01-26 13:34:00,pay,240.31,1.2,education,True,COMPLETED,Hanoi,organic
T1780,C100203,2025-01-26 13:59:00,transfer,120.57,0.24,other,False,COMPLETED,Hanoi,organic
T1260,C100138,2025-01-26 14:22:00,pay,27.61,0.14,other,False,COMPLETED,Hanoi,organic
T1913,C100214,2025-01-26 14:38:00,transfer,13.16,0.03,education,True,COMPLETED,CanTho,organic
T3885,C100405,2025-01-26 14:39:00,pay,43.32,0.22,transport,True,COMPLETED,HCMC,campaign
T4102,C100425,2025-01-26 14:59:00,pay,33.97,0.17,food_delivery,True,COMPLETED,HCMC,organic
T1475,C100169,2025-01-26 17:48:00,savings,25.53,0.0,other,False,COMPLETED,Hanoi,referral
T5353,C100572,2025-01-27 09:09:00,pay,28.93,0.14,other,False,COMPLETED,HCMC,organic
T4938,C100527,2025-01-27 09:38:00,pay,30.66,0.15,food_delivery,False,COMPLETED,HCMC,organic
T819,C100086,2025-01-27 10:29:00,transfer,19.57,0.04,fashion,True,COMPLETED,HCMC,organic
T3911,C100408,2025-01-27 11:08:00,savings,50.22,0.0,transport,True,COMPLETED,HaiPhong,organic
T2027,C100231,2025-01-27 11:44:00,pay,43.21,0.22,health,True,COMPLETED,HCMC,paid
T4734,C100505,2025-01-27 12:31:00,bill_pay,28.48,0.09,utilities,False,COMPLETED,HCMC,organic
T3881,C100405,2025-01-27 13:16:00,transfer,57.99,0.12,utilities,False,COMPLETED,HCMC,campaign
T762,C100081,2025-01-27 13:17:00,transfer,69.33,0.14,utilities,True,COMPLETED,HCMC,organic
T4001,C100419,2025-01-27 13:42:00,pay,78.44,0.39,transport,True,COMPLETED,Hanoi,referral
T4851,C100520,2025-01-27 13:42:00,pay,27.81,0.14,fashion,False,COMPLETED,HCMC,organic
T1265,C100138,2025-01-27 17:57:00,transfer,13.88,0.03,other,True,COMPLETED,Hanoi,organic
T232,C100029,2025-01-27 18:01:00,bill_pay,20.9,0.06,entertainment,False,COMPLETED,HaiPhong,organic
T495,C100048,2025-01-27 18:26:00,topup,49.37,0.05,fashion,False,COMPLETED,HCMC,organic
T5659,C100602,2025-01-27 18:39:00,savings,34.6,0.0,transport,True,COMPLETED,HCMC,paid
T5671,C100603,2025-01-27 18:52:00,invest,5.7,0.0,other,True,COMPLETED,HCMC,organic
T1130,C100125,2025-01-27 20:33:00,transfer,65.28,0.13,groceries,False,COMPLETED,HCMC,referral
T2182,C100249,2025-01-27 20:41:00,pay,30.87,0.15,food_delivery,True,COMPLETED,HCMC,organic
T2696,C100293,2025-01-28 10:21:00,pay,17.3,0.09,entertainment,True,COMPLETED,Hanoi,paid
T4043,C100422,2025-01-28 10:36:00,invest,121.59,0.06,transport,False,COMPLETED,Hanoi,organic
T1044,C100118,2025-01-28 13:29:00,topup,41.89,0.04,education,True,COMPLETED,Hanoi,organic
T3778,C100397,2025-01-28 14:19:00,bill_pay,25.44,0.08,transport,False,COMPLETED,HCMC,paid
T3016,C100320,2025-01-28 15:02:00,bill_pay,13.26,0.04,food_delivery,True,COMPLETED,CanTho,organic
T2391,C100266,2025-01-28 15:22:00,invest,59.26,0.03,transport,False,COMPLETED,Hanoi,organic
T2545,C100277,2025-01-28 16:00:00,transfer,14.74,0.03,food_delivery,False,COMPLETED,Hanoi,referral
T2065,C100236,2025-01-28 16:08:00,pay,39.64,0.2,electronics,True,COMPLETED,CanTho,organic
T829,C100088,2025-01-28 16:08:00,pay,18.16,0.09,transport,False,COMPLETED,HCMC,organic
T2540,C100275,2025-01-28 17:01:00,pay,73.92,0.37,entertainment,False,COMPLETED,Hanoi,paid
T1782,C100203,2025-01-28 17:11:00,transfer,56.24,0.11,utilities,True,COMPLETED,Hanoi,organic
T1029,C100118,2025-01-28 17:19:00,savings,13.34,0.0,other,False,COMPLETED,Hanoi,organic
T1687,C100193,2025-01-28 17:38:00,savings,270.67,0.0,transport,False,COMPLETED,HCMC,paid
T5196,C100553,2025-01-28 17:39:00,savings,15.52,0.0,groceries,True,COMPLETED,HCMC,organic
T3533,C100370,2025-01-28 19:23:00,pay,37.97,0.19,entertainment,False,COMPLETED,Hanoi,organic
T739,C100080,2025-01-28 19:24:00,transfer,25.91,0.05,utilities,False,COMPLETED,HCMC,referral
T4140,C100435,2025-01-29 09:32:00,pay,116.7,0.58,entertainment,True,COMPLETED,Hanoi,paid
T266,C100032,2025-01-29 09:53:00,pay,5.2,0.03,transport,True,COMPLETED,Hanoi,paid
T3499,C100367,2025-01-29 09:54:00,pay,12.91,0.06,health,True,COMPLETED,HCMC,paid
T5528,C100590,2025-01-29 11:35:00,transfer,5.5,0.01,groceries,False,COMPLETED,HCMC,paid
T1569,C100175,2025-01-29 11:48:00,topup,80.81,0.08,food_delivery,False,COMPLETED,HaiPhong,campaign
T143,C100022,2025-01-29 11:50:00,transfer,67.41,0.13,fashion,True,COMPLETED,HCMC,organic
T2584,C100279,2025-01-29 12:12:00,pay,36.53,0.18,other,False,COMPLETED,Hanoi,paid
T5491,C100584,2025-01-29 12:30:00,pay,14.07,0.07,health,False,COMPLETED,CanTho,organic
T3647,C100386,2025-01-29 15:36:00,bill_pay,35.73,0.11,health,False,COMPLETED,HCMC,organic
T4922,C100526,2025-01-29 15:37:00,transfer,51.81,0.1,health,True,COMPLETED,HCMC,paid
T5509,C100588,2025-01-29 18:13:00,transfer,61.48,0.12,electronics,True,COMPLETED,HCMC,organic
T3888,C100405,2025-01-30 09:29:00,topup,16.56,0.02,other,False,COMPLETED,HCMC,campaign
T3813,C100400,2025-01-30 09:36:00,savings,31.68,0.0,utilities,False,COMPLETED,Hanoi,organic
T3559,C100374,2025-01-30 10:01:00,pay,28.31,0.14,other,False,COMPLETED,Hanoi,referral
T4515,C100481,2025-01-30 10:06:00,transfer,47.6,0.1,transport,False,FAILED,Hanoi,organic
T4890,C100524,2025-01-30 11:24:00,pay,30.99,0.15,electronics,False,COMPLETED,HCMC,organic
T3635,C100385,2025-01-30 12:45:00,savings,11.83,0.0,utilities,True,COMPLETED,Hanoi,referral
T2405,C100267,2025-01-30 13:49:00,pay,7.42,0.04,utilities,False,COMPLETED,HCMC,organic
T5435,C100580,2025-01-30 13:55:00,pay,30.14,0.15,education,True,COMPLETED,Hanoi,referral
T4469,C100477,2025-01-30 14:14:00,transfer,24.12,0.05,entertainment,False,COMPLETED,CanTho,paid
T4513,C100481,2025-01-30 14:20:00,transfer,4.01,0.01,health,False,FAILED,Hanoi,organic
T5793,C100620,2025-01-30 14:47:00,transfer,45.42,0.09,health,True,COMPLETED,HCMC,organic
T5246,C100559,2025-01-30 14:57:00,bill_pay,9.54,0.03,food_delivery,False,COMPLETED,HCMC,referral
T1271,C100140,2025-01-30 15:22:00,transfer,29.52,0.06,entertainment,False,COMPLETED,HaiPhong,paid
T5083,C100544,2025-01-30 16:38:00,pay,73.27,0.37,food_delivery,False,COMPLETED,DaNang,referral
T537,C100052,2025-01-30 17:12:00,savings,57.26,0.0,fashion,True,COMPLETED,HCMC,organic
T5242,C100558,2025-01-30 18:51:00,savings,50.16,0.0,groceries,False,COMPLETED,HCMC,organic
T5201,C100553,2025-01-30 19:19:00,transfer,10.61,0.02,education,True,COMPLETED,HCMC,organic
T5164,C100551,2025-01-30 19:51:00,pay,12.81,0.06,utilities,False,COMPLETED,Hanoi,paid
T2077,C100237,2025-01-30 19:52:00,transfer,15.28,0.03,utilities,False,COMPLETED,HCMC,campaign
T5275,C100563,2025-01-30 20:35:00,transfer,20.19,0.04,groceries,True,COMPLETED,HCMC,referral
T1392,C100160,2025-01-31 09:24:00,bill_pay,25.12,0.08,other,False,COMPLETED,DaNang,organic
T3626,C100385,2025-01-31 10:23:00,transfer,78.0,0.16,fashion,True,COMPLETED,Hanoi,referral
T1530,C100173,2025-01-31 10:40:00,savings,21.68,0.0,health,False,COMPLETED,HCMC,organic
T2415,C100268,2025-01-31 12:07:00,pay,27.46,0.14,fashion,True,COMPLETED,Hanoi,referral
T5834,C100623,2025-01-31 13:07:00,invest,24.31,0.01,groceries,False,COMPLETED,HCMC,paid
T5400,C100575,2025-01-31 13:47:00,transfer,8.02,0.02,other,False,FAILED,HCMC,referral
T5847,C100623,2025-01-31 19:24:00,transfer,18.0,0.04,education,False,COMPLETED,HCMC,paid
T5323,C100570,2025-01-31 20:30:00,transfer,12.69,0.03,transport,False,COMPLETED,Hanoi,organic
T2712,C100294,2025-02-01 09:55:00,pay,14.32,0.07,other,True,COMPLETED,Hanoi,paid
T4642,C100496,2025-02-01 11:44:00,transfer,20.96,0.04,electronics,True,COMPLETED,Hanoi,campaign
T3387,C100359,2025-02-01 12:25:00,savings,33.44,0.0,food_delivery,False,COMPLETED,Hanoi,organic
T3698,C100390,2025-02-01 13:58:00,pay,26.03,0.13,food_delivery,False,COMPLETED,HCMC,paid
T373,C100039,2025-02-01 14:04:00,pay,84.98,0.42,entertainment,False,COMPLETED,HCMC,referral
T2593,C100280,2025-02-01 17:52:00,savings,53.81,0.0,fashion,False,COMPLETED,Hanoi,organic
T4935,C100527,2025-02-01 18:50:00,pay,38.98,0.19,transport,True,COMPLETED,HCMC,organic
T4865,C100520,2025-02-01 19:08:00,transfer,47.49,0.09,electronics,False,FAILED,HCMC,organic
T5310,C100570,2025-02-01 19:11:00,bill_pay,28.72,0.09,other,False,COMPLETED,Hanoi,organic
T4087,C100425,2025-02-02 09:25:00,transfer,31.91,0.06,fashion,False,COMPLETED,HCMC,organic
T1432,C100166,2025-02-02 10:15:00,bill_pay,33.42,0.1,food_delivery,True,COMPLETED,HCMC,referral
T5878,C100626,2025-02-02 10:47:00,transfer,47.71,0.1,fashion,False,COMPLETED,HCMC,referral
T1838,C100206,2025-02-02 11:40:00,pay,14.85,0.07,health,True,COMPLETED,Hanoi,paid
T1836,C100205,2025-02-02 12:05:00,transfer,57.12,0.11,entertainment,False,COMPLETED,HCMC,organic
T3836,C100403,2025-02-02 12:25:00,pay,33.98,0.17,fashion,True,COMPLETED,HCMC,paid
T3443,C100364,2025-02-02 12:32:00,pay,21.74,0.11,education,False,COMPLETED,DaNang,referral
T1281,C100142,2025-02-02 13:01:00,savings,52.64,0.0,fashion,False,COMPLETED,HaiPhong,paid
T3417,C100360,2025-02-02 13:05:00,transfer,18.67,0.04,groceries,False,COMPLETED,HaiPhong,campaign
T5373,C100575,2025-02-02 13:21:00,savings,19.56,0.0,entertainment,True,COMPLETED,HCMC,referral
T2801,C100299,2025-02-02 14:27:00,savings,27.12,0.0,electronics,False,COMPLETED,HCMC,organic
T4889,C100524,2025-02-02 14:54:00,savings,43.32,0.0,education,False,COMPLETED,HCMC,organic
T2637,C100287,2025-02-02 15:30:00,bill_pay,11.1,0.03,transport,False,COMPLETED,CanTho,organic
T3101,C100330,2025-02-02 15:34:00,transfer,31.64,0.06,other,False,COMPLETED,CanTho,paid
T1081,C100121,2025-02-02 15:47:00,transfer,7.88,0.02,groceries,False,COMPLETED,HCMC,organic
T1800,C100204,2025-02-02 15:51:00,transfer,16.67,0.03,food_delivery,False,COMPLETED,Hanoi,campaign
T2344,C100264,2025-02-02 15:51:00,transfer,5.98,0.01,health,False,COMPLETED,HCMC,organic
T4858,C100520,2025-02-02 15:55:00,invest,9.77,0.0,food_delivery,False,COMPLETED,HCMC,organic
T4587,C100488,2025-02-02 15:58:00,savings,15.27,0.0,health,False,COMPLETED,CanTho,organic
T3182,C100337,2025-02-02 18:35:00,pay,24.97,0.12,health,False,COMPLETED,CanTho,referral
T3048,C100325,2025-02-02 18:54:00,savings,42.14,0.0,groceries,True,COMPLETED,HCMC,referral
T2952,C100311,2025-02-02 19:32:00,pay,6.24,0.03,fashion,True,COMPLETED,CanTho,campaign
T4021,C100420,2025-02-02 19:33:00,transfer,48.65,0.1,food_delivery,False,COMPLETED,HCMC,organic
T3848,C100404,2025-02-02 19:52:00,savings,28.74,0.0,groceries,True,COMPLETED,HCMC,organic
T4220,C100440,2025-02-02 20:22:00,pay,95.43,0.48,electronics,True,COMPLETED,CanTho,campaign
T4663,C100497,2025-02-03 09:33:00,pay,36.94,0.18,electronics,True,COMPLETED,HaiPhong,organic
T2131,C100239,2025-02-03 10:42:00,bill_pay,53.25,0.16,health,True,COMPLETED,HaiPhong,organic
T2951,C100311,2025-02-03 11:22:00,invest,26.37,0.01,education,False,COMPLETED,CanTho,campaign
T258,C100032,2025-02-03 12:10:00,pay,22.62,0.11,fashion,False,COMPLETED,Hanoi,paid
T3971,C100415,2025-02-03 13:56:00,pay,24.36,0.12,electronics,False,COMPLETED,HCMC,organic
T1631,C100184,2025-02-03 14:00:00,transfer,9.86,0.02,food_delivery,False,COMPLETED,HaiPhong,organic
T2493,C100272,2025-02-03 14:32:00,savings,9.4,0.0,health,False,COMPLETED,Hanoi,referral
T579,C100056,2025-02-03 14:58:00,pay,27.8,0.14,other,False,COMPLETED,DaNang,paid
T5544,C100590,2025-02-03 15:10:00,transfer,6.44,0.01,fashion,False,COMPLETED,HCMC,paid
T2271,C100257,2025-02-03 15:10:00,transfer,70.38,0.14,education,False,COMPLETED,DaNang,paid
T4439,C100475,2025-02-03 15:35:00,transfer,17.65,0.04,electronics,False,COMPLETED,HCMC,paid
T3421,C100360,2025-02-03 16:06:00,pay,42.06,0.21,fashion,False,COMPLETED,HaiPhong,campaign
T3696,C100390,2025-02-03 17:04:00,savings,10.97,0.0,food_delivery,False,COMPLETED,HCMC,paid
T3939,C100414,2025-02-03 17:33:00,pay,228.22,1.14,transport,False,COMPLETED,HCMC,paid
T5909,C100633,2025-02-03 18:00:00,invest,53.24,0.03,transport,False,COMPLETED,HCMC,organic
T1367,C100156,2025-02-03 18:29:00,topup,119.1,0.12,electronics,True,COMPLETED,Hanoi,organic
T2496,C100272,2025-02-03 19:00:00,savings,80.91,0.0,entertainment,False,COMPLETED,Hanoi,referral
T4340,C100456,2025-02-03 20:22:00,bill_pay,48.57,0.15,utilities,False,COMPLETED,HCMC,organic
T5412,C100576,2025-02-03 20:25:00,transfer,12.5,0.02,fashion,False,COMPLETED,HCMC,referral
T1766,C100202,2025-02-03 20:37:00,pay,32.67,0.16,entertainment,False,COMPLETED,CanTho,organic
T2258,C100256,2025-02-04 13:11:00,pay,32.0,0.16,food_delivery,False,COMPLETED,HCMC,organic
T2956,C100311,2025-02-04 15:19:00,savings,176.06,0.0,fashion,True,COMPLETED,CanTho,campaign
T2452,C100270,2025-02-04 16:42:00,pay,44.23,0.22,entertainment,True,COMPLETED,Hanoi,organic
T2233,C100255,2025-02-04 17:27:00,transfer,15.51,0.03,health,True,COMPLETED,Hanoi,organic
T5716,C100605,2025-02-04 18:16:00,bill_pay,14.18,0.04,food_delivery,False,COMPLETED,Hanoi,campaign
T943,C100106,2025-02-04 20:27:00,pay,129.36,0.65,transport,False,COMPLETED,CanTho,campaign
T3220,C100341,2025-02-04 20:51:00,transfer,64.07,0.13,groceries,False,COMPLETED,Hanoi,organic
T4306,C100452,2025-02-05 09:55:00,transfer,6.57,0.01,transport,False,COMPLETED,Hanoi,organic
T2304,C100258,2025-02-05 12:15:00,savings,12.86,0.0,groceries,True,COMPLETED,HCMC,paid
T4695,C100501,2025-02-05 12:40:00,transfer,74.5,0.15,fashion,False,COMPLETED,HCMC,organic
T21,C100008,2025-02-05 13:26:00,pay,17.24,0.09,entertainment,False,COMPLETED,Hanoi,organic
T3707,C100390,2025-02-05 13:50:00,savings,40.55,0.0,transport,True,COMPLETED,HCMC,paid
T4959,C100530,2025-02-05 13:57:00,topup,83.74,0.08,health,True,COMPLETED,HCMC,paid
T3913,C100408,2025-02-05 14:04:00,savings,6.56,0.0,fashion,False,COMPLETED,HaiPhong,organic
T5466,C100583,2025-02-05 14:55:00,transfer,26.89,0.05,entertainment,True,COMPLETED,HCMC,organic
T4752,C100511,2025-02-05 15:18:00,transfer,5.73,0.01,groceries,False,COMPLETED,HCMC,organic
T4821,C100517,2025-02-05 16:48:00,bill_pay,37.54,0.11,transport,True,COMPLETED,Hanoi,organic
T5922,C100633,2025-02-05 17:20:00,transfer,7.88,0.02,utilities,True,COMPLETED,HCMC,organic
T5488,C100584,2025-02-05 18:08:00,pay,64.85,0.32,transport,True,COMPLETED,CanTho,organic
T4089,C100425,2025-02-05 19:10:00,savings,128.28,0.0,transport,True,COMPLETED,HCMC,organic
T1612,C100179,2025-02-05 20:40:00,transfer,19.06,0.04,groceries,True,COMPLETED,HCMC,paid
T4917,C100526,2025-02-06 09:31:00,transfer,73.42,0.15,other,False,COMPLETED,HCMC,paid
T4160,C100435,2025-02-06 09:31:00,bill_pay,32.61,0.1,groceries,True,COMPLETED,Hanoi,paid
T5683,C100603,2025-02-06 09:54:00,pay,17.85,0.09,utilities,False,COMPLETED,HCMC,organic
T2704,C100294,2025-02-06 12:17:00,transfer,15.83,0.03,utilities,True,COMPLETED,Hanoi,paid
T5935,C100633,2025-02-06 12:34:00,transfer,8.53,0.02,other,False,COMPLETED,HCMC,organic
T2143,C100245,2025-02-06 12:38:00,pay,22.68,0.11,groceries,False,COMPLETED,HCMC,organic
T5644,C100601,2025-02-06 14:05:00,pay,23.47,0.12,groceries,False,COMPLETED,Hanoi,organic
T480,C100045,2025-02-06 14:36:00,pay,37.37,0.19,other,False,COMPLETED,CanTho,paid
T4649,C100496,2025-02-06 14:57:00,pay,32.24,0.16,electronics,True,COMPLETED,Hanoi,campaign
T5344,C100571,2025-02-06 15:49:00,savings,46.19,0.0,transport,False,COMPLETED,HCMC,paid
T5735,C100608,2025-02-06 16:30:00,savings,11.37,0.0,utilities,True,COMPLETED,Hanoi,paid
T3249,C100343,2025-02-06 17:05:00,invest,23.74,0.01,food_delivery,False,COMPLETED,Hanoi,campaign
T5802,C100620,2025-02-06 17:28:00,invest,24.94,0.01,health,False,COMPLETED,HCMC,organic
T3419,C100360,2025-02-06 19:48:00,transfer,100.3,0.2,health,True,COMPLETED,HaiPhong,campaign
T5241,C100558,2025-02-06 20:01:00,pay,74.38,0.37,groceries,False,COMPLETED,HCMC,organic
T1444,C100166,2025-02-06 20:10:00,savings,14.25,0.0,food_delivery,False,COMPLETED,HCMC,referral
T690,C100072,2025-02-06 20:58:00,bill_pay,27.16,0.08,transport,False,COMPLETED,HCMC,organic
T2463,C100270,2025-02-07 09:00:00,bill_pay,38.2,0.11,education,True,COMPLETED,Hanoi,organic
T5875,C100626,2025-02-07 10:40:00,pay,21.35,0.11,fashion,True,COMPLETED,HCMC,referral
T1935,C100217,2025-02-07 11:52:00,pay,6.25,0.03,food_delivery,False,COMPLETED,HCMC,paid
T3279,C100346,2025-02-07 14:38:00,invest,16.38,0.01,electronics,True,COMPLETED,HCMC,organic
T936,C100106,2025-02-07 14:50:00,savings,14.71,0.0,electronics,True,COMPLETED,CanTho,campaign
T2286,C100257,2025-02-07 15:39:00,pay,43.85,0.22,utilities,False,COMPLETED,DaNang,paid
T4305,C100452,2025-02-07 15:45:00,pay,39.71,0.2,groceries,False,COMPLETED,Hanoi,organic
T4009,C100419,2025-02-07 16:03:00,pay,22.45,0.11,entertainment,True,COMPLETED,Hanoi,referral
T2241,C100256,2025-02-07 20:22:00,transfer,29.37,0.06,entertainment,True,COMPLETED,HCMC,organic
T5770,C100616,2025-02-08 09:42:00,pay,56.33,0.28,fashion,False,COMPLETED,DaNang,campaign
T3654,C100386,2025-02-08 10:15:00,transfer,46.59,0.09,groceries,False,COMPLETED,HCMC,organic
T1084,C100121,2025-02-08 12:46:00,pay,33.76,0.17,food_delivery,False,COMPLETED,HCMC,organic
T566,C100054,2025-02-08 13:40:00,savings,22.33,0.0,electronics,False,COMPLETED,DaNang,paid
T5821,C100622,2025-02-08 15:57:00,transfer,32.39,0.06,utilities,False,COMPLETED,HCMC,paid
T5551,C100592,2025-02-08 18:49:00,pay,33.96,0.17,education,True,COMPLETED,HCMC,organic
T5476,C100584,2025-02-08 20:03:00,savings,13.97,0.0,fashion,False,COMPLETED,CanTho,organic
T1654,C100186,2025-02-08 20:45:00,transfer,26.31,0.05,utilities,True,COMPLETED,HCMC,referral
T2715,C100294,2025-02-09 11:13:00,savings,66.46,0.0,groceries,False,COMPLETED,Hanoi,paid
T1225,C100133,2025-02-09 12:05:00,pay,58.67,0.29,education,False,COMPLETED,Hanoi,referral
T1407,C100162,2025-02-09 12:14:00,transfer,432.85,0.87,health,False,COMPLETED,HCMC,campaign
T2572,C100279,2025-02-09 12:39:00,transfer,124.34,0.25,education,False,COMPLETED,Hanoi,paid
T417,C100043,2025-02-09 14:15:00,transfer,86.09,0.17,fashion,True,FAILED,DaNang,paid
T1230,C100133,2025-02-09 14:16:00,transfer,37.97,0.08,food_delivery,True,FAILED,Hanoi,referral
T302,C100036,2025-02-09 14:22:00,pay,35.9,0.18,fashion,True,COMPLETED,Hanoi,campaign
T5403,C100576,2025-02-09 14:31:00,pay,52.02,0.26,utilities,False,COMPLETED,HCMC,referral
T79,C100013,2025-02-09 14:32:00,pay,12.31,0.06,food_delivery,False,COMPLETED,CanTho,organic
T3810,C100400,2025-02-09 14:39:00,invest,11.02,0.01,groceries,True,COMPLETED,Hanoi,organic
T5113,C100546,2025-02-09 15:59:00,transfer,90.19,0.18,transport,False,COMPLETED,HCMC,paid
T5176,C100552,2025-02-09 16:02:00,bill_pay,76.02,0.23,utilities,True,COMPLETED,HCMC,organic
T1563,C100175,2025-02-09 16:30:00,transfer,10.45,0.02,electronics,True,COMPLETED,HaiPhong,campaign
T4418,C100467,2025-02-09 16:37:00,pay,37.89,0.19,transport,False,COMPLETED,Hanoi,organic
T613,C100058,2025-02-09 16:58:00,transfer,10.47,0.02,groceries,False,COMPLETED,Hanoi,referral
T198,C100025,2025-02-09 17:55:00,pay,19.42,0.1,groceries,True,COMPLETED,CanTho,paid
T293,C100035,2025-02-09 19:56:00,transfer,29.78,0.06,groceries,True,COMPLETED,HCMC,organic
T4864,C100520,2025-02-09 20:22:00,bill_pay,5.23,0.02,utilities,True,COMPLETED,HCMC,organic
T4075,C100424,2025-02-09 20:45:00,pay,28.58,0.14,fashion,False,COMPLETED,HaiPhong,organic
T5745,C100611,2025-02-10 09:17:00,invest,49.99,0.02,utilities,True,COMPLETED,HCMC,campaign
T2287,C100257,2025-02-10 11:48:00,pay,18.16,0.09,education,False,COMPLETED,DaNang,paid
T5570,C100592,2025-02-10 11:53:00,topup,49.47,0.05,education,True,COMPLETED,HCMC,organic
T2814,C100301,2025-02-10 12:31:00,pay,38.91,0.19,education,False,COMPLETED,HCMC,organic
T2377,C100265,2025-02-10 13:19:00,transfer,9.43,0.02,entertainment,False,COMPLETED,Hanoi,organic
T3323,C100352,2025-02-10 13:53:00,savings,58.9,0.0,fashion,False,COMPLETED,CanTho,paid
T3292,C100349,2025-02-10 17:27:00,savings,12.77,0.0,food_delivery,False,COMPLETED,HCMC,organic
T3733,C100391,2025-02-10 19:10:00,transfer,11.23,0.02,fashion,False,COMPLETED,HCMC,organic
T863,C100093,2025-02-10 20:14:00,bill_pay,38.74,0.12,other,True,COMPLETED,Hanoi,organic
T2257,C100256,2025-02-10 20:45:00,pay,5.9,0.03,entertainment,True,COMPLETED,HCMC,organic
T1180,C100131,2025-02-10 20:58:00,transfer,13.64,0.03,fashion,False,COMPLETED,HCMC,paid
T5790,C100620,2025-02-11 11:03:00,bill_pay,27.02,0.08,other,True,COMPLETED,HCMC,organic
T1962,C100222,2025-02-11 11:11:00,pay,94.41,0.47,education,True,COMPLETED,DaNang,organic
T1750,C100201,2025-02-11 11:34:00,pay,35.61,0.18,utilities,False,COMPLETED,Hanoi,paid
T830,C100088,2025-02-11 12:00:00,transfer,32.78,0.07,fashion,False,COMPLETED,HCMC,organic
T2847,C100305,2025-02-11 12:24:00,pay,38.32,0.19,food_delivery,False,COMPLETED,Hanoi,campaign
T5828,C100622,2025-02-11 13:21:00,savings,20.96,0.0,electronics,False,COMPLETED,HCMC,paid
T3321,C100352,2025-02-11 13:54:00,transfer,80.33,0.16,health,True,COMPLETED,CanTho,paid
T6025,C100641,2025-02-11 15:30:00,bill_pay,40.44,0.12,health,False,COMPLETED,CanTho,organic
T3433,C100363,2025-02-11 15:34:00,savings,26.65,0.0,fashion,True,COMPLETED,HCMC,paid
T213,C100029,2025-02-11 15:56:00,pay,16.85,0.08,electronics,False,COMPLETED,HaiPhong,organic
T1909,C100214,2025-02-11 16:26:00,savings,21.23,0.0,education,True,COMPLETED,CanTho,organic
T4173,C100436,2025-02-11 16:41:00,pay,33.18,0.17,food_delivery,False,COMPLETED,HCMC,organic
T6035,C100642,2025-02-11 16:50:00,savings,23.56,0.0,utilities,True,COMPLETED,HCMC,organic
T4762,C100512,2025-02-11 17:32:00,transfer,52.6,0.11,fashion,True,COMPLETED,HCMC,campaign
T3854,C100404,2025-02-11 17:57:00,pay,12.36,0.06,food_delivery,False,COMPLETED,HCMC,organic
T5391,C100575,2025-02-11 18:31:00,savings,34.37,0.0,utilities,False,COMPLETED,HCMC,referral
T1347,C100154,2025-02-12 09:40:00,topup,21.2,0.02,education,False,COMPLETED,Hanoi,organic
T2450,C100270,2025-02-12 10:48:00,pay,17.17,0.09,health,False,COMPLETED,Hanoi,organic
T3545,C100372,2025-02-12 10:48:00,transfer,66.76,0.13,transport,True,COMPLETED,HCMC,referral
T5563,C100592,2025-02-12 11:42:00,pay,37.4,0.19,other,False,COMPLETED,HCMC,organic
T5633,C100601,2025-02-12 11:57:00,savings,46.35,0.0,transport,True,COMPLETED,Hanoi,organic
T5205,C100553,2025-02-12 11:57:00,bill_pay,6.94,0.02,utilities,False,COMPLETED,HCMC,organic
T5583,C100594,2025-02-12 12:22:00,savings,29.99,0.0,fashion,False,COMPLETED,Hanoi,referral
T1527,C100173,2025-02-12 12:31:00,savings,19.11,0.0,transport,False,COMPLETED,HCMC,organic
T2098,C100237,2025-02-12 12:41:00,transfer,36.13,0.07,health,True,COMPLETED,HCMC,campaign
T2639,C100287,2025-02-12 12:49:00,bill_pay,21.44,0.06,other,True,COMPLETED,CanTho,organic
T5302,C100565,2025-02-12 13:15:00,pay,205.73,1.03,transport,True,COMPLETED,DaNang,organic
T538,C100052,2025-02-12 14:00:00,transfer,27.46,0.05,health,False,COMPLETED,HCMC,organic
T267,C100032,2025-02-12 14:25:00,pay,43.1,0.22,electronics,False,COMPLETED,Hanoi,paid
T3591,C100376,2025-02-12 14:59:00,transfer,73.45,0.15,other,False,COMPLETED,HCMC,paid
T1234,C100133,2025-02-12 15:59:00,pay,6.86,0.03,fashion,False,COMPLETED,Hanoi,referral
T150,C100022,2025-02-12 16:28:00,transfer,100.96,0.2,transport,True,COMPLETED,HCMC,organic
T5318,C100570,2025-02-12 17:18:00,topup,8.31,0.01,utilities,False,COMPLETED,Hanoi,organic
T5409,C100576,2025-02-12 18:03:00,transfer,22.43,0.04,other,False,COMPLETED,HCMC,referral
T5404,C100576,2025-02-12 18:14:00,transfer,14.05,0.03,entertainment,True,COMPLETED,HCMC,referral
T1961,C100222,2025-02-12 18:21:00,savings,10.91,0.0,transport,False,FAILED,DaNang,organic
T1133,C100125,2025-02-12 19:15:00,savings,31.73,0.0,utilities,True,COMPLETED,HCMC,referral
T4732,C100505,2025-02-13 10:31:00,pay,15.57,0.08,education,True,COMPLETED,HCMC,organic
T4177,C100437,2025-02-13 10:38:00,pay,60.51,0.3,other,False,COMPLETED,DaNang,organic
T3414,C100360,2025-02-13 11:04:00,transfer,84.17,0.17,electronics,True,COMPLETED,HaiPhong,campaign
T5884,C100627,2025-02-13 11:07:00,pay,23.81,0.12,groceries,False,COMPLETED,HCMC,organic
T3709,C100390,2025-02-13 12:16:00,transfer,11.91,0.02,groceries,False,COMPLETED,HCMC,paid
T1329,C100151,2025-02-13 12:23:00,pay,37.82,0.19,transport,True,COMPLETED,CanTho,paid
T3880,C100405,2025-02-13 12:45:00,transfer,21.77,0.04,education,False,COMPLETED,HCMC,campaign
T4936,C100527,2025-02-13 12:49:00,pay,25.08,0.13,fashion,False,COMPLETED,HCMC,organic
T3750,C100395,2025-02-13 13:20:00,pay,34.69,0.17,groceries,True,COMPLETED,Hanoi,organic
T541,C100052,2025-02-13 15:21:00,transfer,44.33,0.09,other,False,COMPLETED,HCMC,organic
T4781,C100515,2025-02-13 16:57:00,transfer,13.69,0.03,health,False,COMPLETED,Hanoi,paid
T5980,C100636,2025-02-13 17:02:00,pay,11.34,0.06,utilities,True,COMPLETED,DaNang,referral
T5328,C100571,2025-02-13 17:26:00,pay,52.98,0.26,food_delivery,False,COMPLETED,HCMC,paid
T4138,C100435,2025-02-13 18:42:00,transfer,62.04,0.12,utilities,False,FAILED,Hanoi,paid
T5557,C100592,2025-02-13 19:11:00,savings,26.87,0.0,education,False,COMPLETED,HCMC,organic
T3504,C100367,2025-02-13 19:55:00,transfer,16.04,0.03,transport,False,COMPLETED,HCMC,paid
T2549,C100277,2025-02-14 09:13:00,pay,18.07,0.09,groceries,True,COMPLETED,Hanoi,referral
T4519,C100481,2025-02-14 09:14:00,pay,193.59,0.97,health,False,COMPLETED,Hanoi,organic
T3826,C100402,2025-02-14 10:23:00,bill_pay,27.06,0.08,other,False,COMPLETED,Hanoi,paid
T4495,C100478,2025-02-14 10:41:00,pay,39.95,0.2,entertainment,False,COMPLETED,HCMC,organic
T326,C100037,2025-02-14 10:47:00,transfer,4.0,0.01,transport,True,COMPLETED,DaNang,paid
T648,C100068,2025-02-14 10:50:00,topup,31.38,0.03,entertainment,False,COMPLETED,HCMC,organic
T1010,C100117,2025-02-14 10:57:00,savings,12.74,0.0,health,True,COMPLETED,HCMC,organic
T4058,C100423,2025-02-14 11:56:00,pay,80.81,0.4,electronics,False,COMPLETED,HCMC,referral
T5439,C100580,2025-02-14 12:04:00,bill_pay,16.55,0.05,food_delivery,False,COMPLETED,Hanoi,referral
T3933,C100413,2025-02-14 12:43:00,savings,45.86,0.0,fashion,True,COMPLETED,HCMC,paid
T4993,C100534,2025-02-14 12:56:00,transfer,14.75,0.03,other,False,COMPLETED,HaiPhong,organic
T4022,C100420,2025-02-14 13:00:00,transfer,16.65,0.03,health,True,COMPLETED,HCMC,organic
T4070,C100424,2025-02-14 14:14:00,savings,15.87,0.0,electronics,False,COMPLETED,HaiPhong,organic
T2437,C100269,2025-02-14 16:49:00,savings,22.23,0.0,utilities,True,COMPLETED,Hanoi,organic
T5738,C100608,2025-02-14 17:48:00,pay,23.64,0.12,electronics,True,COMPLETED,Hanoi,paid
T1390,C100157,2025-02-14 18:17:00,bill_pay,52.48,0.16,education,False,COMPLETED,Hanoi,referral
T1852,C100206,2025-02-14 18:46:00,transfer,13.17,0.03,entertainment,False,COMPLETED,Hanoi,paid
T5010,C100537,2025-02-14 20:06:00,savings,20.1,0.0,electronics,True,COMPLETED,DaNang,organic
T5937,C100634,2025-02-14 20:26:00,transfer,37.58,0.08,utilities,True,COMPLETED,HCMC,paid
T4396,C100462,2025-02-15 09:55:00,transfer,25.98,0.05,transport,False,FAILED,HCMC,organic
T1738,C100200,2025-02-15 10:11:00,transfer,72.63,0.15,entertainment,False,COMPLETED,CanTho,organic
T4144,C100435,2025-02-15 11:05:00,pay,42.73,0.21,transport,False,COMPLETED,Hanoi,paid
T619,C100058,2025-02-15 11:27:00,pay,21.16,0.11,entertainment,True,COMPLETED,Hanoi,referral
T5055,C100542,2025-02-15 11:35:00,transfer,54.19,0.11,other,True,COMPLETED,HCMC,organic
T841,C100088,2025-02-15 12:14:00,transfer,16.12,0.03,health,False,COMPLETED,HCMC,organic
T3340,C100354,2025-02-15 12:21:00,savings,38.58,0.0,electronics,False,COMPLETED,HCMC,paid
T5121,C100548,2025-02-15 12:53:00,transfer,30.53,0.06,health,False,COMPLETED,Hanoi,referral
T870,C100093,2025-02-15 13:12:00,transfer,26.67,0.05,entertainment,False,COMPLETED,Hanoi,organic
T4604,C100489,2025-02-15 14:08:00,bill_pay,16.2,0.05,other,False,COMPLETED,Hanoi,organic
T2806,C100299,2025-02-15 14:24:00,pay,37.71,0.19,health,False,COMPLETED,HCMC,organic
T4007,C100419,2025-02-15 16:25:00,pay,17.96,0.09,transport,True,COMPLETED,Hanoi,referral
T4988,C100534,2025-02-15 16:28:00,savings,15.85,0.0,utilities,True,COMPLETED,HaiPhong,organic
T5507,C100588,2025-02-15 16:56:00,pay,60.03,0.3,entertainment,False,COMPLETED,HCMC,organic
T6095,C100647,2025-02-15 17:11:00,bill_pay,39.08,0.12,groceries,True,COMPLETED,CanTho,campaign
T218,C100029,2025-02-15 17:22:00,bill_pay,26.88,0.08,education,True,COMPLETED,HaiPhong,organic
T4011,C100419,2025-02-15 17:23:00,transfer,9.28,0.02,electronics,True,COMPLETED,Hanoi,referral
T4676,C100500,2025-02-15 18:36:00,topup,81.94,0.08,other,False,COMPLETED,HCMC,campaign
T1646,C100186,2025-02-15 19:36:00,pay,31.38,0.16,health,True,COMPLETED,HCMC,referral
T5013,C100538,2025-02-15 20:04:00,bill_pay,38.64,0.12,transport,True,COMPLETED,HaiPhong,organic
T6006,C100637,2025-02-15 20:17:00,transfer,30.51,0.06,education,False,COMPLETED,Hanoi,organic
T5235,C100556,2025-02-15 20:21:00,savings,13.52,0.0,electronics,False,COMPLETED,Hanoi,paid
T2685,C100293,2025-02-16 10:32:00,transfer,28.56,0.06,transport,True,COMPLETED,Hanoi,paid
T4350,C100458,2025-02-16 11:59:00,pay,39.07,0.2,entertainment,False,COMPLETED,HCMC,referral
T5417,C100578,2025-02-16 12:38:00,pay,19.9,0.1,entertainment,False,COMPLETED,Hanoi,organic
T6092,C100647,2025-02-16 12:54:00,transfer,50.67,0.1,entertainment,True,COMPLETED,CanTho,campaign
T1730,C100198,2025-02-16 13:13:00,pay,40.05,0.2,utilities,False,COMPLETED,DaNang,organic
T5840,C100623,2025-02-16 13:15:00,pay,14.47,0.07,utilities,False,COMPLETED,HCMC,paid
T5641,C100601,2025-02-16 13:23:00,transfer,52.09,0.1,transport,False,COMPLETED,Hanoi,organic
T5061,C100542,2025-02-16 14:45:00,pay,27.47,0.14,electronics,False,COMPLETED,HCMC,organic
T5532,C100590,2025-02-16 18:15:00,pay,11.66,0.06,fashion,True,COMPLETED,HCMC,paid
T5813,C100622,2025-02-16 18:47:00,pay,18.51,0.09,electronics,False,COMPLETED,HCMC,paid
T5457,C100581,2025-02-16 19:48:00,savings,24.79,0.0,health,False,COMPLETED,HCMC,referral
T1751,C100201,2025-02-16 20:28:00,pay,10.01,0.05,fashion,True,COMPLETED,Hanoi,paid
T3142,C100334,2025-02-16 20:46:00,transfer,92.2,0.18,groceries,True,COMPLETED,HCMC,organic
T5425,C100578,2025-02-17 12:32:00,transfer,249.54,0.5,transport,False,COMPLETED,Hanoi,organic
T4010,C100419,2025-02-17 12:54:00,savings,28.85,0.0,health,True,COMPLETED,Hanoi,referral
T5087,C100546,2025-02-17 12:55:00,transfer,20.67,0.04,education,False,COMPLETED,HCMC,paid
T4407,C100465,2025-02-17 13:06:00,bill_pay,24.1,0.07,transport,False,COMPLETED,Hanoi,paid
T5119,C100548,2025-02-17 13:42:00,bill_pay,31.5,0.09,health,True,COMPLETED,Hanoi,referral
T4798,C100516,2025-02-17 14:37:00,topup,16.23,0.02,fashion,True,COMPLETED,Hanoi,referral
T2476,C100271,2025-02-17 16:47:00,pay,26.87,0.13,groceries,False,COMPLETED,HCMC,paid
T1323,C100144,2025-02-17 17:01:00,pay,11.45,0.06,transport,True,COMPLETED,HCMC,organic
T4627,C100495,2025-02-17 17:45:00,pay,26.33,0.13,fashion,True,COMPLETED,Hanoi,organic
T3889,C100405,2025-02-17 18:49:00,topup,61.16,0.06,health,False,COMPLETED,HCMC,campaign
T6087,C100646,2025-02-17 18:56:00,transfer,69.0,0.14,electronics,True,COMPLETED,Hanoi,paid
T5307,C100565,2025-02-18 10:15:00,pay,65.73,0.33,transport,False,COMPLETED,DaNang,organic
T2673,C100293,2025-02-18 10:16:00,bill_pay,74.0,0.22,transport,True,COMPLETED,Hanoi,paid
T1200,C100132,2025-02-18 12:00:00,savings,21.58,0.0,food_delivery,True,COMPLETED,Hanoi,paid
T4032,C100420,2025-02-18 12:28:00,pay,48.07,0.24,transport,False,COMPLETED,HCMC,organic
T5857,C100626,2025-02-18 14:05:00,pay,5.47,0.03,utilities,True,COMPLETED,HCMC,referral
T5701,C100604,2025-02-18 15:24:00,savings,31.23,0.0,transport,False,COMPLETED,DaNang,organic
T2984,C100313,2025-02-18 17:09:00,transfer,14.7,0.03,entertainment,False,COMPLETED,DaNang,organic
T3137,C100331,2025-02-18 18:16:00,transfer,37.0,0.07,health,False,COMPLETED,Hanoi,campaign
T5469,C100583,2025-02-18 18:18:00,pay,8.56,0.04,fashion,False,COMPLETED,HCMC,organic
T4507,C100481,2025-02-18 18:33:00,savings,29.22,0.0,food_delivery,True,COMPLETED,Hanoi,organic
T5672,C100603,2025-02-18 18:45:00,bill_pay,70.77,0.21,fashion,False,COMPLETED,HCMC,organic
T2160,C100246,2025-02-18 19:09:00,transfer,40.7,0.08,other,True,COMPLETED,HCMC,referral
T717,C100076,2025-02-19 09:11:00,transfer,21.07,0.04,transport,False,COMPLETED,Hanoi,paid
T5674,C100603,2025-02-19 09:38:00,bill_pay,35.78,0.11,education,False,COMPLETED,HCMC,organic
T4598,C100488,2025-02-19 10:12:00,transfer,29.51,0.06,transport,False,COMPLETED,CanTho,organic
T3420,C100360,2025-02-19 12:28:00,savings,10.54,0.0,electronics,False,COMPLETED,HaiPhong,campaign
T1034,C100118,2025-02-19 12:42:00,bill_pay,45.91,0.14,utilities,True,COMPLETED,Hanoi,organic
T2259,C100256,2025-02-19 13:48:00,bill_pay,18.71,0.06,food_delivery,False,COMPLETED,HCMC,organic
T5522,C100589,2025-02-19 14:00:00,pay,50.9,0.25,utilities,True,COMPLETED,HCMC,organic
T4530,C100481,2025-02-19 15:07:00,savings,63.03,0.0,electronics,True,COMPLETED,Hanoi,organic
T3409,C100360,2025-02-19 16:13:00,pay,10.3,0.05,food_delivery,False,COMPLETED,HaiPhong,campaign
T2890,C100308,2025-02-19 17:11:00,bill_pay,161.05,0.48,utilities,True,COMPLETED,HCMC,paid
T5437,C100580,2025-02-19 18:06:00,transfer,28.37,0.06,education,False,COMPLETED,Hanoi,referral
T5576,C100593,2025-02-19 18:16:00,transfer,118.96,0.24,electronics,True,COMPLETED,HCMC,organic
T6119,C100649,2025-02-19 18:28:00,pay,5.09,0.03,food_delivery,False,COMPLETED,HCMC,organic
T4892,C100524,2025-02-19 19:25:00,transfer,42.13,0.08,groceries,False,COMPLETED,HCMC,organic
T75,C100013,2025-02-19 20:11:00,pay,107.01,0.54,food_delivery,True,COMPLETED,CanTho,organic
T2034,C100231,2025-02-19 20:11:00,transfer,83.68,0.17,utilities,False,COMPLETED,HCMC,paid
T5306,C100565,2025-02-20 09:40:00,bill_pay,19.98,0.06,education,True,COMPLETED,DaNang,organic
T5027,C100538,2025-02-20 10:05:00,pay,46.32,0.23,education,True,COMPLETED,HaiPhong,organic
T3118,C100331,2025-02-20 11:21:00,topup,33.13,0.03,transport,False,COMPLETED,Hanoi,campaign
T6045,C100645,2025-02-20 12:13:00,transfer,44.48,0.09,food_delivery,False,COMPLETED,HCMC,organic
T3208,C100340,2025-02-20 12:13:00,pay,9.95,0.05,other,False,COMPLETED,HCMC,organic
T5441,C100580,2025-02-20 14:23:00,pay,31.44,0.16,education,True,COMPLETED,Hanoi,referral
T2204,C100249,2025-02-20 15:07:00,savings,38.89,0.0,food_delivery,True,COMPLETED,HCMC,organic
T4949,C100530,2025-02-20 15:48:00,transfer,40.33,0.08,utilities,False,COMPLETED,HCMC,paid
T1314,C100144,2025-02-20 16:15:00,pay,10.61,0.05,groceries,False,COMPLETED,HCMC,organic
T453,C100044,2025-02-20 16:22:00,transfer,28.29,0.06,fashion,False,COMPLETED,Hanoi,organic
T4533,C100484,2025-02-20 17:20:00,savings,20.55,0.0,food_delivery,False,COMPLETED,HCMC,referral
T2513,C100274,2025-02-20 17:50:00,invest,44.15,0.02,groceries,False,COMPLETED,HCMC,organic
T4037,C100420,2025-02-20 17:57:00,pay,25.42,0.13,entertainment,True,COMPLETED,HCMC,organic
T5472,C100583,2025-02-20 19:38:00,transfer,35.35,0.07,health,True,COMPLETED,HCMC,organic
T5548,C100592,2025-02-20 20:01:00,transfer,11.84,0.02,health,True,COMPLETED,HCMC,organic
T4553,C100484,2025-02-20 20:26:00,pay,35.18,0.18,other,True,COMPLETED,HCMC,referral
T1438,C100166,2025-02-20 20:45:00,transfer,48.06,0.1,food_delivery,False,COMPLETED,HCMC,referral
T5783,C100619,2025-02-21 09:14:00,savings,62.26,0.0,health,False,COMPLETED,HCMC,referral
T5173,C100551,2025-02-21 10:06:00,savings,21.73,0.0,other,False,COMPLETED,Hanoi,paid
T5245,C100559,2025-02-21 10:40:00,bill_pay,39.15,0.12,education,False,COMPLETED,HCMC,referral
T4129,C100429,2025-02-21 10:47:00,pay,11.26,0.06,groceries,True,COMPLETED,HaiPhong,referral
T4427,C100467,2025-02-21 11:08:00,savings,32.6,0.0,utilities,False,COMPLETED,Hanoi,organic
T1495,C100171,2025-02-21 12:22:00,bill_pay,13.22,0.04,other,True,COMPLETED,HCMC,organic
T2822,C100301,2025-02-21 12:40:00,pay,9.97,0.05,entertainment,False,COMPLETED,HCMC,organic
T1670,C100190,2025-02-21 12:44:00,transfer,7.7,0.02,health,False,COMPLETED,CanTho,referral
T6027,C100641,2025-02-21 13:27:00,pay,6.73,0.03,groceries,True,COMPLETED,CanTho,organic
T3072,C100329,2025-02-21 13:54:00,savings,42.72,0.0,education,False,COMPLETED,HCMC,organic
T4456,C100475,2025-02-21 14:10:00,pay,10.98,0.05,groceries,False,COMPLETED,HCMC,paid
T2035,C100231,2025-02-21 14:40:00,pay,65.45,0.33,fashion,False,COMPLETED,HCMC,paid
T4045,C100422,2025-02-21 14:47:00,transfer,38.56,0.08,health,True,COMPLETED,Hanoi,organic
T411,C100042,2025-02-21 15:12:00,savings,11.6,0.0,electronics,True,COMPLETED,HCMC,organic
T597,C100058,2025-02-21 16:23:00,transfer,18.02,0.04,utilities,True,COMPLETED,Hanoi,referral
T1308,C100143,2025-02-21 17:32:00,bill_pay,16.75,0.05,health,True,COMPLETED,HCMC,organic
T4118,C100429,2025-02-21 17:38:00,pay,53.11,0.27,utilities,True,COMPLETED,HaiPhong,referral
T1300,C100143,2025-02-21 17:42:00,invest,27.84,0.01,health,False,COMPLETED,HCMC,organic
T3536,C100370,2025-02-21 18:26:00,pay,117.28,0.59,health,False,COMPLETED,Hanoi,organic
T285,C100034,2025-02-21 18:27:00,savings,23.64,0.0,education,False,COMPLETED,CanTho,referral
T2824,C100301,2025-02-21 19:07:00,savings,33.54,0.0,transport,False,COMPLETED,HCMC,organic
T1079,C100120,2025-02-21 19:10:00,pay,40.69,0.2,health,True,COMPLETED,HCMC,paid
T5799,C100620,2025-02-21 19:29:00,pay,37.88,0.19,entertainment,True,COMPLETED,HCMC,organic
T4584,C100488,2025-02-22 09:37:00,pay,35.47,0.18,electronics,False,COMPLETED,CanTho,organic
T5009,C100537,2025-02-22 10:29:00,savings,22.59,0.0,other,False,COMPLETED,DaNang,organic
T4828,C100518,2025-02-22 11:36:00,savings,20.25,0.0,fashion,False,COMPLETED,DaNang,organic
T3720,C100391,2025-02-22 11:47:00,pay,29.9,0.15,other,True,COMPLETED,HCMC,organic
T2109,C100238,2025-02-22 13:16:00,bill_pay,38.46,0.12,groceries,False,COMPLETED,HCMC,paid
T5596,C100595,2025-02-22 13:28:00,pay,36.28,0.18,groceries,False,COMPLETED,HCMC,referral
T5351,C100572,2025-02-22 13:48:00,transfer,41.21,0.08,utilities,False,COMPLETED,HCMC,organic
T4826,C100518,2025-02-22 14:33:00,bill_pay,62.51,0.19,food_delivery,False,COMPLETED,DaNang,organic
T3830,C100403,2025-02-22 15:14:00,pay,3.16,0.02,utilities,False,COMPLETED,HCMC,paid
T5292,C100565,2025-02-22 16:07:00,transfer,15.34,0.03,health,False,COMPLETED,DaNang,organic
T5360,C100572,2025-02-22 16:08:00,transfer,33.23,0.07,other,True,COMPLETED,HCMC,organic
T5649,C100602,2025-02-22 16:26:00,transfer,17.22,0.03,health,False,COMPLETED,HCMC,paid
T1866,C100208,2025-02-22 16:53:00,transfer,28.41,0.06,fashion,True,COMPLETED,Hanoi,organic
T3167,C100334,2025-02-22 17:51:00,savings,9.71,0.0,entertainment,True,COMPLETED,HCMC,organic
T4198,C100438,2025-02-22 19:22:00,transfer,10.03,0.02,entertainment,False,COMPLETED,HCMC,paid
T3385,C100359,2025-02-22 19:55:00,pay,33.87,0.17,entertainment,False,COMPLETED,Hanoi,organic
T5475,C100584,2025-02-22 20:09:00,transfer,8.97,0.02,transport,False,COMPLETED,CanTho,organic
T2724,C100295,2025-02-22 20:46:00,pay,31.83,0.16,electronics,False,COMPLETED,HCMC,paid
T5590,C100595,2025-02-23 09:20:00,transfer,34.88,0.07,transport,False,COMPLETED,HCMC,referral
T5578,C100594,2025-02-23 10:01:00,topup,33.69,0.03,health,False,COMPLETED,Hanoi,referral
T5791,C100620,2025-02-23 10:04:00,pay,62.51,0.31,fashion,False,COMPLETED,HCMC,organic
T3565,C100374,2025-02-23 10:06:00,pay,13.54,0.07,other,True,COMPLETED,Hanoi,referral
T6177,C100658,2025-02-23 10:33:00,savings,35.82,0.0,other,True,COMPLETED,Hanoi,paid
T5287,C100565,2025-02-23 11:37:00,pay,147.9,0.74,transport,False,COMPLETED,DaNang,organic
T5216,C100556,2025-02-23 13:02:00,pay,13.61,0.07,health,True,COMPLETED,Hanoi,paid
T5036,C100538,2025-02-23 13:11:00,pay,15.38,0.08,food_delivery,False,COMPLETED,HaiPhong,organic
T3110,C100330,2025-02-23 14:06:00,savings,36.36,0.0,utilities,True,COMPLETED,CanTho,paid
T5082,C100544,2025-02-23 14:21:00,pay,11.99,0.06,electronics,False,FAILED,DaNang,referral
T1274,C100140,2025-02-23 15:11:00,savings,22.22,0.0,entertainment,True,COMPLETED,HaiPhong,paid
T5635,C100601,2025-02-23 15:49:00,topup,37.79,0.04,health,True,COMPLETED,Hanoi,organic
T2920,C100309,2025-02-23 16:41:00,bill_pay,48.27,0.14,fashion,False,COMPLETED,HCMC,paid
T6229,C100661,2025-02-23 17:42:00,savings,97.05,0.0,electronics,False,COMPLETED,HCMC,organic
T2289,C100257,2025-02-23 18:49:00,pay,59.7,0.3,fashion,False,COMPLETED,DaNang,paid
T5438,C100580,2025-02-23 19:31:00,invest,32.16,0.02,transport,True,COMPLETED,Hanoi,referral
T449,C100044,2025-02-24 09:28:00,pay,13.78,0.07,food_delivery,True,COMPLETED,Hanoi,organic
T6199,C100658,2025-02-24 11:31:00,pay,34.53,0.17,utilities,True,COMPLETED,Hanoi,paid
T1310,C100143,2025-02-24 12:41:00,invest,17.63,0.01,other,False,COMPLETED,HCMC,organic
T6129,C100649,2025-02-24 14:15:00,bill_pay,19.74,0.06,utilities,False,COMPLETED,HCMC,organic
T4387,C100460,2025-02-24 14:17:00,pay,16.25,0.08,other,False,COMPLETED,HCMC,organic
T2968,C100312,2025-02-24 14:28:00,topup,7.82,0.01,utilities,False,COMPLETED,HCMC,campaign
T1493,C100171,2025-02-24 14:40:00,transfer,29.68,0.06,entertainment,False,COMPLETED,HCMC,organic
T2914,C100309,2025-02-24 15:24:00,transfer,67.68,0.14,transport,False,COMPLETED,HCMC,paid
T3020,C100320,2025-02-24 15:28:00,invest,31.41,0.02,other,False,COMPLETED,CanTho,organic
T5157,C100550,2025-02-24 15:48:00,savings,33.19,0.0,entertainment,True,COMPLETED,HCMC,paid
T6240,C100665,2025-02-24 16:39:00,transfer,12.03,0.02,fashion,True,COMPLETED,Hanoi,paid
T632,C100063,2025-02-24 18:59:00,transfer,7.77,0.02,fashion,True,COMPLETED,HCMC,organic
T2080,C100237,2025-02-24 18:59:00,transfer,54.53,0.11,entertainment,False,COMPLETED,HCMC,campaign
T6088,C100646,2025-02-24 19:15:00,savings,36.89,0.0,transport,False,COMPLETED,Hanoi,paid
T1809,C100204,2025-02-24 20:57:00,savings,23.29,0.0,fashion,False,COMPLETED,Hanoi,campaign
T3593,C100376,2025-02-25 09:53:00,transfer,48.44,0.1,groceries,False,COMPLETED,HCMC,paid
T2134,C100239,2025-02-25 13:54:00,pay,19.08,0.1,fashion,False,COMPLETED,HaiPhong,organic
T1755,C100201,2025-02-25 15:42:00,savings,22.47,0.0,transport,False,COMPLETED,Hanoi,paid
T4149,C100435,2025-02-25 16:17:00,transfer,64.82,0.13,other,True,COMPLETED,Hanoi,paid
T4005,C100419,2025-02-25 17:06:00,topup,109.71,0.11,utilities,True,COMPLETED,Hanoi,referral
T4426,C100467,2025-02-25 18:35:00,invest,29.68,0.01,fashion,False,COMPLETED,Hanoi,organic
T4572,C100486,2025-02-25 18:45:00,pay,49.15,0.25,other,False,COMPLETED,HCMC,paid
T2043,C100231,2025-02-25 19:07:00,savings,19.39,0.0,health,True,COMPLETED,HCMC,paid
T4961,C100531,2025-02-25 19:33:00,pay,26.41,0.13,food_delivery,False,COMPLETED,DaNang,organic
T2333,C100261,2025-02-25 19:33:00,transfer,24.57,0.05,utilities,False,COMPLETED,HCMC,organic
T4885,C100524,2025-02-25 19:51:00,savings,28.03,0.0,groceries,False,COMPLETED,HCMC,organic
T1726,C100198,2025-02-25 20:32:00,pay,67.78,0.34,health,True,COMPLETED,DaNang,organic
T2551,C100278,2025-02-26 09:14:00,pay,16.21,0.08,health,False,COMPLETED,HCMC,paid
T6102,C100647,2025-02-26 09:49:00,transfer,46.33,0.09,utilities,True,COMPLETED,CanTho,campaign
T6232,C100661,2025-02-26 10:11:00,bill_pay,15.89,0.05,food_delivery,True,COMPLETED,HCMC,organic
T3214,C100340,2025-02-26 10:30:00,bill_pay,18.39,0.06,transport,False,COMPLETED,HCMC,organic
T676,C100072,2025-02-26 11:51:00,pay,73.62,0.37,entertainment,False,COMPLETED,HCMC,organic
T3310,C100352,2025-02-26 12:03:00,transfer,23.59,0.05,other,True,COMPLETED,CanTho,paid
T6039,C100642,2025-02-26 12:42:00,savings,8.28,0.0,transport,True,COMPLETED,HCMC,organic
T3713,C100390,2025-02-26 13:00:00,savings,11.92,0.0,food_delivery,False,COMPLETED,HCMC,paid
T1953,C100219,2025-02-26 13:39:00,transfer,25.17,0.05,fashion,False,COMPLETED,CanTho,paid
T3721,C100391,2025-02-26 14:21:00,pay,97.68,0.49,education,False,COMPLETED,HCMC,organic
T1792,C100203,2025-02-26 15:21:00,savings,78.33,0.0,education,False,COMPLETED,Hanoi,organic
T4756,C100511,2025-02-26 15:38:00,transfer,7.65,0.02,transport,False,COMPLETED,HCMC,organic
T4839,C100518,2025-02-26 15:52:00,pay,33.28,0.17,electronics,False,COMPLETED,DaNang,organic
T3056,C100327,2025-02-26 16:26:00,pay,11.82,0.06,fashion,True,COMPLETED,Hanoi,organic
T674,C100072,2025-02-26 17:47:00,transfer,40.19,0.08,groceries,True,COMPLETED,HCMC,organic
T5931,C100633,2025-02-26 18:15:00,pay,40.38,0.2,food_delivery,False,COMPLETED,HCMC,organic
T6179,C100658,2025-02-26 18:34:00,pay,19.95,0.1,education,False,COMPLETED,Hanoi,paid
T5947,C100635,2025-02-26 18:56:00,pay,17.86,0.09,fashion,True,COMPLETED,HCMC,campaign
T5350,C100572,2025-02-26 19:47:00,pay,161.13,0.81,fashion,False,COMPLETED,HCMC,organic
T822,C100086,2025-02-26 19:50:00,pay,73.75,0.37,education,False,COMPLETED,HCMC,organic
T4915,C100526,2025-02-27 09:23:00,pay,79.74,0.4,transport,False,COMPLETED,HCMC,paid
T2852,C100307,2025-02-27 09:45:00,pay,33.8,0.17,education,False,COMPLETED,HCMC,organic
T1771,C100202,2025-02-27 11:19:00,savings,36.79,0.0,groceries,False,COMPLETED,CanTho,organic
T2689,C100293,2025-02-27 12:47:00,invest,13.23,0.01,health,False,COMPLETED,Hanoi,paid
T4231,C100440,2025-02-27 13:04:00,invest,29.86,0.01,entertainment,True,COMPLETED,CanTho,campaign
T6267,C100667,2025-02-27 13:31:00,pay,9.96,0.05,health,False,COMPLETED,Hanoi,paid
T5753,C100614,2025-02-27 14:56:00,pay,30.29,0.15,education,True,COMPLETED,HCMC,organic
T4417,C100467,2025-02-27 15:20:00,transfer,31.95,0.06,electronics,False,COMPLETED,Hanoi,organic
T4164,C100436,2025-02-27 15:32:00,pay,34.78,0.17,utilities,False,COMPLETED,HCMC,organic
T4293,C100451,2025-02-27 16:03:00,savings,12.35,0.0,fashion,False,COMPLETED,Hanoi,organic
T1772,C100202,2025-02-27 16:57:00,transfer,20.28,0.04,education,True,COMPLETED,CanTho,organic
T2635,C100287,2025-02-27 17:05:00,topup,10.62,0.01,education,True,COMPLETED,CanTho,organic
T3874,C100405,2025-02-27 18:09:00,topup,28.14,0.03,utilities,False,COMPLETED,HCMC,campaign
T2605,C100286,2025-02-27 19:20:00,bill_pay,61.87,0.19,groceries,False,COMPLETED,DaNang,organic
T395,C100042,2025-02-27 19:25:00,pay,34.5,0.17,education,False,COMPLETED,HCMC,organic
T5746,C100611,2025-02-27 19:27:00,transfer,14.33,0.03,fashion,False,FAILED,HCMC,campaign
T6254,C100666,2025-02-28 09:04:00,pay,91.3,0.46,transport,True,COMPLETED,Hanoi,paid
T5478,C100584,2025-02-28 09:05:00,pay,36.84,0.18,transport,False,COMPLETED,CanTho,organic
T1366,C100156,2025-02-28 09:13:00,pay,25.05,0.13,groceries,False,COMPLETED,Hanoi,organic
T986,C100115,2025-02-28 10:07:00,bill_pay,23.56,0.07,food_delivery,False,COMPLETED,HCMC,referral
T6008,C100637,2025-02-28 10:07:00,pay,10.62,0.05,groceries,True,COMPLETED,Hanoi,organic
T4880,C100523,2025-02-28 10:17:00,savings,18.18,0.0,fashion,True,COMPLETED,HCMC,referral
T5130,C100548,2025-02-28 10:37:00,transfer,76.43,0.15,entertainment,False,COMPLETED,Hanoi,referral
T4787,C100516,2025-02-28 10:42:00,transfer,21.23,0.04,education,False,COMPLETED,Hanoi,referral
T1468,C100167,2025-02-28 12:01:00,savings,166.15,0.0,fashion,True,COMPLETED,DaNang,paid
T1538,C100173,2025-02-28 12:01:00,savings,7.76,0.0,health,True,COMPLETED,HCMC,organic
T5129,C100548,2025-02-28 12:23:00,transfer,8.86,0.02,groceries,False,COMPLETED,Hanoi,referral
T4751,C100511,2025-02-28 13:06:00,topup,22.58,0.02,other,True,COMPLETED,HCMC,organic
T2641,C100287,2025-02-28 13:21:00,invest,21.09,0.01,transport,False,COMPLETED,CanTho,organic
T3252,C100343,2025-02-28 14:00:00,transfer,20.5,0.04,groceries,True,COMPLETED,Hanoi,campaign
T3318,C100352,2025-02-28 14:01:00,savings,21.14,0.0,groceries,False,COMPLETED,CanTho,paid
T3641,C100385,2025-02-28 14:28:00,pay,28.79,0.14,health,True,COMPLETED,Hanoi,referral
T2924,C100310,2025-02-28 15:20:00,savings,231.67,0.0,utilities,False,COMPLETED,HCMC,paid
T485,C100046,2025-02-28 15:28:00,transfer,20.1,0.04,groceries,False,COMPLETED,Hanoi,organic
T2880,C100308,2025-02-28 15:39:00,invest,24.13,0.01,education,True,COMPLETED,HCMC,paid
T1251,C100138,2025-02-28 16:29:00,bill_pay,46.27,0.14,groceries,True,COMPLETED,Hanoi,organic
T4924,C100527,2025-02-28 17:18:00,pay,21.35,0.11,education,False,COMPLETED,HCMC,organic
T2205,C100252,2025-02-28 17:31:00,pay,36.92,0.18,transport,False,COMPLETED,DaNang,paid
T455,C100045,2025-02-28 18:05:00,pay,16.63,0.08,fashion,False,COMPLETED,CanTho,paid
T1965,C100222,2025-02-28 20:00:00,pay,213.64,1.07,education,False,COMPLETED,DaNang,organic
T751,C100080,2025-02-28 20:22:00,transfer,16.83,0.03,education,True,COMPLETED,HCMC,referral
T347,C100038,2025-02-28 20:36:00,transfer,55.19,0.11,health,False,COMPLETED,HCMC,organic
T431,C100043,2025-02-28 20:45:00,invest,42.03,0.02,entertainment,False,COMPLETED,DaNang,paid
T2986,C100313,2025-02-28 20:58:00,bill_pay,43.64,0.13,groceries,False,COMPLETED,DaNang,organic
T6211,C100660,2025-03-01 09:36:00,pay,5.58,0.03,health,False,COMPLETED,HCMC,organic
T5168,C100551,2025-03-01 10:30:00,savings,8.91,0.0,education,True,COMPLETED,Hanoi,paid
T5730,C100608,2025-03-01 12:03:00,pay,39.8,0.2,education,True,COMPLETED,Hanoi,paid
T5107,C100546,2025-03-01 12:05:00,pay,16.34,0.08,utilities,True,COMPLETED,HCMC,paid
T3314,C100352,2025-03-01 12:13:00,invest,26.82,0.01,fashion,False,COMPLETED,CanTho,paid
T1967,C100222,2025-03-01 12:58:00,pay,19.63,0.1,fashion,True,COMPLETED,DaNang,organic
T2931,C100310,2025-03-01 14:07:00,pay,18.17,0.09,food_delivery,True,COMPLETED,HCMC,paid
T4267,C100446,2025-03-01 14:38:00,transfer,30.81,0.06,health,False,COMPLETED,HCMC,organic
T4727,C100505,2025-03-01 16:56:00,transfer,219.17,0.44,fashion,True,COMPLETED,HCMC,organic
T4648,C100496,2025-03-01 18:00:00,transfer,53.11,0.11,fashion,False,COMPLETED,Hanoi,campaign
T5536,C100590,2025-03-01 18:03:00,pay,33.41,0.17,other,False,COMPLETED,HCMC,paid
T6162,C100654,2025-03-01 18:16:00,invest,27.4,0.01,fashion,False,COMPLETED,CanTho,organic
T5991,C100636,2025-03-01 18:21:00,pay,28.92,0.14,entertainment,False,COMPLETED,DaNang,referral
T5371,C100574,2025-03-01 18:52:00,invest,59.96,0.03,other,False,COMPLETED,Hanoi,paid
T5200,C100553,2025-03-01 18:59:00,pay,66.77,0.33,fashion,True,COMPLETED,HCMC,organic
T3304,C100351,2025-03-01 19:54:00,topup,39.28,0.04,other,False,COMPLETED,CanTho,paid
T2785,C100298,2025-03-02 10:53:00,transfer,42.07,0.08,groceries,False,FAILED,DaNang,organic
T809,C100086,2025-03-02 14:40:00,bill_pay,28.35,0.09,utilities,False,FAILED,HCMC,organic
T4405,C100465,2025-03-02 14:46:00,transfer,28.36,0.06,education,False,COMPLETED,Hanoi,paid
T4411,C100466,2025-03-02 15:27:00,transfer,85.22,0.17,fashion,True,COMPLETED,HCMC,paid
T5748,C100611,2025-03-02 16:40:00,invest,55.76,0.03,health,False,COMPLETED,HCMC,campaign
T4503,C100478,2025-03-02 16:48:00,transfer,34.18,0.07,groceries,True,COMPLETED,HCMC,organic
T5317,C100570,2025-03-02 16:58:00,transfer,26.87,0.05,fashion,False,COMPLETED,Hanoi,organic
T3378,C100357,2025-03-02 17:39:00,transfer,34.77,0.07,education,True,COMPLETED,DaNang,campaign
T2356,C100264,2025-03-02 18:05:00,savings,32.22,0.0,education,True,COMPLETED,HCMC,organic
T3538,C100372,2025-03-02 19:00:00,savings,172.64,0.0,other,False,COMPLETED,HCMC,referral
T3537,C100372,2025-03-02 19:15:00,savings,51.21,0.0,other,False,COMPLETED,HCMC,referral
T4189,C100437,2025-03-02 20:03:00,bill_pay,50.31,0.15,entertainment,False,COMPLETED,DaNang,organic
T5932,C100633,2025-03-02 20:38:00,transfer,69.49,0.14,food_delivery,False,COMPLETED,HCMC,organic
T4178,C100437,2025-03-03 10:10:00,transfer,42.89,0.09,electronics,False,COMPLETED,DaNang,organic
T1698,C100195,2025-03-03 13:13:00,transfer,16.59,0.03,fashion,True,COMPLETED,Hanoi,referral
T1291,C100142,2025-03-03 13:47:00,transfer,33.76,0.07,food_delivery,True,COMPLETED,HaiPhong,paid
T6197,C100658,2025-03-03 13:50:00,savings,15.77,0.0,electronics,False,COMPLETED,Hanoi,paid
T1574,C100176,2025-03-03 13:55:00,transfer,13.1,0.03,health,False,COMPLETED,Hanoi,referral
T5451,C100581,2025-03-03 14:18:00,savings,35.99,0.0,fashion,False,COMPLETED,HCMC,referral
T2812,C100299,2025-03-03 14:35:00,pay,28.72,0.14,fashion,True,COMPLETED,HCMC,organic
T3665,C100386,2025-03-03 15:19:00,pay,21.64,0.11,electronics,False,COMPLETED,HCMC,organic
T3596,C100376,2025-03-03 15:46:00,pay,20.73,0.1,health,False,COMPLETED,HCMC,paid
T3078,C100329,2025-03-03 16:40:00,savings,31.65,0.0,electronics,True,COMPLETED,HCMC,organic
T5690,C100603,2025-03-03 17:08:00,pay,13.35,0.07,food_delivery,False,COMPLETED,HCMC,organic
T6260,C100666,2025-03-03 17:31:00,transfer,14.66,0.03,entertainment,True,COMPLETED,Hanoi,paid
T5962,C100635,2025-03-03 18:10:00,bill_pay,153.92,0.46,electronics,False,COMPLETED,HCMC,campaign
T2642,C100288,2025-03-03 18:36:00,transfer,10.44,0.02,education,True,COMPLETED,HCMC,referral
T1501,C100171,2025-03-03 19:21:00,pay,45.59,0.23,utilities,False,COMPLETED,HCMC,organic
T1480,C100169,2025-03-03 19:21:00,transfer,108.3,0.22,groceries,True,COMPLETED,Hanoi,referral
T2620,C100286,2025-03-03 19:21:00,transfer,27.26,0.05,other,True,COMPLETED,DaNang,organic
T323,C100037,2025-03-03 19:29:00,pay,39.87,0.2,transport,False,COMPLETED,DaNang,paid
T2867,C100307,2025-03-03 19:48:00,transfer,23.52,0.05,other,True,COMPLETED,HCMC,organic
T5965,C100635,2025-03-03 19:58:00,transfer,24.07,0.05,groceries,False,COMPLETED,HCMC,campaign
T6093,C100647,2025-03-03 20:49:00,pay,31.8,0.16,education,False,COMPLETED,CanTho,campaign
T1901,C100212,2025-03-04 09:21:00,bill_pay,65.57,0.2,fashion,False,COMPLETED,HCMC,organic
T1171,C100129,2025-03-04 10:12:00,transfer,36.53,0.07,other,False,COMPLETED,HCMC,organic
T6053,C100645,2025-03-04 10:19:00,transfer,65.87,0.13,health,True,COMPLETED,HCMC,organic
T1932,C100217,2025-03-04 10:42:00,transfer,22.81,0.05,food_delivery,False,COMPLETED,HCMC,paid
T2925,C100310,2025-03-04 10:51:00,pay,24.02,0.12,electronics,True,COMPLETED,HCMC,paid
T5754,C100614,2025-03-04 11:36:00,pay,39.82,0.2,groceries,False,COMPLETED,HCMC,organic
T3688,C100389,2025-03-04 11:51:00,pay,24.61,0.12,utilities,False,COMPLETED,Hanoi,referral
T2865,C100307,2025-03-04 12:41:00,transfer,17.11,0.03,education,True,COMPLETED,HCMC,organic
T3788,C100397,2025-03-04 13:13:00,invest,91.25,0.05,education,True,COMPLETED,HCMC,paid
T5781,C100619,2025-03-04 13:27:00,transfer,54.5,0.11,food_delivery,True,COMPLETED,HCMC,referral
T2249,C100256,2025-03-04 13:38:00,transfer,19.05,0.04,health,True,COMPLETED,HCMC,organic
T5354,C100572,2025-03-04 13:56:00,transfer,15.77,0.03,food_delivery,False,FAILED,HCMC,organic
T4182,C100437,2025-03-04 14:09:00,pay,28.69,0.14,education,False,COMPLETED,DaNang,organic
T5992,C100636,2025-03-04 15:12:00,pay,22.17,0.11,electronics,False,COMPLETED,DaNang,referral
T3060,C100327,2025-03-04 15:19:00,transfer,54.6,0.11,fashion,False,COMPLETED,Hanoi,organic
T771,C100081,2025-03-04 16:18:00,transfer,9.69,0.02,transport,False,COMPLETED,HCMC,organic
T182,C100024,2025-03-04 18:21:00,savings,28.38,0.0,other,True,COMPLETED,HCMC,organic
T6164,C100654,2025-03-04 18:31:00,pay,18.92,0.09,food_delivery,False,COMPLETED,CanTho,organic
T1688,C100193,2025-03-04 18:43:00,pay,4.74,0.02,education,True,COMPLETED,HCMC,paid
T6171,C100657,2025-03-04 19:10:00,transfer,3.65,0.01,fashion,True,COMPLETED,Hanoi,paid
T4389,C100460,2025-03-04 19:27:00,transfer,88.34,0.18,other,False,COMPLETED,HCMC,organic
T4372,C100460,2025-03-04 19:43:00,bill_pay,65.41,0.2,food_delivery,False,COMPLETED,HCMC,organic
T4446,C100475,2025-03-04 20:07:00,transfer,49.97,0.1,utilities,True,COMPLETED,HCMC,paid
T5498,C100584,2025-03-04 20:28:00,pay,11.71,0.06,groceries,False,COMPLETED,CanTho,organic
T5481,C100584,2025-03-04 20:29:00,pay,63.53,0.32,electronics,True,COMPLETED,CanTho,organic
T6184,C100658,2025-03-05 11:59:00,bill_pay,37.26,0.11,fashion,False,COMPLETED,Hanoi,paid
T3666,C100388,2025-03-05 13:05:00,pay,50.08,0.25,utilities,False,COMPLETED,HCMC,referral
T4523,C100481,2025-03-05 14:26:00,transfer,88.12,0.18,groceries,False,COMPLETED,Hanoi,organic
T3859,C100404,2025-03-05 14:51:00,pay,55.91,0.28,education,False,COMPLETED,HCMC,organic
T755,C100081,2025-03-05 15:44:00,savings,81.14,0.0,fashion,False,COMPLETED,HCMC,organic
T4522,C100481,2025-03-05 15:50:00,transfer,12.27,0.02,transport,True,COMPLETED,Hanoi,organic
T2514,C100274,2025-03-05 16:44:00,bill_pay,23.24,0.07,electronics,False,COMPLETED,HCMC,organic
T1162,C100129,2025-03-05 17:13:00,topup,66.15,0.07,food_delivery,False,FAILED,HCMC,organic
T5977,C100636,2025-03-05 17:42:00,pay,42.15,0.21,food_delivery,True,COMPLETED,DaNang,referral
T5720,C100605,2025-03-05 18:33:00,savings,17.89,0.0,entertainment,True,COMPLETED,Hanoi,campaign
T3367,C100357,2025-03-05 19:50:00,bill_pay,57.0,0.17,transport,True,COMPLETED,DaNang,campaign
T2343,C100264,2025-03-05 20:04:00,transfer,27.43,0.05,entertainment,True,COMPLETED,HCMC,organic
T3019,C100320,2025-03-06 09:30:00,pay,42.06,0.21,fashion,False,COMPLETED,CanTho,organic
T3324,C100353,2025-03-06 10:11:00,transfer,63.31,0.13,other,True,COMPLETED,HaiPhong,paid
T5772,C100616,2025-03-06 10:13:00,transfer,94.91,0.19,health,False,COMPLETED,DaNang,campaign
T5032,C100538,2025-03-06 11:12:00,transfer,21.85,0.04,health,False,COMPLETED,HaiPhong,organic
T3658,C100386,2025-03-06 11:18:00,transfer,31.56,0.06,utilities,True,COMPLETED,HCMC,organic
T5970,C100635,2025-03-06 12:00:00,pay,15.68,0.08,utilities,True,COMPLETED,HCMC,campaign
T6186,C100658,2025-03-06 12:37:00,pay,56.79,0.28,fashion,True,COMPLETED,Hanoi,paid
T3071,C100328,2025-03-06 13:09:00,savings,38.11,0.0,groceries,False,COMPLETED,Hanoi,paid
T1247,C100134,2025-03-06 13:10:00,savings,18.07,0.0,health,True,COMPLETED,HCMC,organic
T5830,C100623,2025-03-06 14:24:00,pay,73.78,0.37,utilities,False,COMPLETED,HCMC,paid
T832,C100088,2025-03-06 14:25:00,transfer,51.68,0.1,groceries,False,COMPLETED,HCMC,organic
T4276,C100450,2025-03-06 15:03:00,pay,49.55,0.25,food_delivery,False,COMPLETED,HaiPhong,referral
T5329,C100571,2025-03-06 15:41:00,bill_pay,14.08,0.04,fashion,False,COMPLETED,HCMC,paid
T5240,C100558,2025-03-06 17:00:00,pay,31.73,0.16,education,True,COMPLETED,HCMC,organic
T3699,C100390,2025-03-06 18:11:00,pay,56.04,0.28,groceries,True,COMPLETED,HCMC,paid
T671,C100072,2025-03-06 18:14:00,savings,50.84,0.0,fashion,True,COMPLETED,HCMC,organic
T4099,C100425,2025-03-06 18:16:00,pay,11.63,0.06,education,False,COMPLETED,HCMC,organic
T4208,C100438,2025-03-06 18:35:00,pay,31.89,0.16,groceries,True,COMPLETED,HCMC,paid
T2851,C100305,2025-03-06 19:26:00,pay,48.47,0.24,education,False,COMPLETED,Hanoi,campaign
T1636,C100184,2025-03-06 19:45:00,pay,27.65,0.14,other,False,COMPLETED,HaiPhong,organic
T4939,C100527,2025-03-06 20:00:00,transfer,40.61,0.08,transport,False,COMPLETED,HCMC,organic
T4487,C100478,2025-03-06 20:21:00,pay,15.76,0.08,other,False,COMPLETED,HCMC,organic
T5623,C100601,2025-03-06 20:44:00,pay,36.24,0.18,fashion,True,COMPLETED,Hanoi,organic
T2009,C100229,2025-03-07 10:01:00,savings,37.08,0.0,entertainment,False,COMPLETED,HCMC,paid
T5577,C100593,2025-03-07 10:10:00,topup,80.46,0.08,other,False,COMPLETED,HCMC,organic
T6117,C100649,2025-03-07 11:38:00,transfer,10.62,0.02,food_delivery,True,COMPLETED,HCMC,organic
T6183,C100658,2025-03-07 13:07:00,invest,30.98,0.02,entertainment,False,COMPLETED,Hanoi,paid
T3605,C100377,2025-03-07 13:19:00,transfer,34.92,0.07,electronics,True,COMPLETED,HCMC,referral
T5869,C100626,2025-03-07 13:56:00,transfer,34.3,0.07,food_delivery,True,COMPLETED,HCMC,referral
T1307,C100143,2025-03-07 14:08:00,savings,19.86,0.0,utilities,False,FAILED,HCMC,organic
T5349,C100572,2025-03-07 14:17:00,transfer,46.46,0.09,groceries,False,COMPLETED,HCMC,organic
T2550,C100278,2025-03-07 14:19:00,transfer,21.58,0.04,groceries,True,FAILED,HCMC,paid
T5366,C100572,2025-03-07 15:05:00,pay,137.36,0.69,transport,False,COMPLETED,HCMC,organic
T6213,C100660,2025-03-07 15:29:00,savings,11.44,0.0,electronics,True,COMPLETED,HCMC,organic
T4416,C100467,2025-03-07 15:35:00,pay,59.32,0.3,health,False,COMPLETED,Hanoi,organic
T4625,C100495,2025-03-07 16:49:00,savings,3.8,0.0,groceries,True,COMPLETED,Hanoi,organic
T6172,C100657,2025-03-07 17:01:00,transfer,26.23,0.05,electronics,True,COMPLETED,Hanoi,paid
T3924,C100412,2025-03-07 17:17:00,pay,39.44,0.2,groceries,True,COMPLETED,HaiPhong,paid
T5053,C100542,2025-03-07 17:44:00,pay,31.73,0.16,groceries,False,COMPLETED,HCMC,organic
T4873,C100523,2025-03-07 18:33:00,savings,29.58,0.0,other,False,COMPLETED,HCMC,referral
T3922,C100412,2025-03-07 18:53:00,savings,35.06,0.0,groceries,True,COMPLETED,HaiPhong,paid
T1767,C100202,2025-03-07 20:19:00,pay,104.08,0.52,groceries,False,COMPLETED,CanTho,organic
T5428,C100578,2025-03-07 20:52:00,transfer,8.77,0.02,food_delivery,True,COMPLETED,Hanoi,organic
T4236,C100440,2025-03-08 09:37:00,transfer,47.32,0.09,transport,False,COMPLETED,CanTho,campaign
T1841,C100206,2025-03-08 10:31:00,transfer,7.52,0.02,electronics,True,COMPLETED,Hanoi,paid
T4700,C100501,2025-03-08 11:13:00,savings,11.98,0.0,electronics,True,COMPLETED,HCMC,organic
T721,C100076,2025-03-08 11:43:00,bill_pay,49.75,0.15,other,False,COMPLETED,Hanoi,paid
T591,C100056,2025-03-08 11:50:00,bill_pay,5.77,0.02,groceries,False,COMPLETED,DaNang,paid
T5043,C100541,2025-03-08 12:55:00,pay,55.06,0.28,education,False,COMPLETED,HCMC,organic
T4668,C100497,2025-03-08 13:36:00,savings,33.3,0.0,education,True,COMPLETED,HaiPhong,organic
T2895,C100308,2025-03-08 13:58:00,pay,14.73,0.07,electronics,True,COMPLETED,HCMC,paid
T5324,C100570,2025-03-08 14:20:00,pay,25.53,0.13,groceries,False,COMPLETED,Hanoi,organic
T1063,C100119,2025-03-08 15:16:00,invest,32.15,0.02,food_delivery,False,COMPLETED,CanTho,organic
T5293,C100565,2025-03-08 15:18:00,invest,45.18,0.02,other,False,COMPLETED,DaNang,organic
T3330,C100353,2025-03-08 16:23:00,bill_pay,23.21,0.07,transport,False,COMPLETED,HaiPhong,paid
T6202,C100658,2025-03-08 16:23:00,transfer,18.51,0.04,entertainment,True,COMPLETED,Hanoi,paid
T1157,C100129,2025-03-08 16:36:00,transfer,39.85,0.08,electronics,False,COMPLETED,HCMC,organic
T5408,C100576,2025-03-08 16:40:00,transfer,47.65,0.1,other,True,COMPLETED,HCMC,referral
T3044,C100325,2025-03-08 16:50:00,transfer,13.77,0.03,food_delivery,False,COMPLETED,HCMC,referral
T3127,C100331,2025-03-08 16:55:00,topup,43.14,0.04,transport,True,COMPLETED,Hanoi,campaign
T4262,C100444,2025-03-08 17:22:00,topup,40.89,0.04,electronics,False,COMPLETED,Hanoi,organic
T4496,C100478,2025-03-08 18:05:00,transfer,39.87,0.08,utilities,False,COMPLETED,HCMC,organic
T3916,C100408,2025-03-08 19:10:00,pay,60.62,0.3,food_delivery,True,COMPLETED,HaiPhong,organic
T5974,C100636,2025-03-08 19:58:00,bill_pay,41.37,0.12,other,False,COMPLETED,DaNang,referral
T5696,C100604,2025-03-08 20:39:00,pay,30.62,0.15,groceries,False,COMPLETED,DaNang,organic
T4794,C100516,2025-03-09 09:41:00,invest,23.32,0.01,food_delivery,False,COMPLETED,Hanoi,referral
T844,C100091,2025-03-09 10:01:00,pay,105.43,0.53,entertainment,True,COMPLETED,Hanoi,paid
T4033,C100420,2025-03-09 10:26:00,pay,29.3,0.15,education,True,COMPLETED,HCMC,organic
T4193,C100437,2025-03-09 10:37:00,pay,10.19,0.05,groceries,True,COMPLETED,DaNang,organic
T4600,C100488,2025-03-09 10:55:00,pay,33.13,0.17,food_delivery,True,COMPLETED,CanTho,organic
T1389,C100157,2025-03-09 13:01:00,pay,30.95,0.15,fashion,False,COMPLETED,Hanoi,referral
T3006,C100318,2025-03-09 13:39:00,pay,80.77,0.4,groceries,False,COMPLETED,CanTho,organic
T6222,C100661,2025-03-09 13:41:00,pay,23.65,0.12,fashion,False,COMPLETED,HCMC,organic
T4569,C100485,2025-03-09 14:23:00,pay,32.6,0.16,other,False,COMPLETED,HCMC,organic
T4020,C100420,2025-03-09 15:16:00,pay,29.65,0.15,groceries,False,COMPLETED,HCMC,organic
T4844,C100520,2025-03-09 15:16:00,transfer,43.83,0.09,fashion,True,COMPLETED,HCMC,organic
T1942,C100218,2025-03-09 16:45:00,pay,8.42,0.04,electronics,False,FAILED,HCMC,referral
T3077,C100329,2025-03-09 17:06:00,transfer,20.92,0.04,other,False,COMPLETED,HCMC,organic
T5187,C100552,2025-03-09 17:16:00,pay,64.0,0.32,electronics,False,COMPLETED,HCMC,organic
T5752,C100611,2025-03-09 17:57:00,pay,5.07,0.03,entertainment,True,COMPLETED,HCMC,campaign
T6112,C100647,2025-03-09 18:35:00,transfer,41.32,0.08,groceries,True,COMPLETED,CanTho,campaign
T5854,C100623,2025-03-09 20:08:00,pay,101.2,0.51,other,False,COMPLETED,HCMC,paid
T4063,C100424,2025-03-09 20:09:00,pay,43.64,0.22,education,False,COMPLETED,HaiPhong,organic
T5978,C100636,2025-03-09 20:18:00,transfer,10.07,0.02,fashion,False,COMPLETED,DaNang,referral
T5406,C100576,2025-03-09 20:25:00,transfer,39.14,0.08,transport,False,COMPLETED,HCMC,referral
T3701,C100390,2025-03-09 20:37:00,invest,45.54,0.02,utilities,False,COMPLETED,HCMC,paid
T2820,C100301,2025-03-09 20:48:00,pay,110.35,0.55,entertainment,False,FAILED,HCMC,organic
T4172,C100436,2025-03-10 09:34:00,transfer,2.89,0.01,education,True,COMPLETED,HCMC,organic
T765,C100081,2025-03-10 10:06:00,pay,13.14,0.07,entertainment,False,COMPLETED,HCMC,organic
T6302,C100671,2025-03-10 11:11:00,pay,41.46,0.21,utilities,True,COMPLETED,Hanoi,paid
T4632,C100495,2025-03-10 11:22:00,pay,41.88,0.21,other,True,COMPLETED,Hanoi,organic
T6374,C100681,2025-03-10 12:05:00,transfer,30.12,0.06,groceries,True,COMPLETED,HCMC,organic
T1657,C100186,2025-03-10 12:49:00,transfer,28.69,0.06,other,False,COMPLETED,HCMC,referral
T4840,C100518,2025-03-10 13:29:00,transfer,26.39,0.05,electronics,False,COMPLETED,DaNang,organic
T4869,C100523,2025-03-10 14:06:00,invest,86.6,0.04,entertainment,True,COMPLETED,HCMC,referral
T5251,C100559,2025-03-10 14:16:00,pay,26.19,0.13,groceries,True,COMPLETED,HCMC,referral
T1793,C100203,2025-03-10 15:01:00,transfer,29.8,0.06,electronics,True,COMPLETED,Hanoi,organic
T4580,C100486,2025-03-10 15:46:00,pay,18.79,0.09,food_delivery,True,COMPLETED,HCMC,paid
T4060,C100424,2025-03-10 16:04:00,pay,14.09,0.07,other,False,COMPLETED,HaiPhong,organic
T5458,C100581,2025-03-10 16:16:00,transfer,24.71,0.05,education,True,COMPLETED,HCMC,referral
T3947,C100414,2025-03-10 16:18:00,pay,20.16,0.1,entertainment,True,COMPLETED,HCMC,paid
T724,C100076,2025-03-10 16:40:00,pay,152.72,0.76,transport,True,COMPLETED,Hanoi,paid
T6444,C100685,2025-03-10 17:09:00,pay,12.58,0.06,groceries,True,COMPLETED,HCMC,organic
T5493,C100584,2025-03-10 18:02:00,savings,13.97,0.0,health,True,COMPLETED,CanTho,organic
T4464,C100477,2025-03-10 18:04:00,bill_pay,27.79,0.08,transport,False,COMPLETED,CanTho,paid
T5879,C100626,2025-03-10 18:35:00,pay,21.97,0.11,electronics,False,COMPLETED,HCMC,referral
T5911,C100633,2025-03-10 18:49:00,transfer,12.92,0.03,education,False,COMPLETED,HCMC,organic
T651,C100068,2025-03-10 19:14:00,transfer,22.42,0.04,health,True,COMPLETED,HCMC,organic
T2218,C100255,2025-03-11 09:43:00,bill_pay,18.94,0.06,transport,False,COMPLETED,Hanoi,organic
T5601,C100595,2025-03-11 12:08:00,invest,39.21,0.02,transport,False,COMPLETED,HCMC,referral
T4245,C100444,2025-03-11 12:27:00,savings,31.65,0.0,fashion,False,COMPLETED,Hanoi,organic
T6200,C100658,2025-03-11 12:36:00,transfer,46.28,0.09,food_delivery,False,COMPLETED,Hanoi,paid
T4499,C100478,2025-03-11 12:44:00,transfer,67.64,0.14,food_delivery,False,COMPLETED,HCMC,organic
T6126,C100649,2025-03-11 16:58:00,bill_pay,30.28,0.09,utilities,False,COMPLETED,HCMC,organic
T5379,C100575,2025-03-11 16:58:00,savings,61.29,0.0,utilities,True,COMPLETED,HCMC,referral
T3997,C100419,2025-03-11 17:38:00,pay,21.33,0.11,electronics,False,COMPLETED,Hanoi,referral
T474,C100045,2025-03-11 19:12:00,bill_pay,46.53,0.14,electronics,False,COMPLETED,CanTho,paid
T2422,C100268,2025-03-11 19:23:00,pay,26.59,0.13,education,False,COMPLETED,Hanoi,referral
T6242,C100665,2025-03-11 20:11:00,transfer,28.28,0.06,electronics,False,COMPLETED,Hanoi,paid
T187,C100024,2025-03-12 09:16:00,transfer,31.86,0.06,electronics,False,COMPLETED,HCMC,organic
T2468,C100271,2025-03-12 09:23:00,invest,48.17,0.02,health,False,COMPLETED,HCMC,paid
T523,C100049,2025-03-12 09:23:00,savings,68.58,0.0,education,True,COMPLETED,HCMC,referral
T5422,C100578,2025-03-12 10:33:00,transfer,37.88,0.08,fashion,False,COMPLETED,Hanoi,organic
T6055,C100645,2025-03-12 10:45:00,savings,9.23,0.0,health,False,COMPLETED,HCMC,organic
T5268,C100563,2025-03-12 11:01:00,pay,205.42,1.03,other,False,COMPLETED,HCMC,referral
T5774,C100616,2025-03-12 11:10:00,savings,7.7,0.0,transport,False,COMPLETED,DaNang,campaign
T2772,C100298,2025-03-12 11:20:00,bill_pay,29.79,0.09,transport,True,COMPLETED,DaNang,organic
T4753,C100511,2025-03-12 11:28:00,pay,43.56,0.22,utilities,True,COMPLETED,HCMC,organic
T194,C100025,2025-03-12 11:37:00,transfer,40.43,0.08,education,False,COMPLETED,CanTho,paid
T1554,C100175,2025-03-12 12:43:00,transfer,88.23,0.18,transport,True,COMPLETED,HaiPhong,campaign
T5025,C100538,2025-03-12 12:48:00,transfer,9.77,0.02,transport,False,COMPLETED,HaiPhong,organic
T874,C100093,2025-03-12 12:58:00,pay,5.43,0.03,food_delivery,False,COMPLETED,Hanoi,organic
T4549,C100484,2025-03-12 13:37:00,pay,13.46,0.07,electronics,True,COMPLETED,HCMC,referral
T6488,C100688,2025-03-12 14:58:00,topup,44.24,0.04,utilities,False,COMPLETED,CanTho,organic
T2562,C100278,2025-03-12 17:00:00,pay,19.98,0.1,other,False,COMPLETED,HCMC,paid
T4725,C100505,2025-03-12 17:12:00,transfer,7.14,0.01,entertainment,False,COMPLETED,HCMC,organic
T149,C100022,2025-03-12 17:28:00,transfer,7.91,0.02,electronics,False,COMPLETED,HCMC,organic
T57,C100010,2025-03-12 17:30:00,savings,29.36,0.0,groceries,True,COMPLETED,HCMC,paid
T4230,C100440,2025-03-12 18:06:00,pay,10.75,0.05,utilities,False,COMPLETED,CanTho,campaign
T4082,C100425,2025-03-12 18:20:00,savings,58.78,0.0,fashion,True,FAILED,HCMC,organic
T5423,C100578,2025-03-12 18:29:00,savings,33.34,0.0,other,False,COMPLETED,Hanoi,organic
T2210,C100252,2025-03-12 18:29:00,pay,5.08,0.03,groceries,True,COMPLETED,DaNang,paid
T2166,C100246,2025-03-12 19:13:00,pay,33.56,0.17,health,True,COMPLETED,HCMC,referral
T233,C100029,2025-03-12 19:39:00,pay,30.62,0.15,other,False,COMPLETED,HaiPhong,organic
T3584,C100376,2025-03-12 19:56:00,savings,19.79,0.0,other,True,COMPLETED,HCMC,paid
T3280,C100346,2025-03-12 20:24:00,transfer,37.57,0.08,food_delivery,False,COMPLETED,HCMC,organic
T6500,C100690,2025-03-12 20:34:00,pay,42.11,0.21,electronics,False,COMPLETED,HCMC,paid
T6357,C100679,2025-03-13 09:00:00,transfer,73.65,0.15,food_delivery,False,COMPLETED,HCMC,referral
T4991,C100534,2025-03-13 09:03:00,transfer,16.0,0.03,health,False,COMPLETED,HaiPhong,organic
T3927,C100412,2025-03-13 09:07:00,invest,21.65,0.01,health,True,COMPLETED,HaiPhong,paid
T3941,C100414,2025-03-13 09:07:00,pay,78.7,0.39,groceries,False,COMPLETED,HCMC,paid
T847,C100091,2025-03-13 11:11:00,pay,24.79,0.12,transport,False,COMPLETED,Hanoi,paid
T2116,C100239,2025-03-13 12:25:00,pay,29.27,0.15,education,True,COMPLETED,HaiPhong,organic
T5017,C100538,2025-03-13 13:19:00,topup,20.47,0.02,transport,True,COMPLETED,HaiPhong,organic
T3797,C100400,2025-03-13 13:36:00,pay,9.75,0.05,health,False,COMPLETED,Hanoi,organic
T2911,C100309,2025-03-13 14:20:00,transfer,19.6,0.04,health,True,COMPLETED,HCMC,paid
T5782,C100619,2025-03-13 14:41:00,transfer,58.32,0.12,transport,False,COMPLETED,HCMC,referral
T5547,C100592,2025-03-13 15:26:00,pay,80.66,0.4,entertainment,True,COMPLETED,HCMC,organic
T2559,C100278,2025-03-13 15:46:00,bill_pay,30.2,0.09,transport,False,FAILED,HCMC,paid
T6451,C100686,2025-03-13 17:23:00,transfer,18.06,0.04,health,True,COMPLETED,CanTho,organic
T5668,C100603,2025-03-13 17:40:00,pay,11.9,0.06,transport,False,COMPLETED,HCMC,organic
T2123,C100239,2025-03-13 17:48:00,bill_pay,78.4,0.24,groceries,False,COMPLETED,HaiPhong,organic
T5447,C100581,2025-03-13 17:49:00,pay,16.14,0.08,transport,True,COMPLETED,HCMC,referral
T1982,C100223,2025-03-13 18:12:00,pay,112.45,0.56,entertainment,False,COMPLETED,HCMC,referral
T1486,C100169,2025-03-13 18:41:00,savings,24.28,0.0,entertainment,False,COMPLETED,Hanoi,referral
T5494,C100584,2025-03-13 19:19:00,pay,16.33,0.08,health,False,COMPLETED,CanTho,organic
T2761,C100297,2025-03-13 19:43:00,pay,19.43,0.1,education,False,COMPLETED,HCMC,referral
T1,C100002,2025-03-13 19:44:00,savings,28.14,0.0,health,False,COMPLETED,HCMC,organic
T41,C100009,2025-03-13 19:45:00,transfer,16.99,0.03,fashion,False,COMPLETED,Hanoi,organic
T5903,C100631,2025-03-14 09:00:00,transfer,38.23,0.08,education,False,COMPLETED,Hanoi,campaign
T1779,C100203,2025-03-14 10:24:00,transfer,31.88,0.06,transport,False,COMPLETED,Hanoi,organic
T2384,C100266,2025-03-14 10:32:00,pay,8.81,0.04,electronics,True,COMPLETED,Hanoi,organic
T4135,C100432,2025-03-14 10:56:00,transfer,13.87,0.03,entertainment,False,FAILED,Hanoi,referral
T5016,C100538,2025-03-14 11:02:00,savings,21.72,0.0,other,False,COMPLETED,HaiPhong,organic
T3114,C100331,2025-03-14 12:00:00,bill_pay,90.44,0.27,education,False,COMPLETED,Hanoi,campaign
T1550,C100175,2025-03-14 12:24:00,pay,19.54,0.1,other,True,COMPLETED,HaiPhong,campaign
T1000,C100115,2025-03-14 12:58:00,transfer,40.74,0.08,transport,False,COMPLETED,HCMC,referral
T4169,C100436,2025-03-14 13:08:00,pay,16.04,0.08,other,True,COMPLETED,HCMC,organic
T6370,C100681,2025-03-14 13:32:00,savings,36.18,0.0,groceries,False,COMPLETED,HCMC,organic
T4528,C100481,2025-03-14 13:52:00,transfer,18.94,0.04,entertainment,True,COMPLETED,Hanoi,organic
T5814,C100622,2025-03-14 13:53:00,pay,83.64,0.42,entertainment,False,COMPLETED,HCMC,paid
T6332,C100678,2025-03-14 15:14:00,pay,61.54,0.31,fashion,False,COMPLETED,HCMC,referral
T3246,C100342,2025-03-14 15:19:00,transfer,32.78,0.07,education,False,COMPLETED,HCMC,organic
T3807,C100400,2025-03-14 15:30:00,savings,124.37,0.0,electronics,True,COMPLETED,Hanoi,organic
T5244,C100559,2025-03-14 15:54:00,transfer,20.27,0.04,electronics,True,COMPLETED,HCMC,referral
T6373,C100681,2025-03-14 16:25:00,transfer,20.03,0.04,groceries,True,COMPLETED,HCMC,organic
T5100,C100546,2025-03-14 16:31:00,pay,18.32,0.09,food_delivery,False,COMPLETED,HCMC,paid
T4000,C100419,2025-03-14 16:55:00,transfer,17.61,0.04,health,False,COMPLETED,Hanoi,referral
T507,C100048,2025-03-14 17:21:00,transfer,24.44,0.05,entertainment,True,COMPLETED,HCMC,organic
T5569,C100592,2025-03-14 17:40:00,pay,31.6,0.16,fashion,False,COMPLETED,HCMC,organic
T3948,C100414,2025-03-14 17:53:00,pay,14.86,0.07,electronics,False,COMPLETED,HCMC,paid
T2403,C100267,2025-03-14 20:14:00,transfer,37.01,0.07,education,True,COMPLETED,HCMC,organic
T4265,C100446,2025-03-15 09:07:00,bill_pay,5.98,0.02,other,True,COMPLETED,HCMC,organic
T3413,C100360,2025-03-15 10:06:00,savings,59.66,0.0,education,False,COMPLETED,HaiPhong,campaign
T342,C100037,2025-03-15 11:58:00,transfer,17.76,0.04,other,False,COMPLETED,DaNang,paid
T204,C100028,2025-03-15 12:06:00,transfer,85.66,0.17,education,False,COMPLETED,DaNang,organic
T1017,C100117,2025-03-15 12:27:00,bill_pay,12.22,0.04,fashion,False,COMPLETED,HCMC,organic
T5648,C100602,2025-03-15 12:56:00,pay,15.99,0.08,transport,True,COMPLETED,HCMC,paid
T4271,C100446,2025-03-15 12:57:00,topup,37.56,0.04,education,False,COMPLETED,HCMC,organic
T1874,C100209,2025-03-15 14:18:00,pay,68.6,0.34,transport,False,COMPLETED,CanTho,organic
T4527,C100481,2025-03-15 15:03:00,pay,27.23,0.14,transport,False,FAILED,Hanoi,organic
T6131,C100650,2025-03-15 15:12:00,savings,35.96,0.0,entertainment,False,COMPLETED,CanTho,referral
T5506,C100588,2025-03-15 15:36:00,transfer,18.04,0.04,groceries,False,COMPLETED,HCMC,organic
T737,C100080,2025-03-15 15:44:00,savings,55.6,0.0,transport,True,COMPLETED,HCMC,referral
T5060,C100542,2025-03-15 16:36:00,savings,72.95,0.0,education,False,COMPLETED,HCMC,organic
T305,C100036,2025-03-15 17:53:00,transfer,19.71,0.04,fashion,False,COMPLETED,Hanoi,campaign
T1012,C100117,2025-03-15 20:15:00,transfer,35.57,0.07,groceries,True,FAILED,HCMC,organic
T5106,C100546,2025-03-15 20:24:00,pay,91.91,0.46,transport,False,COMPLETED,HCMC,paid
T5607,C100595,2025-03-15 20:59:00,savings,22.06,0.0,other,False,COMPLETED,HCMC,referral
T6470,C100687,2025-03-16 09:02:00,savings,51.7,0.0,electronics,True,COMPLETED,Hanoi,campaign
T1694,C100194,2025-03-16 09:05:00,invest,24.64,0.01,food_delivery,False,COMPLETED,HCMC,referral
T595,C100058,2025-03-16 09:41:00,topup,22.26,0.02,fashion,False,COMPLETED,Hanoi,referral
T2821,C100301,2025-03-16 09:50:00,transfer,156.19,0.31,food_delivery,False,COMPLETED,HCMC,organic
T2006,C100229,2025-03-16 10:06:00,pay,113.97,0.57,fashion,False,COMPLETED,HCMC,paid
T5619,C100597,2025-03-16 10:06:00,savings,16.78,0.0,health,False,COMPLETED,HCMC,paid
T6114,C100649,2025-03-16 10:37:00,savings,16.03,0.0,fashion,False,COMPLETED,HCMC,organic
T4214,C100438,2025-03-16 10:43:00,pay,25.7,0.13,transport,False,COMPLETED,HCMC,paid
T5940,C100634,2025-03-16 10:46:00,pay,63.63,0.32,education,True,COMPLETED,HCMC,paid
T5389,C100575,2025-03-16 11:24:00,pay,31.97,0.16,electronics,True,COMPLETED,HCMC,referral
T1093,C100121,2025-03-16 11:46:00,transfer,49.23,0.1,health,False,COMPLETED,HCMC,organic
T3712,C100390,2025-03-16 11:58:00,topup,117.35,0.12,groceries,False,COMPLETED,HCMC,paid
T1963,C100222,2025-03-16 12:07:00,pay,22.26,0.11,transport,True,COMPLETED,DaNang,organic
T4397,C100465,2025-03-16 12:19:00,savings,16.42,0.0,entertainment,True,COMPLETED,Hanoi,paid
T3115,C100331,2025-03-16 12:36:00,pay,67.21,0.34,groceries,False,COMPLETED,Hanoi,campaign
T5751,C100611,2025-03-16 13:04:00,transfer,28.82,0.06,health,True,COMPLETED,HCMC,campaign
T3034,C100322,2025-03-16 13:19:00,savings,3.53,0.0,health,True,COMPLETED,HCMC,paid
T3253,C100343,2025-03-16 13:59:00,savings,42.85,0.0,education,False,COMPLETED,Hanoi,campaign
T5386,C100575,2025-03-16 14:02:00,bill_pay,39.74,0.12,entertainment,False,COMPLETED,HCMC,referral
T2152,C100245,2025-03-16 14:53:00,savings,39.8,0.0,utilities,True,COMPLETED,HCMC,organic
T5882,C100627,2025-03-16 16:14:00,pay,77.85,0.39,education,False,COMPLETED,HCMC,organic
T6306,C100672,2025-03-16 16:56:00,savings,34.41,0.0,fashion,False,COMPLETED,CanTho,paid
T4699,C100501,2025-03-16 16:57:00,transfer,33.33,0.07,other,False,COMPLETED,HCMC,organic
T5973,C100636,2025-03-16 17:00:00,pay,24.1,0.12,entertainment,False,COMPLETED,DaNang,referral
T1525,C100173,2025-03-16 17:14:00,topup,40.48,0.04,education,True,COMPLETED,HCMC,organic
T3856,C100404,2025-03-16 17:21:00,transfer,25.71,0.05,groceries,True,COMPLETED,HCMC,organic
T6359,C100679,2025-03-16 17:40:00,pay,15.32,0.08,other,True,COMPLETED,HCMC,referral
T2711,C100294,2025-03-16 18:53:00,pay,51.81,0.26,utilities,True,COMPLETED,Hanoi,paid
T6293,C100671,2025-03-16 19:51:00,transfer,23.0,0.05,education,False,COMPLETED,Hanoi,paid
T3580,C100376,2025-03-16 19:53:00,pay,18.94,0.09,electronics,True,COMPLETED,HCMC,paid
T4619,C100492,2025-03-16 20:01:00,savings,14.93,0.0,electronics,False,COMPLETED,Hanoi,organic
T952,C100107,2025-03-16 20:22:00,savings,7.1,0.0,other,False,COMPLETED,HCMC,referral
T5091,C100546,2025-03-16 20:35:00,savings,59.19,0.0,other,False,COMPLETED,HCMC,paid
T5542,C100590,2025-03-16 20:57:00,savings,44.26,0.0,groceries,True,COMPLETED,HCMC,paid
T5145,C100550,2025-03-17 10:54:00,transfer,46.73,0.09,food_delivery,True,COMPLETED,HCMC,paid
T3901,C100408,2025-03-17 12:07:00,bill_pay,41.72,0.13,education,False,COMPLETED,HaiPhong,organic
T6390,C100683,2025-03-17 12:09:00,pay,39.7,0.2,other,False,COMPLETED,HCMC,organic
T5065,C100542,2025-03-17 12:40:00,savings,7.15,0.0,electronics,True,COMPLETED,HCMC,organic
T5832,C100623,2025-03-17 12:45:00,transfer,7.49,0.01,fashion,True,COMPLETED,HCMC,paid
T4534,C100484,2025-03-17 13:07:00,transfer,18.08,0.04,electronics,False,COMPLETED,HCMC,referral
T3359,C100356,2025-03-17 14:38:00,transfer,39.5,0.08,health,False,COMPLETED,HCMC,organic
T5394,C100575,2025-03-17 14:59:00,pay,12.1,0.06,electronics,True,COMPLETED,HCMC,referral
T5029,C100538,2025-03-17 15:56:00,savings,30.2,0.0,electronics,False,COMPLETED,HaiPhong,organic
T4579,C100486,2025-03-17 16:28:00,pay,4.27,0.02,food_delivery,False,COMPLETED,HCMC,paid
T1246,C100134,2025-03-17 16:38:00,savings,147.95,0.0,groceries,True,COMPLETED,HCMC,organic
T4968,C100533,2025-03-17 16:52:00,savings,27.59,0.0,health,True,COMPLETED,Hanoi,paid
T6056,C100645,2025-03-17 17:09:00,invest,8.59,0.0,electronics,False,COMPLETED,HCMC,organic
T3931,C100413,2025-03-17 17:09:00,pay,13.24,0.07,education,False,COMPLETED,HCMC,paid
T577,C100056,2025-03-17 17:12:00,invest,7.21,0.0,food_delivery,False,COMPLETED,DaNang,paid
T945,C100107,2025-03-17 19:37:00,pay,39.64,0.2,food_delivery,False,COMPLETED,HCMC,referral
T1434,C100166,2025-03-17 19:44:00,pay,24.38,0.12,fashion,True,COMPLETED,HCMC,referral
T5700,C100604,2025-03-17 19:50:00,invest,17.38,0.01,education,False,FAILED,DaNang,organic
T4563,C100485,2025-03-17 20:16:00,bill_pay,29.72,0.09,education,True,COMPLETED,HCMC,organic
T5823,C100622,2025-03-17 20:49:00,transfer,25.65,0.05,entertainment,False,COMPLETED,HCMC,paid
T6226,C100661,2025-03-17 20:59:00,invest,31.48,0.02,education,False,COMPLETED,HCMC,organic
T5539,C100590,2025-03-18 09:39:00,pay,105.9,0.53,fashion,False,COMPLETED,HCMC,paid
T3405,C100359,2025-03-18 10:37:00,transfer,5.35,0.01,transport,False,COMPLETED,Hanoi,organic
T560,C100054,2025-03-18 11:24:00,pay,53.74,0.27,entertainment,True,COMPLETED,DaNang,paid
T1026,C100117,2025-03-18 11:55:00,savings,50.01,0.0,transport,False,COMPLETED,HCMC,organic
T4998,C100534,2025-03-18 12:59:00,transfer,117.31,0.23,health,True,COMPLETED,HaiPhong,organic
T1336,C100154,2025-03-18 13:30:00,transfer,77.93,0.16,transport,False,COMPLETED,Hanoi,organic
T5983,C100636,2025-03-18 14:50:00,transfer,116.76,0.23,entertainment,False,COMPLETED,DaNang,referral
T290,C100034,2025-03-18 15:02:00,pay,27.23,0.14,other,False,COMPLETED,CanTho,referral
T4832,C100518,2025-03-18 15:40:00,transfer,18.22,0.04,fashion,False,COMPLETED,DaNang,organic
T2302,C100258,2025-03-18 16:49:00,pay,89.44,0.45,fashion,False,COMPLETED,HCMC,paid
T2309,C100260,2025-03-18 16:54:00,invest,14.25,0.01,entertainment,False,COMPLETED,DaNang,organic
T2732,C100295,2025-03-18 18:14:00,savings,13.84,0.0,other,True,COMPLETED,HCMC,paid
T5691,C100603,2025-03-18 20:29:00,transfer,21.12,0.04,electronics,False,COMPLETED,HCMC,organic
T6502,C100691,2025-03-18 20:42:00,transfer,25.84,0.05,food_delivery,False,COMPLETED,Hanoi,paid
T1807,C100204,2025-03-19 09:23:00,pay,9.84,0.05,fashion,True,COMPLETED,Hanoi,campaign
T214,C100029,2025-03-19 09:45:00,savings,63.27,0.0,entertainment,True,COMPLETED,HaiPhong,organic
T6019,C100641,2025-03-19 10:23:00,bill_pay,12.59,0.04,utilities,False,COMPLETED,CanTho,organic
T5471,C100583,2025-03-19 10:30:00,pay,13.98,0.07,food_delivery,True,COMPLETED,HCMC,organic
T4501,C100478,2025-03-19 11:05:00,savings,49.1,0.0,other,True,COMPLETED,HCMC,organic
T1744,C100200,2025-03-19 11:54:00,bill_pay,7.65,0.02,education,False,COMPLETED,CanTho,organic
T5565,C100592,2025-03-19 14:10:00,transfer,24.41,0.05,other,True,COMPLETED,HCMC,organic
T5236,C100558,2025-03-19 15:10:00,pay,101.43,0.51,other,False,COMPLETED,HCMC,organic
T2219,C100255,2025-03-19 15:26:00,savings,66.29,0.0,fashion,True,COMPLETED,Hanoi,organic
T4631,C100495,2025-03-19 15:28:00,transfer,10.56,0.02,transport,False,COMPLETED,Hanoi,organic
T6365,C100681,2025-03-19 17:03:00,pay,20.56,0.1,food_delivery,True,COMPLETED,HCMC,organic
T2608,C100286,2025-03-19 17:09:00,pay,30.89,0.15,utilities,False,COMPLETED,DaNang,organic
T5726,C100605,2025-03-19 17:15:00,savings,107.51,0.0,other,True,COMPLETED,Hanoi,campaign
T1991,C100223,2025-03-19 17:42:00,transfer,42.7,0.09,food_delivery,False,COMPLETED,HCMC,referral
T6017,C100637,2025-03-19 18:06:00,transfer,23.82,0.05,entertainment,True,COMPLETED,Hanoi,organic
T702,C100075,2025-03-19 18:59:00,transfer,35.29,0.07,education,True,COMPLETED,Hanoi,organic
T3893,C100408,2025-03-19 19:04:00,savings,26.91,0.0,utilities,False,COMPLETED,HaiPhong,organic
T5111,C100546,2025-03-19 19:32:00,transfer,20.87,0.04,groceries,False,COMPLETED,HCMC,paid
T2656,C100291,2025-03-19 19:48:00,pay,19.07,0.1,transport,False,COMPLETED,HCMC,organic
T2535,C100275,2025-03-19 20:12:00,savings,49.51,0.0,electronics,True,COMPLETED,Hanoi,paid
T3508,C100367,2025-03-20 09:28:00,pay,44.51,0.22,utilities,False,COMPLETED,HCMC,paid
T5848,C100623,2025-03-20 10:02:00,pay,28.09,0.14,electronics,False,COMPLETED,HCMC,paid
T4624,C100495,2025-03-20 10:34:00,transfer,14.31,0.03,transport,True,COMPLETED,Hanoi,organic
T499,C100048,2025-03-20 12:39:00,pay,21.02,0.11,other,True,COMPLETED,HCMC,organic
T4518,C100481,2025-03-20 12:51:00,transfer,99.54,0.2,transport,True,COMPLETED,Hanoi,organic
T5089,C100546,2025-03-20 13:00:00,pay,39.84,0.2,food_delivery,True,COMPLETED,HCMC,paid
T1043,C100118,2025-03-20 13:27:00,transfer,25.1,0.05,utilities,False,COMPLETED,Hanoi,organic
T5321,C100570,2025-03-20 14:52:00,transfer,22.98,0.05,food_delivery,True,COMPLETED,Hanoi,organic
T6110,C100647,2025-03-20 15:25:00,pay,39.9,0.2,groceries,False,COMPLETED,CanTho,campaign
T3462,C100366,2025-03-20 15:32:00,pay,127.41,0.64,other,True,COMPLETED,Hanoi,organic
T5155,C100550,2025-03-20 15:54:00,bill_pay,90.58,0.27,fashion,False,COMPLETED,HCMC,paid
T5048,C100542,2025-03-20 16:56:00,savings,16.23,0.0,entertainment,False,COMPLETED,HCMC,organic
T500,C100048,2025-03-20 16:59:00,pay,40.47,0.2,food_delivery,False,COMPLETED,HCMC,organic
T3529,C100370,2025-03-20 17:03:00,bill_pay,25.48,0.08,food_delivery,True,COMPLETED,Hanoi,organic
T5694,C100604,2025-03-20 18:02:00,pay,20.29,0.1,entertainment,False,COMPLETED,DaNang,organic
T4666,C100497,2025-03-20 18:11:00,transfer,108.42,0.22,entertainment,True,COMPLETED,HaiPhong,organic
T6208,C100660,2025-03-20 18:36:00,savings,220.92,0.0,electronics,False,COMPLETED,HCMC,organic
T6415,C100683,2025-03-20 19:20:00,transfer,32.47,0.06,entertainment,True,COMPLETED,HCMC,organic
T5141,C100548,2025-03-21 09:12:00,invest,24.52,0.01,other,True,COMPLETED,Hanoi,referral
T2580,C100279,2025-03-21 09:19:00,pay,27.73,0.14,food_delivery,True,COMPLETED,Hanoi,paid
T1784,C100203,2025-03-21 10:00:00,pay,90.38,0.45,transport,True,COMPLETED,Hanoi,organic
T6098,C100647,2025-03-21 10:08:00,pay,98.78,0.49,fashion,False,COMPLETED,CanTho,campaign
T3900,C100408,2025-03-21 10:31:00,transfer,54.15,0.11,food_delivery,True,COMPLETED,HaiPhong,organic
T4035,C100420,2025-03-21 10:54:00,transfer,23.15,0.05,utilities,True,COMPLETED,HCMC,organic
T4441,C100475,2025-03-21 11:17:00,savings,103.7,0.0,health,False,COMPLETED,HCMC,paid
T3725,C100391,2025-03-21 11:24:00,transfer,16.67,0.03,electronics,True,COMPLETED,HCMC,organic
T5020,C100538,2025-03-21 11:51:00,pay,4.13,0.02,utilities,False,COMPLETED,HaiPhong,organic
T670,C100072,2025-03-21 13:07:00,transfer,42.01,0.08,entertainment,True,COMPLETED,HCMC,organic
T6191,C100658,2025-03-21 13:22:00,bill_pay,34.12,0.1,fashion,False,COMPLETED,Hanoi,paid
T1876,C100209,2025-03-21 14:49:00,pay,96.93,0.48,fashion,False,COMPLETED,CanTho,organic
T3293,C100349,2025-03-21 14:54:00,savings,12.6,0.0,groceries,True,COMPLETED,HCMC,organic
T5395,C100575,2025-03-21 15:04:00,transfer,25.64,0.05,utilities,True,COMPLETED,HCMC,referral
T6468,C100687,2025-03-21 15:09:00,transfer,62.95,0.13,fashion,True,COMPLETED,Hanoi,campaign
T1651,C100186,2025-03-21 15:12:00,topup,3.16,0.0,entertainment,True,COMPLETED,HCMC,referral
T3960,C100414,2025-03-21 15:57:00,pay,15.25,0.08,electronics,False,COMPLETED,HCMC,paid
T5990,C100636,2025-03-21 16:05:00,transfer,14.51,0.03,education,False,COMPLETED,DaNang,referral
T174,C100024,2025-03-21 16:30:00,pay,21.36,0.11,fashion,False,COMPLETED,HCMC,organic
T2706,C100294,2025-03-21 17:39:00,bill_pay,14.22,0.04,entertainment,True,COMPLETED,Hanoi,paid
T1123,C100123,2025-03-21 17:40:00,transfer,65.63,0.13,health,False,COMPLETED,Hanoi,organic
T5209,C100556,2025-03-21 17:51:00,savings,22.79,0.0,food_delivery,False,COMPLETED,Hanoi,paid
T6152,C100651,2025-03-21 18:40:00,pay,46.32,0.23,groceries,True,COMPLETED,HCMC,referral
T4923,C100527,2025-03-21 20:11:00,savings,13.82,0.0,transport,False,COMPLETED,HCMC,organic
T772,C100081,2025-03-22 09:10:00,savings,21.46,0.0,fashion,True,COMPLETED,HCMC,organic
T6364,C100681,2025-03-22 09:10:00,transfer,28.85,0.06,other,True,COMPLETED,HCMC,organic
T5170,C100551,2025-03-22 09:15:00,pay,49.29,0.25,entertainment,True,COMPLETED,Hanoi,paid
T5112,C100546,2025-03-22 09:35:00,savings,22.54,0.0,health,False,FAILED,HCMC,paid
T4423,C100467,2025-03-22 09:55:00,transfer,21.75,0.04,health,True,COMPLETED,Hanoi,organic
T5026,C100538,2025-03-22 10:05:00,transfer,14.36,0.03,groceries,False,COMPLETED,HaiPhong,organic
T1858,C100208,2025-03-22 10:11:00,transfer,16.28,0.03,groceries,True,COMPLETED,Hanoi,organic
T2858,C100307,2025-03-22 10:40:00,pay,24.62,0.12,health,False,COMPLETED,HCMC,organic
T5581,C100594,2025-03-22 11:10:00,transfer,8.75,0.02,other,False,COMPLETED,Hanoi,referral
T569,C100054,2025-03-22 11:51:00,transfer,16.99,0.03,education,True,COMPLETED,DaNang,paid
T169,C100024,2025-03-22 14:15:00,savings,39.76,0.0,education,True,COMPLETED,HCMC,organic
T6249,C100666,2025-03-22 14:29:00,pay,42.63,0.21,other,True,COMPLETED,Hanoi,paid
T1945,C100218,2025-03-22 15:00:00,savings,44.15,0.0,utilities,False,COMPLETED,HCMC,referral
T5101,C100546,2025-03-22 15:05:00,savings,35.1,0.0,food_delivery,False,COMPLETED,HCMC,paid
T5670,C100603,2025-03-22 15:55:00,transfer,103.29,0.21,health,False,COMPLETED,HCMC,organic
T4450,C100475,2025-03-22 19:38:00,invest,51.2,0.03,food_delivery,True,COMPLETED,HCMC,paid
T6123,C100649,2025-03-22 19:47:00,transfer,125.94,0.25,health,False,COMPLETED,HCMC,organic
T2644,C100288,2025-03-22 19:57:00,transfer,35.35,0.07,groceries,True,COMPLETED,HCMC,referral
T1892,C100209,2025-03-22 19:57:00,transfer,7.41,0.01,food_delivery,True,COMPLETED,CanTho,organic
T6120,C100649,2025-03-22 20:03:00,invest,49.5,0.02,health,True,COMPLETED,HCMC,organic
T1068,C100120,2025-03-22 20:23:00,savings,37.56,0.0,entertainment,True,COMPLETED,HCMC,paid
T4247,C100444,2025-03-22 20:35:00,pay,77.98,0.39,other,True,COMPLETED,Hanoi,organic
T2028,C100231,2025-03-23 10:23:00,pay,50.17,0.25,utilities,True,COMPLETED,HCMC,paid
T6654,C100718,2025-03-23 10:55:00,transfer,81.05,0.16,other,False,COMPLETED,HCMC,organic
T103,C100017,2025-03-23 10:58:00,pay,64.86,0.32,health,True,COMPLETED,HCMC,organic
T1462,C100167,2025-03-23 12:06:00,pay,16.34,0.08,electronics,False,COMPLETED,DaNang,paid
T4536,C100484,2025-03-23 13:07:00,pay,12.85,0.06,fashion,False,COMPLETED,HCMC,referral
T1573,C100176,2025-03-23 13:24:00,savings,82.69,0.0,food_delivery,False,COMPLETED,Hanoi,referral
T2360,C100265,2025-03-23 13:46:00,transfer,13.29,0.03,education,False,COMPLETED,Hanoi,organic
T1416,C100162,2025-03-23 15:10:00,pay,30.94,0.15,utilities,False,COMPLETED,HCMC,campaign
T2251,C100256,2025-03-23 15:51:00,pay,77.54,0.39,entertainment,False,COMPLETED,HCMC,organic
T1461,C100167,2025-03-23 17:04:00,transfer,25.22,0.05,other,False,COMPLETED,DaNang,paid
T3796,C100400,2025-03-23 17:53:00,pay,64.89,0.32,other,True,COMPLETED,Hanoi,organic
T5064,C100542,2025-03-23 18:03:00,transfer,17.43,0.03,other,False,COMPLETED,HCMC,organic
T5279,C100563,2025-03-23 19:59:00,pay,19.22,0.1,food_delivery,False,COMPLETED,HCMC,referral
T6196,C100658,2025-03-23 20:44:00,transfer,18.54,0.04,utilities,False,COMPLETED,Hanoi,paid
T4967,C100533,2025-03-24 09:22:00,pay,33.85,0.17,groceries,False,COMPLETED,Hanoi,paid
T4333,C100453,2025-03-24 09:52:00,pay,58.92,0.29,health,False,COMPLETED,Hanoi,paid
T3588,C100376,2025-03-24 10:53:00,bill_pay,21.63,0.06,transport,False,COMPLETED,HCMC,paid
T6290,C100670,2025-03-24 12:27:00,pay,30.64,0.15,groceries,False,COMPLETED,HCMC,paid
T3091,C100330,2025-03-24 12:42:00,pay,20.65,0.1,utilities,True,COMPLETED,CanTho,paid
T6410,C100683,2025-03-24 12:53:00,savings,18.99,0.0,entertainment,False,COMPLETED,HCMC,organic
T2015,C100229,2025-03-24 13:35:00,pay,21.77,0.11,fashion,False,COMPLETED,HCMC,paid
T5575,C100593,2025-03-24 13:38:00,pay,16.64,0.08,health,True,COMPLETED,HCMC,organic
T3695,C100390,2025-03-24 14:53:00,transfer,19.82,0.04,fashion,False,COMPLETED,HCMC,paid
T3952,C100414,2025-03-24 15:39:00,invest,23.81,0.01,fashion,False,COMPLETED,HCMC,paid
T4244,C100444,2025-03-24 16:39:00,invest,61.11,0.03,other,True,COMPLETED,Hanoi,organic
T4618,C100492,2025-03-24 16:47:00,bill_pay,14.19,0.04,groceries,True,COMPLETED,Hanoi,organic
T922,C100098,2025-03-24 17:14:00,topup,8.31,0.01,fashion,False,COMPLETED,Hanoi,organic
T3271,C100343,2025-03-24 17:44:00,savings,12.34,0.0,groceries,True,COMPLETED,Hanoi,campaign
T6493,C100690,2025-03-24 18:12:00,savings,31.62,0.0,education,True,COMPLETED,HCMC,paid
T2937,C100310,2025-03-24 18:54:00,pay,21.64,0.11,transport,False,COMPLETED,HCMC,paid
T2050,C100233,2025-03-24 19:10:00,pay,71.92,0.36,electronics,True,COMPLETED,HaiPhong,organic
T170,C100024,2025-03-24 20:26:00,pay,27.62,0.14,fashion,True,COMPLETED,HCMC,organic
T992,C100115,2025-03-25 10:52:00,transfer,12.51,0.03,groceries,False,COMPLETED,HCMC,referral
T2670,C100291,2025-03-25 10:54:00,pay,26.95,0.13,transport,False,COMPLETED,HCMC,organic
T5461,C100581,2025-03-25 11:31:00,savings,10.87,0.0,food_delivery,False,COMPLETED,HCMC,referral
T6182,C100658,2025-03-25 12:25:00,pay,29.85,0.15,fashion,True,COMPLETED,Hanoi,paid
T4408,C100465,2025-03-25 13:15:00,pay,36.44,0.18,health,False,COMPLETED,Hanoi,paid
T6467,C100687,2025-03-25 13:33:00,transfer,44.95,0.09,education,False,COMPLETED,Hanoi,campaign
T3275,C100346,2025-03-25 13:51:00,transfer,24.04,0.05,entertainment,False,COMPLETED,HCMC,organic
T4311,C100452,2025-03-25 13:59:00,transfer,88.91,0.18,fashion,False,COMPLETED,Hanoi,organic
T3877,C100405,2025-03-25 13:59:00,savings,35.03,0.0,other,False,COMPLETED,HCMC,campaign
T4042,C100422,2025-03-25 14:51:00,pay,22.86,0.11,entertainment,True,COMPLETED,Hanoi,organic
T6497,C100690,2025-03-25 15:02:00,transfer,18.89,0.04,groceries,False,COMPLETED,HCMC,paid
T5430,C100578,2025-03-25 16:40:00,pay,57.05,0.29,other,False,COMPLETED,Hanoi,organic
T4856,C100520,2025-03-25 17:21:00,bill_pay,43.8,0.13,transport,True,COMPLETED,HCMC,organic
T6556,C100696,2025-03-25 17:40:00,pay,28.14,0.14,food_delivery,True,COMPLETED,DaNang,paid
T5147,C100550,2025-03-25 18:19:00,savings,36.76,0.0,utilities,False,COMPLETED,HCMC,paid
T897,C100094,2025-03-25 18:26:00,pay,44.2,0.22,other,False,COMPLETED,CanTho,paid
T6109,C100647,2025-03-26 09:22:00,pay,12.81,0.06,education,False,COMPLETED,CanTho,campaign
T96,C100017,2025-03-26 12:01:00,transfer,14.1,0.03,food_delivery,True,COMPLETED,HCMC,organic
T5238,C100558,2025-03-26 12:01:00,transfer,56.27,0.11,utilities,True,COMPLETED,HCMC,organic
T1118,C100123,2025-03-26 12:09:00,invest,171.84,0.09,health,True,COMPLETED,Hanoi,organic
T6508,C100691,2025-03-26 12:33:00,pay,61.16,0.31,transport,False,COMPLETED,Hanoi,paid
T5520,C100589,2025-03-26 12:49:00,pay,10.37,0.05,groceries,False,COMPLETED,HCMC,organic
T4422,C100467,2025-03-26 13:56:00,pay,15.39,0.08,food_delivery,False,COMPLETED,Hanoi,organic
T4205,C100438,2025-03-26 14:15:00,savings,20.41,0.0,education,False,COMPLETED,HCMC,paid
T4815,C100517,2025-03-26 14:30:00,topup,40.42,0.04,transport,True,COMPLETED,Hanoi,organic
T4465,C100477,2025-03-26 15:11:00,pay,26.55,0.13,education,False,COMPLETED,CanTho,paid
T5650,C100602,2025-03-26 15:56:00,pay,178.6,0.89,entertainment,False,COMPLETED,HCMC,paid
T3305,C100351,2025-03-26 17:00:00,transfer,9.87,0.02,other,False,COMPLETED,CanTho,paid
T5305,C100565,2025-03-26 17:36:00,transfer,12.54,0.03,groceries,True,COMPLETED,DaNang,organic
T4054,C100423,2025-03-26 18:04:00,pay,11.61,0.06,fashion,True,COMPLETED,HCMC,referral
T2252,C100256,2025-03-26 18:20:00,savings,37.5,0.0,food_delivery,True,FAILED,HCMC,organic
T4651,C100496,2025-03-26 18:49:00,topup,59.14,0.06,other,False,COMPLETED,Hanoi,campaign
T3563,C100374,2025-03-26 19:36:00,transfer,24.2,0.05,transport,False,COMPLETED,Hanoi,referral
T6012,C100637,2025-03-26 19:44:00,pay,39.51,0.2,health,True,COMPLETED,Hanoi,organic
T1570,C100176,2025-03-26 20:39:00,pay,16.21,0.08,health,False,COMPLETED,Hanoi,referral
T4551,C100484,2025-03-27 09:47:00,transfer,24.81,0.05,utilities,False,COMPLETED,HCMC,referral
T2819,C100301,2025-03-27 10:01:00,pay,14.61,0.07,utilities,False,COMPLETED,HCMC,organic
T6173,C100657,2025-03-27 10:14:00,transfer,24.47,0.05,health,False,COMPLETED,Hanoi,paid
T6360,C100679,2025-03-27 11:28:00,pay,9.48,0.05,education,True,COMPLETED,HCMC,referral
T540,C100052,2025-03-27 11:31:00,savings,30.53,0.0,education,True,COMPLETED,HCMC,organic
T4376,C100460,2025-03-27 12:40:00,transfer,25.3,0.05,transport,False,COMPLETED,HCMC,organic
T6419,C100685,2025-03-27 13:16:00,bill_pay,18.48,0.06,transport,False,COMPLETED,HCMC,organic
T6136,C100650,2025-03-27 13:45:00,savings,19.31,0.0,health,False,COMPLETED,CanTho,referral
T6605,C100707,2025-03-27 14:24:00,savings,26.7,0.0,fashion,True,COMPLETED,HCMC,paid
T2707,C100294,2025-03-27 15:18:00,transfer,39.47,0.08,electronics,False,COMPLETED,Hanoi,paid
T5936,C100633,2025-03-27 15:46:00,topup,19.53,0.02,fashion,False,COMPLETED,HCMC,organic
T4729,C100505,2025-03-27 15:53:00,savings,20.47,0.0,groceries,True,COMPLETED,HCMC,organic
T6646,C100714,2025-03-27 16:27:00,pay,7.3,0.04,education,False,COMPLETED,Hanoi,referral
T4260,C100444,2025-03-27 20:07:00,savings,16.2,0.0,food_delivery,True,COMPLETED,Hanoi,organic
T1110,C100123,2025-03-27 20:16:00,savings,149.9,0.0,electronics,False,COMPLETED,Hanoi,organic
T2004,C100229,2025-03-27 20:27:00,pay,28.93,0.14,groceries,False,COMPLETED,HCMC,paid
T5568,C100592,2025-03-28 09:19:00,transfer,31.34,0.06,groceries,True,COMPLETED,HCMC,organic
T5592,C100595,2025-03-28 09:58:00,pay,25.98,0.13,health,True,COMPLETED,HCMC,referral
T4999,C100534,2025-03-28 10:09:00,pay,30.49,0.15,electronics,True,COMPLETED,HaiPhong,organic
T681,C100072,2025-03-28 10:21:00,savings,9.84,0.0,other,False,COMPLETED,HCMC,organic
T6169,C100657,2025-03-28 10:27:00,transfer,3.93,0.01,food_delivery,False,FAILED,Hanoi,paid
T730,C100077,2025-03-28 10:28:00,savings,13.13,0.0,health,True,COMPLETED,HCMC,organic
T978,C100113,2025-03-28 10:42:00,transfer,12.18,0.02,fashion,False,COMPLETED,HaiPhong,organic
T6049,C100645,2025-03-28 12:22:00,pay,9.27,0.05,utilities,False,COMPLETED,HCMC,organic
T947,C100107,2025-03-28 12:50:00,savings,14.76,0.0,other,True,COMPLETED,HCMC,referral
T6536,C100695,2025-03-28 13:00:00,transfer,54.87,0.11,health,False,COMPLETED,HCMC,organic
T5961,C100635,2025-03-28 13:38:00,pay,7.93,0.04,electronics,True,COMPLETED,HCMC,campaign
T5315,C100570,2025-03-28 14:21:00,transfer,113.65,0.23,other,True,COMPLETED,Hanoi,organic
T4041,C100420,2025-03-28 14:33:00,bill_pay,24.09,0.07,health,True,COMPLETED,HCMC,organic
T6475,C100687,2025-03-28 14:48:00,pay,11.07,0.06,health,False,COMPLETED,Hanoi,campaign
T4555,C100484,2025-03-28 15:43:00,transfer,64.95,0.13,electronics,False,COMPLETED,HCMC,referral
T6091,C100646,2025-03-28 16:00:00,bill_pay,19.71,0.06,entertainment,False,COMPLETED,Hanoi,paid
T4672,C100497,2025-03-28 17:37:00,invest,23.28,0.01,fashion,False,COMPLETED,HaiPhong,organic
T1562,C100175,2025-03-28 18:23:00,bill_pay,12.44,0.04,health,False,COMPLETED,HaiPhong,campaign
T1134,C100125,2025-03-28 18:37:00,transfer,7.24,0.01,groceries,False,COMPLETED,HCMC,referral
T6059,C100645,2025-03-28 18:53:00,transfer,39.43,0.08,education,False,COMPLETED,HCMC,organic
T4504,C100478,2025-03-28 19:47:00,pay,10.29,0.05,education,False,COMPLETED,HCMC,organic
T3766,C100395,2025-03-28 20:18:00,savings,34.1,0.0,electronics,True,COMPLETED,Hanoi,organic
T5994,C100637,2025-03-28 20:31:00,bill_pay,20.89,0.06,education,False,COMPLETED,Hanoi,organic
T5416,C100578,2025-03-28 20:33:00,pay,20.22,0.1,education,False,COMPLETED,Hanoi,organic
T2373,C100265,2025-03-29 10:07:00,pay,20.01,0.1,utilities,False,COMPLETED,Hanoi,organic
T4952,C100530,2025-03-29 10:21:00,savings,27.33,0.0,groceries,False,COMPLETED,HCMC,paid
T6550,C100696,2025-03-29 11:00:00,transfer,69.7,0.14,groceries,False,COMPLETED,DaNang,paid
T3382,C100359,2025-03-29 11:30:00,transfer,13.6,0.03,food_delivery,False,COMPLETED,Hanoi,organic
T714,C100076,2025-03-29 12:46:00,transfer,22.02,0.04,utilities,True,COMPLETED,Hanoi,paid
T5881,C100627,2025-03-29 13:03:00,transfer,8.81,0.02,education,True,COMPLETED,HCMC,organic
T5724,C100605,2025-03-29 13:04:00,pay,18.55,0.09,education,False,COMPLETED,Hanoi,campaign
T3872,C100405,2025-03-29 13:12:00,pay,25.98,0.13,groceries,True,COMPLETED,HCMC,campaign
T3297,C100349,2025-03-29 13:43:00,savings,15.28,0.0,health,True,COMPLETED,HCMC,organic
T2119,C100239,2025-03-29 14:49:00,transfer,15.11,0.03,fashion,True,COMPLETED,HaiPhong,organic
T2438,C100269,2025-03-29 14:52:00,bill_pay,17.81,0.05,fashion,False,COMPLETED,Hanoi,organic
T4430,C100467,2025-03-29 15:56:00,pay,17.03,0.09,education,False,COMPLETED,Hanoi,organic
T6573,C100704,2025-03-29 16:56:00,savings,34.04,0.0,food_delivery,False,COMPLETED,HaiPhong,paid
T6453,C100686,2025-03-29 17:07:00,bill_pay,52.31,0.16,transport,True,COMPLETED,CanTho,organic
T3753,C100395,2025-03-29 17:26:00,transfer,20.15,0.04,food_delivery,True,COMPLETED,Hanoi,organic
T3218,C100340,2025-03-29 17:47:00,pay,14.21,0.07,groceries,True,COMPLETED,HCMC,organic
T4119,C100429,2025-03-29 18:26:00,invest,11.75,0.01,electronics,False,COMPLETED,HaiPhong,referral
T2475,C100271,2025-03-29 20:31:00,invest,75.38,0.04,electronics,True,COMPLETED,HCMC,paid
T5512,C100589,2025-03-30 09:02:00,topup,18.66,0.02,food_delivery,False,COMPLETED,HCMC,organic
T5002,C100534,2025-03-30 09:07:00,topup,19.0,0.02,health,True,COMPLETED,HaiPhong,organic
T6499,C100690,2025-03-30 09:42:00,pay,53.41,0.27,electronics,True,COMPLETED,HCMC,paid
T4849,C100520,2025-03-30 10:13:00,pay,16.16,0.08,health,False,COMPLETED,HCMC,organic
T5679,C100603,2025-03-30 11:17:00,bill_pay,56.81,0.17,other,False,COMPLETED,HCMC,organic
T123,C100021,2025-03-30 11:21:00,transfer,10.54,0.02,health,True,COMPLETED,Hanoi,campaign
T6030,C100641,2025-03-30 12:04:00,pay,113.55,0.57,electronics,False,COMPLETED,CanTho,organic
T5788,C100620,2025-03-30 12:55:00,transfer,66.3,0.13,entertainment,False,COMPLETED,HCMC,organic
T6558,C100696,2025-03-30 13:48:00,pay,117.73,0.59,other,False,COMPLETED,DaNang,paid
T3607,C100377,2025-03-30 15:08:00,pay,61.8,0.31,education,False,COMPLETED,HCMC,referral
T6354,C100679,2025-03-30 15:42:00,transfer,126.02,0.25,food_delivery,False,COMPLETED,HCMC,referral
T4395,C100462,2025-03-30 15:58:00,pay,7.55,0.04,electronics,False,COMPLETED,HCMC,organic
T5160,C100551,2025-03-30 16:48:00,transfer,65.96,0.13,education,False,COMPLETED,Hanoi,paid
T1656,C100186,2025-03-30 16:59:00,pay,33.15,0.17,utilities,True,COMPLETED,HCMC,referral
T5448,C100581,2025-03-30 17:20:00,pay,14.69,0.07,food_delivery,False,COMPLETED,HCMC,referral
T5165,C100551,2025-03-30 17:31:00,savings,15.91,0.0,groceries,False,COMPLETED,Hanoi,paid
T6481,C100688,2025-03-30 17:42:00,pay,10.66,0.05,fashion,False,COMPLETED,CanTho,organic
T6700,C100721,2025-03-30 18:39:00,savings,43.18,0.0,utilities,False,COMPLETED,HCMC,campaign
T1233,C100133,2025-03-30 19:11:00,pay,21.69,0.11,transport,False,COMPLETED,Hanoi,referral
T6234,C100665,2025-03-30 19:20:00,transfer,33.67,0.07,food_delivery,True,COMPLETED,Hanoi,paid
T2546,C100277,2025-03-30 19:20:00,transfer,13.88,0.03,electronics,False,COMPLETED,Hanoi,referral
T4180,C100437,2025-03-30 19:56:00,invest,20.21,0.01,groceries,False,COMPLETED,DaNang,organic
T339,C100037,2025-03-30 20:27:00,savings,42.98,0.0,other,False,COMPLETED,DaNang,paid
T5047,C100542,2025-03-30 20:30:00,transfer,23.01,0.05,electronics,False,COMPLETED,HCMC,organic
T4984,C100533,2025-03-31 09:33:00,pay,17.49,0.09,groceries,True,COMPLETED,Hanoi,paid
T6674,C100719,2025-03-31 09:34:00,bill_pay,30.8,0.09,education,True,COMPLETED,DaNang,campaign
T6513,C100691,2025-03-31 10:50:00,savings,61.81,0.0,transport,True,COMPLETED,Hanoi,paid
T6221,C100661,2025-03-31 10:52:00,bill_pay,49.68,0.15,entertainment,False,COMPLETED,HCMC,organic
T6291,C100670,2025-03-31 11:19:00,pay,21.21,0.11,fashion,False,COMPLETED,HCMC,paid
T6524,C100691,2025-03-31 11:37:00,savings,33.46,0.0,groceries,False,COMPLETED,Hanoi,paid
T3435,C100363,2025-03-31 12:07:00,pay,124.67,0.62,entertainment,True,COMPLETED,HCMC,paid
T4818,C100517,2025-03-31 12:22:00,transfer,40.09,0.08,fashion,True,COMPLETED,Hanoi,organic
T5657,C100602,2025-03-31 12:37:00,savings,8.77,0.0,health,False,COMPLETED,HCMC,paid
T1071,C100120,2025-03-31 12:47:00,bill_pay,68.89,0.21,entertainment,True,FAILED,HCMC,paid
T3683,C100389,2025-03-31 12:57:00,pay,66.14,0.33,food_delivery,False,COMPLETED,Hanoi,referral
T2530,C100275,2025-03-31 13:52:00,invest,179.02,0.09,other,True,COMPLETED,Hanoi,paid
T1491,C100169,2025-03-31 14:29:00,transfer,15.94,0.03,transport,False,COMPLETED,Hanoi,referral
T5550,C100592,2025-03-31 16:32:00,savings,19.82,0.0,groceries,True,COMPLETED,HCMC,organic
T853,C100091,2025-03-31 16:42:00,pay,27.01,0.14,entertainment,True,COMPLETED,Hanoi,paid
T4612,C100489,2025-03-31 17:41:00,transfer,25.07,0.05,fashion,False,COMPLETED,Hanoi,organic
T3734,C100391,2025-03-31 17:50:00,pay,26.35,0.13,fashion,False,COMPLETED,HCMC,organic
T4767,C100512,2025-03-31 18:37:00,pay,26.74,0.13,education,False,COMPLETED,HCMC,campaign
T3964,C100414,2025-03-31 20:24:00,pay,16.39,0.08,education,True,COMPLETED,HCMC,paid
T6181,C100658,2025-03-31 20:47:00,pay,51.53,0.26,food_delivery,True,COMPLETED,Hanoi,paid
T4646,C100496,2025-04-01 10:11:00,transfer,38.03,0.08,groceries,False,COMPLETED,Hanoi,campaign
T5778,C100616,2025-04-01 10:34:00,pay,28.99,0.14,food_delivery,False,COMPLETED,DaNang,campaign
T5262,C100561,2025-04-01 10:38:00,transfer,72.69,0.15,utilities,True,COMPLETED,CanTho,paid
T5316,C100570,2025-04-01 10:39:00,invest,73.34,0.04,health,True,COMPLETED,Hanoi,organic
T1920,C100217,2025-04-01 11:01:00,pay,9.34,0.05,other,True,COMPLETED,HCMC,paid
T1891,C100209,2025-04-01 12:47:00,transfer,20.03,0.04,entertainment,True,COMPLETED,CanTho,organic
T5108,C100546,2025-04-01 13:18:00,pay,25.84,0.13,electronics,True,COMPLETED,HCMC,paid
T5930,C100633,2025-04-01 14:24:00,transfer,44.13,0.09,fashion,False,COMPLETED,HCMC,organic
T6274,C100670,2025-04-01 14:45:00,transfer,125.18,0.25,other,True,COMPLETED,HCMC,paid
T5332,C100571,2025-04-01 16:30:00,transfer,25.23,0.05,entertainment,False,COMPLETED,HCMC,paid
T752,C100081,2025-04-01 16:36:00,pay,37.85,0.19,entertainment,False,COMPLETED,HCMC,organic
T486,C100046,2025-04-01 16:38:00,savings,115.05,0.0,fashion,False,COMPLETED,Hanoi,organic
T6599,C100707,2025-04-01 17:01:00,savings,21.15,0.0,utilities,False,COMPLETED,HCMC,paid
T6634,C100712,2025-04-01 18:44:00,transfer,49.39,0.1,electronics,False,COMPLETED,CanTho,paid
T6653,C100718,2025-04-01 18:47:00,pay,65.27,0.33,education,True,FAILED,HCMC,organic
T1964,C100222,2025-04-01 18:54:00,transfer,19.94,0.04,groceries,False,COMPLETED,DaNang,organic
T1333,C100151,2025-04-01 19:16:00,pay,3.84,0.02,other,True,COMPLETED,CanTho,paid
T758,C100081,2025-04-01 19:49:00,transfer,16.91,0.03,groceries,False,COMPLETED,HCMC,organic
T6022,C100641,2025-04-02 09:58:00,pay,15.91,0.08,electronics,True,COMPLETED,CanTho,organic
T5040,C100541,2025-04-02 10:32:00,bill_pay,7.3,0.02,other,True,COMPLETED,HCMC,organic
T3175,C100337,2025-04-02 10:41:00,transfer,38.35,0.08,entertainment,False,COMPLETED,CanTho,referral
T3010,C100318,2025-04-02 11:01:00,invest,18.16,0.01,entertainment,False,COMPLETED,CanTho,organic
T5252,C100559,2025-04-02 12:23:00,topup,45.32,0.05,entertainment,True,COMPLETED,HCMC,referral
T2906,C100309,2025-04-02 12:40:00,savings,27.39,0.0,education,False,COMPLETED,HCMC,paid
T1098,C100121,2025-04-02 13:06:00,transfer,6.99,0.01,utilities,False,COMPLETED,HCMC,organic
T2769,C100298,2025-04-02 14:21:00,transfer,55.56,0.11,transport,False,COMPLETED,DaNang,organic
T5905,C100631,2025-04-02 14:33:00,bill_pay,6.61,0.02,fashion,False,COMPLETED,Hanoi,campaign
T5175,C100552,2025-04-02 15:21:00,transfer,24.3,0.05,food_delivery,False,COMPLETED,HCMC,organic
T837,C100088,2025-04-02 15:48:00,transfer,15.33,0.03,fashion,True,COMPLETED,HCMC,organic
T5325,C100570,2025-04-02 17:05:00,transfer,44.34,0.09,utilities,True,COMPLETED,Hanoi,organic
T903,C100096,2025-04-02 17:29:00,transfer,57.14,0.11,fashion,True,COMPLETED,HCMC,organic
T6113,C100647,2025-04-02 18:36:00,invest,13.9,0.01,fashion,False,COMPLETED,CanTho,campaign
T1674,C100190,2025-04-02 20:20:00,pay,36.79,0.18,electronics,False,COMPLETED,CanTho,referral
T6024,C100641,2025-04-03 09:30:00,transfer,17.74,0.04,utilities,True,COMPLETED,CanTho,organic
T3055,C100327,2025-04-03 09:36:00,pay,82.97,0.41,utilities,True,COMPLETED,Hanoi,organic
T5682,C100603,2025-04-03 12:40:00,transfer,34.34,0.07,food_delivery,False,COMPLETED,HCMC,organic
T5243,C100558,2025-04-03 12:57:00,pay,8.84,0.04,fashion,True,COMPLETED,HCMC,organic
T2830,C100304,2025-04-03 12:59:00,invest,51.22,0.03,other,True,COMPLETED,HCMC,organic
T6067,C100646,2025-04-03 13:39:00,savings,88.96,0.0,food_delivery,False,COMPLETED,Hanoi,paid
T6457,C100687,2025-04-03 13:39:00,pay,47.46,0.24,food_delivery,True,COMPLETED,Hanoi,campaign
T6663,C100718,2025-04-03 13:54:00,pay,16.02,0.08,health,False,COMPLETED,HCMC,organic
T4166,C100436,2025-04-03 15:05:00,transfer,9.78,0.02,food_delivery,False,COMPLETED,HCMC,organic
T3299,C100349,2025-04-03 16:01:00,transfer,86.97,0.17,utilities,False,COMPLETED,HCMC,organic
T4039,C100420,2025-04-03 16:09:00,pay,31.25,0.16,groceries,True,COMPLETED,HCMC,organic
T5529,C100590,2025-04-03 16:19:00,topup,10.98,0.01,transport,False,COMPLETED,HCMC,paid
T3539,C100372,2025-04-03 16:27:00,bill_pay,66.75,0.2,education,False,COMPLETED,HCMC,referral
T6603,C100707,2025-04-03 16:29:00,pay,25.15,0.13,fashion,True,COMPLETED,HCMC,paid
T6116,C100649,2025-04-03 16:52:00,transfer,28.26,0.06,health,True,COMPLETED,HCMC,organic
T319,C100037,2025-04-03 16:59:00,pay,49.28,0.25,electronics,True,COMPLETED,DaNang,paid
T3942,C100414,2025-04-03 17:08:00,savings,129.07,0.0,food_delivery,False,COMPLETED,HCMC,paid
T2256,C100256,2025-04-03 18:44:00,transfer,14.23,0.03,other,False,COMPLETED,HCMC,organic
T3818,C100401,2025-04-03 18:45:00,bill_pay,28.31,0.08,fashion,False,COMPLETED,DaNang,organic
T4786,C100516,2025-04-03 19:29:00,bill_pay,71.16,0.21,other,False,COMPLETED,Hanoi,referral
T719,C100076,2025-04-03 19:36:00,transfer,34.12,0.07,fashion,False,COMPLETED,Hanoi,paid
T3098,C100330,2025-04-03 19:46:00,savings,82.27,0.0,other,True,COMPLETED,CanTho,paid
T5198,C100553,2025-04-03 20:01:00,topup,83.51,0.08,health,False,COMPLETED,HCMC,organic
T974,C100111,2025-04-03 20:06:00,pay,62.44,0.31,food_delivery,True,COMPLETED,HCMC,organic
T3923,C100412,2025-04-04 09:04:00,savings,55.4,0.0,other,False,COMPLETED,HaiPhong,paid
T2097,C100237,2025-04-04 09:15:00,bill_pay,28.83,0.09,electronics,True,COMPLETED,HCMC,campaign
T4911,C100526,2025-04-04 09:28:00,transfer,46.19,0.09,other,False,COMPLETED,HCMC,paid
T1368,C100157,2025-04-04 09:34:00,savings,22.28,0.0,electronics,False,COMPLETED,Hanoi,referral
T5000,C100534,2025-04-04 10:14:00,pay,90.9,0.45,utilities,False,COMPLETED,HaiPhong,organic
T3908,C100408,2025-04-04 10:45:00,transfer,106.06,0.21,food_delivery,False,COMPLETED,HaiPhong,organic
T3862,C100404,2025-04-04 10:46:00,transfer,13.88,0.03,food_delivery,False,COMPLETED,HCMC,organic
T5169,C100551,2025-04-04 12:51:00,pay,19.81,0.1,other,True,COMPLETED,Hanoi,paid
T5554,C100592,2025-04-04 13:53:00,transfer,34.02,0.07,other,False,COMPLETED,HCMC,organic
T6165,C100654,2025-04-04 14:50:00,transfer,13.47,0.03,utilities,False,COMPLETED,CanTho,organic
T6143,C100650,2025-04-04 15:18:00,topup,13.93,0.01,other,True,COMPLETED,CanTho,referral
T4470,C100477,2025-04-04 15:33:00,transfer,11.79,0.02,fashion,False,COMPLETED,CanTho,paid
T6516,C100691,2025-04-04 15:35:00,pay,22.73,0.11,education,False,COMPLETED,Hanoi,paid
T643,C100066,2025-04-04 15:38:00,savings,187.73,0.0,groceries,False,COMPLETED,HCMC,referral
T97,C100017,2025-04-04 16:05:00,savings,32.52,0.0,fashion,False,COMPLETED,HCMC,organic
T2146,C100245,2025-04-04 16:42:00,pay,36.04,0.18,groceries,False,COMPLETED,HCMC,organic
T6396,C100683,2025-04-04 16:53:00,invest,70.92,0.04,entertainment,True,COMPLETED,HCMC,organic
T4543,C100484,2025-04-04 17:05:00,savings,55.08,0.0,electronics,True,COMPLETED,HCMC,referral
T6064,C100645,2025-04-04 18:14:00,pay,38.02,0.19,utilities,False,COMPLETED,HCMC,organic
T320,C100037,2025-04-04 19:27:00,savings,28.85,0.0,health,False,COMPLETED,DaNang,paid
T5545,C100592,2025-04-04 19:51:00,pay,10.57,0.05,transport,False,COMPLETED,HCMC,organic
T3221,C100341,2025-04-04 20:09:00,savings,28.81,0.0,transport,False,COMPLETED,Hanoi,organic
T5818,C100622,2025-04-04 20:09:00,transfer,108.38,0.22,food_delivery,False,COMPLETED,HCMC,paid
T4680,C100500,2025-04-04 20:19:00,savings,20.34,0.0,transport,False,COMPLETED,HCMC,campaign
T5254,C100559,2025-04-05 09:09:00,transfer,81.82,0.16,fashion,False,COMPLETED,HCMC,referral
T2702,C100294,2025-04-05 09:27:00,savings,72.22,0.0,electronics,True,COMPLETED,Hanoi,paid
T1325,C100144,2025-04-05 10:34:00,pay,37.05,0.19,transport,False,FAILED,HCMC,organic
T5675,C100603,2025-04-05 10:49:00,transfer,45.96,0.09,food_delivery,True,COMPLETED,HCMC,organic
T814,C100086,2025-04-05 10:59:00,pay,57.09,0.29,entertainment,False,COMPLETED,HCMC,organic
T3326,C100353,2025-04-05 11:46:00,pay,9.31,0.05,health,False,COMPLETED,HaiPhong,paid
T1957,C100219,2025-04-05 12:19:00,transfer,47.99,0.1,health,True,COMPLETED,CanTho,paid
T186,C100024,2025-04-05 12:41:00,pay,21.7,0.11,health,False,COMPLETED,HCMC,organic
T6752,C100726,2025-04-05 12:42:00,transfer,142.59,0.29,utilities,False,FAILED,Hanoi,organic
T207,C100028,2025-04-05 13:15:00,savings,33.11,0.0,entertainment,False,COMPLETED,DaNang,organic
T1660,C100186,2025-04-05 14:01:00,pay,171.24,0.86,transport,True,COMPLETED,HCMC,referral
T3213,C100340,2025-04-05 14:30:00,pay,43.58,0.22,education,False,COMPLETED,HCMC,organic
T3543,C100372,2025-04-05 14:54:00,transfer,27.92,0.06,education,True,COMPLETED,HCMC,referral
T843,C100091,2025-04-05 14:57:00,invest,13.46,0.01,utilities,False,FAILED,Hanoi,paid
T6393,C100683,2025-04-05 15:27:00,pay,58.01,0.29,health,True,COMPLETED,HCMC,organic
T3674,C100388,2025-04-05 15:42:00,transfer,17.01,0.03,transport,True,COMPLETED,HCMC,referral
T6223,C100661,2025-04-05 15:55:00,savings,9.44,0.0,transport,False,COMPLETED,HCMC,organic
T3999,C100419,2025-04-05 16:55:00,pay,28.55,0.14,utilities,True,FAILED,Hanoi,referral
T1797,C100204,2025-04-05 17:03:00,topup,53.15,0.05,entertainment,False,COMPLETED,Hanoi,campaign
T3951,C100414,2025-04-05 17:10:00,pay,25.35,0.13,groceries,True,COMPLETED,HCMC,paid
T6265,C100667,2025-04-05 17:43:00,savings,16.13,0.0,utilities,True,COMPLETED,Hanoi,paid
T5654,C100602,2025-04-05 18:22:00,transfer,31.62,0.06,groceries,False,COMPLETED,HCMC,paid
T5304,C100565,2025-04-05 18:33:00,bill_pay,8.75,0.03,education,True,COMPLETED,DaNang,organic
T1789,C100203,2025-04-05 18:51:00,transfer,124.12,0.25,education,True,COMPLETED,Hanoi,organic
T2379,C100266,2025-04-05 20:37:00,pay,118.85,0.59,electronics,False,COMPLETED,Hanoi,organic
T4964,C100531,2025-04-06 09:24:00,transfer,10.42,0.02,education,True,COMPLETED,DaNang,organic
T4811,C100517,2025-04-06 09:39:00,pay,60.93,0.3,utilities,False,COMPLETED,Hanoi,organic
T317,C100036,2025-04-06 09:52:00,invest,25.56,0.01,fashion,False,COMPLETED,Hanoi,campaign
T2842,C100305,2025-04-06 10:52:00,transfer,23.79,0.05,food_delivery,False,COMPLETED,Hanoi,campaign
T2325,C100261,2025-04-06 11:18:00,pay,64.86,0.32,utilities,True,COMPLETED,HCMC,organic
T3525,C100370,2025-04-06 11:24:00,transfer,21.7,0.04,groceries,False,COMPLETED,Hanoi,organic
T2944,C100310,2025-04-06 11:48:00,transfer,30.88,0.06,education,False,COMPLETED,HCMC,paid
T3639,C100385,2025-04-06 13:00:00,pay,69.32,0.35,utilities,True,COMPLETED,Hanoi,referral
T5154,C100550,2025-04-06 13:03:00,topup,140.33,0.14,fashion,True,COMPLETED,HCMC,paid
T3153,C100334,2025-04-06 13:28:00,pay,23.68,0.12,entertainment,False,COMPLETED,HCMC,organic
T2278,C100257,2025-04-06 13:47:00,topup,104.55,0.1,fashion,True,COMPLETED,DaNang,paid
T5757,C100614,2025-04-06 14:23:00,pay,19.23,0.1,food_delivery,False,COMPLETED,HCMC,organic
T5534,C100590,2025-04-06 14:45:00,transfer,12.47,0.02,other,False,COMPLETED,HCMC,paid
T5178,C100552,2025-04-06 15:57:00,topup,18.75,0.02,education,False,COMPLETED,HCMC,organic
T6430,C100685,2025-04-06 16:15:00,savings,27.12,0.0,electronics,False,COMPLETED,HCMC,organic
T5056,C100542,2025-04-06 16:15:00,transfer,15.28,0.03,groceries,True,COMPLETED,HCMC,organic
T5739,C100608,2025-04-06 16:22:00,transfer,37.38,0.07,health,False,COMPLETED,Hanoi,paid
T4791,C100516,2025-04-06 16:22:00,pay,19.44,0.1,transport,False,COMPLETED,Hanoi,referral
T4667,C100497,2025-04-06 16:24:00,pay,6.77,0.03,transport,False,FAILED,HaiPhong,organic
T4116,C100427,2025-04-06 16:28:00,transfer,29.31,0.06,transport,False,COMPLETED,HCMC,paid
T5256,C100559,2025-04-06 16:58:00,bill_pay,53.28,0.16,food_delivery,False,COMPLETED,HCMC,referral
T3458,C100366,2025-04-06 18:12:00,savings,25.19,0.0,health,True,COMPLETED,Hanoi,organic
T3718,C100390,2025-04-06 19:06:00,pay,36.99,0.18,electronics,True,COMPLETED,HCMC,paid
T5166,C100551,2025-04-06 20:06:00,topup,119.5,0.12,food_delivery,False,COMPLETED,Hanoi,paid
T4626,C100495,2025-04-06 20:29:00,topup,77.47,0.08,transport,True,COMPLETED,Hanoi,organic
T3331,C100353,2025-04-06 20:29:00,pay,24.9,0.12,entertainment,False,COMPLETED,HaiPhong,paid
T973,C100111,2025-04-06 20:57:00,transfer,18.18,0.04,groceries,False,COMPLETED,HCMC,organic
T5193,C100553,2025-04-07 10:06:00,savings,42.54,0.0,groceries,False,COMPLETED,HCMC,organic
T6585,C100706,2025-04-07 11:11:00,transfer,13.94,0.03,education,True,COMPLETED,Hanoi,referral
T6681,C100719,2025-04-07 12:55:00,pay,17.69,0.09,other,False,COMPLETED,DaNang,campaign
T4926,C100527,2025-04-07 13:13:00,transfer,32.4,0.06,health,False,COMPLETED,HCMC,organic
T6724,C100725,2025-04-07 16:12:00,topup,47.28,0.05,electronics,False,COMPLETED,HCMC,referral
T1132,C100125,2025-04-07 17:02:00,pay,24.49,0.12,other,True,COMPLETED,HCMC,referral
T4712,C100503,2025-04-07 17:09:00,pay,17.8,0.09,groceries,False,COMPLETED,Hanoi,organic
T5900,C100631,2025-04-07 17:09:00,pay,52.3,0.26,utilities,True,COMPLETED,Hanoi,campaign
T2775,C100298,2025-04-07 17:39:00,savings,45.69,0.0,education,False,COMPLETED,DaNang,organic
T3883,C100405,2025-04-07 18:08:00,pay,94.48,0.47,food_delivery,True,COMPLETED,HCMC,campaign
T6666,C100718,2025-04-07 18:54:00,pay,42.84,0.21,health,True,COMPLETED,HCMC,organic
T6781,C100729,2025-04-07 19:00:00,transfer,19.15,0.04,fashion,True,COMPLETED,Hanoi,paid
T3195,C100338,2025-04-07 19:02:00,bill_pay,12.13,0.04,entertainment,False,COMPLETED,HCMC,paid
T2625,C100286,2025-04-07 19:08:00,pay,31.73,0.16,other,False,COMPLETED,DaNang,organic
T5898,C100631,2025-04-07 20:32:00,pay,38.16,0.19,food_delivery,True,FAILED,Hanoi,campaign
T2199,C100249,2025-04-08 09:15:00,pay,42.77,0.21,transport,False,COMPLETED,HCMC,organic
T4105,C100425,2025-04-08 09:46:00,transfer,23.29,0.05,utilities,False,COMPLETED,HCMC,organic
T4008,C100419,2025-04-08 10:33:00,pay,33.11,0.17,food_delivery,True,COMPLETED,Hanoi,referral
T5291,C100565,2025-04-08 11:18:00,bill_pay,28.38,0.09,other,False,COMPLETED,DaNang,organic
T6487,C100688,2025-04-08 11:21:00,topup,66.17,0.07,electronics,False,COMPLETED,CanTho,organic
T2225,C100255,2025-04-08 13:32:00,transfer,21.81,0.04,utilities,False,COMPLETED,Hanoi,organic
T797,C100085,2025-04-08 14:59:00,transfer,32.2,0.06,electronics,False,COMPLETED,HCMC,organic
T5549,C100592,2025-04-08 15:39:00,savings,40.13,0.0,electronics,True,COMPLETED,HCMC,organic
T2462,C100270,2025-04-08 15:41:00,topup,11.84,0.01,fashion,True,COMPLETED,Hanoi,organic
T5715,C100605,2025-04-08 15:47:00,topup,34.41,0.03,education,False,COMPLETED,Hanoi,campaign
T873,C100093,2025-04-08 15:52:00,savings,82.38,0.0,utilities,True,COMPLETED,Hanoi,organic
T275,C100033,2025-04-08 16:05:00,pay,17.12,0.09,health,False,COMPLETED,CanTho,paid
T1192,C100132,2025-04-08 16:28:00,transfer,19.12,0.04,electronics,False,COMPLETED,Hanoi,paid
T1184,C100131,2025-04-08 16:42:00,transfer,25.52,0.05,utilities,True,COMPLETED,HCMC,paid
T5442,C100580,2025-04-08 17:36:00,transfer,44.65,0.09,groceries,False,COMPLETED,Hanoi,referral
T2796,C100299,2025-04-08 17:44:00,pay,30.11,0.15,health,False,COMPLETED,HCMC,organic
T3585,C100376,2025-04-08 18:04:00,transfer,74.51,0.15,groceries,False,COMPLETED,HCMC,paid
T3561,C100374,2025-04-08 18:09:00,pay,46.58,0.23,health,False,COMPLETED,Hanoi,referral
T5874,C100626,2025-04-08 18:20:00,transfer,18.03,0.04,other,False,COMPLETED,HCMC,referral
T6848,C100733,2025-04-08 18:27:00,savings,95.3,0.0,health,True,COMPLETED,HCMC,paid
T4392,C100460,2025-04-08 18:41:00,pay,73.54,0.37,transport,False,COMPLETED,HCMC,organic
T5647,C100601,2025-04-08 19:59:00,savings,25.15,0.0,utilities,True,COMPLETED,Hanoi,organic
T3017,C100320,2025-04-08 20:01:00,transfer,16.16,0.03,electronics,True,COMPLETED,CanTho,organic
T6153,C100651,2025-04-08 20:20:00,invest,27.38,0.01,fashion,False,COMPLETED,HCMC,referral
T6100,C100647,2025-04-08 20:48:00,bill_pay,22.48,0.07,entertainment,False,COMPLETED,CanTho,campaign
T4512,C100481,2025-04-09 09:42:00,pay,46.16,0.23,electronics,False,COMPLETED,Hanoi,organic
T2897,C100309,2025-04-09 09:48:00,transfer,15.25,0.03,education,True,COMPLETED,HCMC,paid
T2181,C100249,2025-04-09 09:55:00,bill_pay,19.8,0.06,groceries,True,COMPLETED,HCMC,organic
T3487,C100367,2025-04-09 11:17:00,pay,20.67,0.1,fashion,False,COMPLETED,HCMC,paid
T592,C100056,2025-04-09 11:20:00,savings,22.94,0.0,groceries,False,COMPLETED,DaNang,paid
T5465,C100583,2025-04-09 11:22:00,transfer,11.86,0.02,electronics,False,COMPLETED,HCMC,organic
T6322,C100676,2025-04-09 11:33:00,topup,26.91,0.03,groceries,False,COMPLETED,HCMC,organic
T4658,C100497,2025-04-09 12:07:00,pay,44.3,0.22,health,False,COMPLETED,HaiPhong,organic
T4862,C100520,2025-04-09 12:14:00,pay,75.0,0.38,fashion,False,COMPLETED,HCMC,organic
T3991,C100418,2025-04-09 12:30:00,transfer,74.76,0.15,transport,False,COMPLETED,CanTho,campaign
T5088,C100546,2025-04-09 12:46:00,savings,19.98,0.0,education,True,COMPLETED,HCMC,paid
T4316,C100452,2025-04-09 12:55:00,pay,31.67,0.16,groceries,True,COMPLETED,Hanoi,organic
T3121,C100331,2025-04-09 13:12:00,transfer,37.34,0.07,utilities,False,COMPLETED,Hanoi,campaign
T4802,C100517,2025-04-09 13:50:00,bill_pay,80.02,0.24,entertainment,True,COMPLETED,Hanoi,organic
T3459,C100366,2025-04-09 14:22:00,pay,17.94,0.09,entertainment,False,COMPLETED,Hanoi,organic
T1703,C100195,2025-04-09 15:18:00,transfer,26.4,0.05,other,False,COMPLETED,Hanoi,referral
T3622,C100383,2025-04-09 15:24:00,pay,19.36,0.1,health,False,COMPLETED,CanTho,organic
T6798,C100729,2025-04-09 15:53:00,savings,71.49,0.0,education,False,COMPLETED,Hanoi,paid
T2582,C100279,2025-04-09 16:04:00,bill_pay,144.87,0.43,entertainment,False,COMPLETED,Hanoi,paid
T2788,C100298,2025-04-09 16:39:00,pay,33.64,0.17,utilities,False,COMPLETED,DaNang,organic
T5376,C100575,2025-04-09 17:32:00,topup,28.56,0.03,food_delivery,False,COMPLETED,HCMC,referral
T2336,C100263,2025-04-09 18:05:00,transfer,36.0,0.07,food_delivery,False,COMPLETED,HCMC,organic
T6617,C100708,2025-04-09 18:20:00,invest,7.55,0.0,health,False,COMPLETED,CanTho,organic
T916,C100098,2025-04-09 19:57:00,bill_pay,23.79,0.07,education,False,COMPLETED,Hanoi,organic
T4013,C100419,2025-04-09 20:29:00,transfer,49.69,0.1,education,False,COMPLETED,Hanoi,referral
T6650,C100714,2025-04-10 09:07:00,pay,12.99,0.06,fashion,True,COMPLETED,Hanoi,referral
T5740,C100608,2025-04-10 09:19:00,savings,37.02,0.0,utilities,False,COMPLETED,Hanoi,paid
T4078,C100424,2025-04-10 09:30:00,invest,95.32,0.05,electronics,False,COMPLETED,HaiPhong,organic
T5689,C100603,2025-04-10 09:42:00,pay,39.65,0.2,transport,False,COMPLETED,HCMC,organic
T5260,C100561,2025-04-10 10:05:00,transfer,51.03,0.1,food_delivery,True,COMPLETED,CanTho,paid
T6490,C100688,2025-04-10 11:44:00,pay,7.74,0.04,entertainment,False,COMPLETED,CanTho,organic
T686,C100072,2025-04-10 12:15:00,transfer,40.86,0.08,groceries,False,COMPLETED,HCMC,organic
T2238,C100255,2025-04-10 12:29:00,pay,38.17,0.19,food_delivery,False,COMPLETED,Hanoi,organic
T5815,C100622,2025-04-10 12:30:00,pay,63.37,0.32,groceries,True,COMPLETED,HCMC,paid
T6336,C100678,2025-04-10 12:37:00,pay,252.52,1.26,fashion,True,COMPLETED,HCMC,referral
T1018,C100117,2025-04-10 12:46:00,pay,3.11,0.02,entertainment,True,COMPLETED,HCMC,organic
T4773,C100515,2025-04-10 12:59:00,savings,46.15,0.0,education,False,COMPLETED,Hanoi,paid
T4670,C100497,2025-04-10 13:37:00,bill_pay,47.4,0.14,utilities,False,COMPLETED,HaiPhong,organic
T5266,C100563,2025-04-10 14:18:00,bill_pay,14.43,0.04,transport,True,COMPLETED,HCMC,referral
T6782,C100729,2025-04-10 14:40:00,pay,14.81,0.07,education,False,COMPLETED,Hanoi,paid
T4977,C100533,2025-04-10 14:58:00,transfer,37.82,0.08,electronics,False,COMPLETED,Hanoi,paid
T5483,C100584,2025-04-10 15:17:00,pay,24.58,0.12,electronics,False,COMPLETED,CanTho,organic
T5081,C100544,2025-04-10 15:29:00,bill_pay,65.55,0.2,electronics,False,COMPLETED,DaNang,referral
T1078,C100120,2025-04-10 16:52:00,transfer,74.68,0.15,food_delivery,False,COMPLETED,HCMC,paid
T2526,C100275,2025-04-10 16:58:00,invest,51.62,0.03,other,False,COMPLETED,Hanoi,paid
T1708,C100195,2025-04-10 17:42:00,bill_pay,27.36,0.08,transport,False,COMPLETED,Hanoi,referral
T4274,C100450,2025-04-10 17:54:00,savings,37.81,0.0,groceries,False,COMPLETED,HaiPhong,referral
T5339,C100571,2025-04-10 20:52:00,pay,12.45,0.06,electronics,True,COMPLETED,HCMC,paid
T2981,C100313,2025-04-11 09:12:00,pay,183.91,0.92,other,False,COMPLETED,DaNang,organic
T6077,C100646,2025-04-11 09:17:00,pay,21.68,0.11,food_delivery,False,COMPLETED,Hanoi,paid
T6150,C100651,2025-04-11 09:45:00,pay,73.64,0.37,entertainment,False,COMPLETED,HCMC,referral
T1298,C100143,2025-04-11 10:24:00,pay,15.13,0.08,education,False,COMPLETED,HCMC,organic
T5232,C100556,2025-04-11 10:49:00,transfer,26.9,0.05,utilities,True,COMPLETED,Hanoi,paid
T4362,C100459,2025-04-11 10:50:00,transfer,33.05,0.07,health,True,COMPLETED,Hanoi,campaign
T5131,C100548,2025-04-11 11:07:00,transfer,22.36,0.04,education,False,COMPLETED,Hanoi,referral
T5822,C100622,2025-04-11 12:04:00,savings,14.51,0.0,other,False,COMPLETED,HCMC,paid
T1302,C100143,2025-04-11 12:48:00,pay,9.87,0.05,health,False,COMPLETED,HCMC,organic
T3166,C100334,2025-04-11 13:07:00,transfer,81.76,0.16,health,False,COMPLETED,HCMC,organic
T3618,C100383,2025-04-11 13:09:00,pay,13.89,0.07,education,False,COMPLETED,CanTho,organic
T6719,C100725,2025-04-11 13:46:00,bill_pay,20.55,0.06,health,True,COMPLETED,HCMC,referral
T5525,C100589,2025-04-11 13:53:00,transfer,18.47,0.04,food_delivery,False,COMPLETED,HCMC,organic
T785,C100085,2025-04-11 13:56:00,savings,9.72,0.0,utilities,False,COMPLETED,HCMC,organic
T6548,C100695,2025-04-11 14:01:00,pay,55.85,0.28,groceries,False,COMPLETED,HCMC,organic
T1680,C100190,2025-04-11 15:06:00,pay,24.73,0.12,health,False,COMPLETED,CanTho,referral
T6775,C100728,2025-04-11 15:21:00,savings,27.33,0.0,utilities,False,COMPLETED,HaiPhong,paid
T1048,C100119,2025-04-11 15:27:00,invest,35.64,0.02,transport,True,COMPLETED,CanTho,organic
T5987,C100636,2025-04-11 18:19:00,pay,57.01,0.29,utilities,True,COMPLETED,DaNang,referral
T4817,C100517,2025-04-11 18:56:00,savings,25.9,0.0,health,False,COMPLETED,Hanoi,organic
T6486,C100688,2025-04-11 19:45:00,invest,58.32,0.03,other,False,COMPLETED,CanTho,organic
T4275,C100450,2025-04-11 20:27:00,bill_pay,52.23,0.16,electronics,False,COMPLETED,HaiPhong,referral
T2942,C100310,2025-04-11 20:30:00,transfer,21.65,0.04,electronics,False,COMPLETED,HCMC,paid
T3448,C100364,2025-04-11 20:57:00,savings,71.24,0.0,fashion,False,COMPLETED,DaNang,referral
T6579,C100704,2025-04-12 09:13:00,transfer,27.72,0.06,utilities,False,COMPLETED,HaiPhong,paid
T5102,C100546,2025-04-12 09:32:00,pay,22.8,0.11,other,False,COMPLETED,HCMC,paid
T6174,C100657,2025-04-12 10:18:00,pay,96.86,0.48,transport,False,COMPLETED,Hanoi,paid
T5640,C100601,2025-04-12 10:29:00,savings,33.18,0.0,food_delivery,True,COMPLETED,Hanoi,organic
T5803,C100622,2025-04-12 10:49:00,pay,36.51,0.18,groceries,False,COMPLETED,HCMC,paid
T2636,C100287,2025-04-12 11:24:00,transfer,34.77,0.07,food_delivery,True,COMPLETED,CanTho,organic
T254,C100032,2025-04-12 11:51:00,transfer,17.3,0.03,health,False,COMPLETED,Hanoi,paid
T607,C100058,2025-04-12 12:32:00,savings,14.56,0.0,electronics,True,COMPLETED,Hanoi,referral
T1474,C100169,2025-04-12 12:59:00,pay,65.92,0.33,health,True,COMPLETED,Hanoi,referral
T6583,C100704,2025-04-12 13:04:00,pay,81.97,0.41,transport,False,COMPLETED,HaiPhong,paid
T4373,C100460,2025-04-12 14:49:00,transfer,18.09,0.04,health,False,COMPLETED,HCMC,organic
T4573,C100486,2025-04-12 16:08:00,pay,16.64,0.08,electronics,True,COMPLETED,HCMC,paid
T6747,C100726,2025-04-12 16:39:00,pay,47.63,0.24,groceries,False,COMPLETED,Hanoi,organic
T6283,C100670,2025-04-12 16:57:00,pay,34.75,0.17,food_delivery,True,FAILED,HCMC,paid
T2153,C100245,2025-04-12 17:08:00,transfer,16.6,0.03,utilities,False,COMPLETED,HCMC,organic
T433,C100043,2025-04-12 18:28:00,transfer,103.93,0.21,utilities,True,COMPLETED,DaNang,paid
T5269,C100563,2025-04-12 18:50:00,transfer,17.58,0.04,electronics,False,COMPLETED,HCMC,referral
T659,C100068,2025-04-12 19:19:00,bill_pay,45.8,0.14,health,False,COMPLETED,HCMC,organic
T5963,C100635,2025-04-12 19:27:00,transfer,15.48,0.03,food_delivery,True,COMPLETED,HCMC,campaign
T3444,C100364,2025-04-12 20:03:00,transfer,8.46,0.02,transport,False,COMPLETED,DaNang,referral
T2809,C100299,2025-04-12 20:13:00,transfer,15.4,0.03,electronics,False,COMPLETED,HCMC,organic
T4972,C100533,2025-04-13 09:28:00,bill_pay,23.51,0.07,fashion,False,COMPLETED,Hanoi,paid
T6334,C100678,2025-04-13 09:51:00,transfer,27.8,0.06,food_delivery,True,COMPLETED,HCMC,referral
T5562,C100592,2025-04-13 10:04:00,transfer,13.12,0.03,electronics,False,COMPLETED,HCMC,organic
T6613,C100707,2025-04-13 10:24:00,bill_pay,50.18,0.15,other,True,COMPLETED,HCMC,paid
T3686,C100389,2025-04-13 10:27:00,transfer,38.29,0.08,entertainment,False,COMPLETED,Hanoi,referral
T4234,C100440,2025-04-13 10:34:00,invest,18.29,0.01,entertainment,False,COMPLETED,CanTho,campaign
T6151,C100651,2025-04-13 10:37:00,transfer,68.47,0.14,health,False,COMPLETED,HCMC,referral
T4375,C100460,2025-04-13 10:51:00,pay,14.45,0.07,utilities,False,COMPLETED,HCMC,organic
T6029,C100641,2025-04-13 11:14:00,transfer,11.61,0.02,fashion,True,COMPLETED,CanTho,organic
T6660,C100718,2025-04-13 11:26:00,bill_pay,78.81,0.24,fashion,True,COMPLETED,HCMC,organic
T6800,C100730,2025-04-13 11:55:00,pay,48.07,0.24,education,True,COMPLETED,DaNang,organic
T6846,C100733,2025-04-13 12:45:00,savings,87.72,0.0,entertainment,False,COMPLETED,HCMC,paid
T2274,C100257,2025-04-13 12:55:00,pay,33.64,0.17,entertainment,True,COMPLETED,DaNang,paid
T5827,C100622,2025-04-13 12:59:00,pay,12.61,0.06,health,True,COMPLETED,HCMC,paid
T5527,C100590,2025-04-13 13:22:00,transfer,64.47,0.13,education,True,COMPLETED,HCMC,paid
T6840,C100733,2025-04-13 13:34:00,savings,92.28,0.0,utilities,False,COMPLETED,HCMC,paid
T3050,C100327,2025-04-13 13:46:00,savings,27.88,0.0,entertainment,True,COMPLETED,Hanoi,organic
T4391,C100460,2025-04-13 14:50:00,transfer,17.35,0.03,groceries,False,COMPLETED,HCMC,organic
T2633,C100287,2025-04-13 15:24:00,pay,50.06,0.25,transport,False,COMPLETED,CanTho,organic
T6855,C100734,2025-04-13 15:32:00,pay,18.53,0.09,other,True,COMPLETED,HCMC,organic
T5358,C100572,2025-04-13 16:19:00,bill_pay,38.79,0.12,fashion,True,COMPLETED,HCMC,organic
T1969,C100222,2025-04-13 17:29:00,pay,33.36,0.17,food_delivery,False,COMPLETED,DaNang,organic
T6791,C100729,2025-04-13 18:16:00,pay,6.35,0.03,transport,True,COMPLETED,Hanoi,paid
T5617,C100597,2025-04-13 18:17:00,transfer,20.32,0.04,transport,True,COMPLETED,HCMC,paid
T2885,C100308,2025-04-13 18:53:00,savings,32.09,0.0,food_delivery,False,COMPLETED,HCMC,paid
T6329,C100678,2025-04-13 19:00:00,bill_pay,15.1,0.05,other,True,COMPLETED,HCMC,referral
T2188,C100249,2025-04-13 20:05:00,pay,45.75,0.23,utilities,False,COMPLETED,HCMC,organic
T4357,C100459,2025-04-13 20:22:00,bill_pay,42.29,0.13,education,False,COMPLETED,Hanoi,campaign
T4147,C100435,2025-04-13 20:38:00,savings,72.75,0.0,entertainment,True,COMPLETED,Hanoi,paid
T4453,C100475,2025-04-14 09:06:00,savings,45.72,0.0,electronics,False,COMPLETED,HCMC,paid
T5271,C100563,2025-04-14 09:16:00,pay,62.01,0.31,food_delivery,False,COMPLETED,HCMC,referral
T4641,C100495,2025-04-14 09:24:00,transfer,10.51,0.02,other,True,COMPLETED,Hanoi,organic
T4688,C100500,2025-04-14 09:36:00,bill_pay,11.88,0.04,transport,True,COMPLETED,HCMC,campaign
T2187,C100249,2025-04-14 10:07:00,pay,49.69,0.25,health,False,COMPLETED,HCMC,organic
T6922,C100739,2025-04-14 10:11:00,pay,43.21,0.22,food_delivery,False,COMPLETED,HCMC,referral
T5258,C100559,2025-04-14 11:41:00,transfer,27.18,0.05,entertainment,False,COMPLETED,HCMC,referral
T2254,C100256,2025-04-14 12:44:00,savings,58.59,0.0,groceries,True,COMPLETED,HCMC,organic
T5593,C100595,2025-04-14 13:08:00,pay,11.13,0.06,health,False,COMPLETED,HCMC,referral
T6517,C100691,2025-04-14 14:45:00,pay,49.21,0.25,other,False,COMPLETED,Hanoi,paid
T1645,C100186,2025-04-14 15:05:00,transfer,19.39,0.04,entertainment,False,FAILED,HCMC,referral
T736,C100080,2025-04-14 15:16:00,transfer,49.09,0.1,electronics,False,COMPLETED,HCMC,referral
T6627,C100712,2025-04-14 15:22:00,transfer,13.92,0.03,utilities,False,COMPLETED,CanTho,paid
T3876,C100405,2025-04-14 15:43:00,pay,37.02,0.19,transport,True,COMPLETED,HCMC,campaign
T6553,C100696,2025-04-14 15:53:00,pay,15.9,0.08,transport,False,COMPLETED,DaNang,paid
T4432,C100467,2025-04-14 15:57:00,transfer,24.64,0.05,groceries,False,COMPLETED,Hanoi,organic
T5916,C100633,2025-04-14 16:36:00,pay,23.69,0.12,fashion,False,COMPLETED,HCMC,organic
T6786,C100729,2025-04-14 17:20:00,savings,29.37,0.0,utilities,True,COMPLETED,Hanoi,paid
T6639,C100712,2025-04-14 17:23:00,transfer,38.22,0.08,fashion,False,COMPLETED,CanTho,paid
T6930,C100740,2025-04-14 18:41:00,pay,23.82,0.12,food_delivery,False,COMPLETED,HaiPhong,campaign
T2202,C100249,2025-04-14 19:22:00,savings,16.55,0.0,transport,False,COMPLETED,HCMC,organic
T1533,C100173,2025-04-14 19:26:00,transfer,21.67,0.04,fashion,False,FAILED,HCMC,organic
T3043,C100325,2025-04-14 19:31:00,savings,27.75,0.0,transport,False,COMPLETED,HCMC,referral
T4161,C100435,2025-04-14 19:49:00,transfer,20.02,0.04,electronics,False,COMPLETED,Hanoi,paid
T2214,C100252,2025-04-14 20:00:00,savings,41.14,0.0,transport,False,COMPLETED,DaNang,paid
T3603,C100377,2025-04-14 20:24:00,pay,36.24,0.18,electronics,False,COMPLETED,HCMC,referral
T6498,C100690,2025-04-14 20:54:00,savings,80.99,0.0,electronics,False,COMPLETED,HCMC,paid
T1221,C100133,2025-04-14 20:58:00,transfer,40.96,0.08,education,False,COMPLETED,Hanoi,referral
T3675,C100388,2025-04-15 09:27:00,pay,39.01,0.2,utilities,False,COMPLETED,HCMC,referral
T6586,C100706,2025-04-15 09:50:00,bill_pay,142.61,0.43,transport,False,COMPLETED,Hanoi,referral
T6145,C100651,2025-04-15 10:04:00,pay,39.67,0.2,utilities,True,COMPLETED,HCMC,referral
T2892,C100308,2025-04-15 10:13:00,savings,17.61,0.0,utilities,True,COMPLETED,HCMC,paid
T346,C100038,2025-04-15 10:42:00,pay,10.33,0.05,fashion,True,COMPLETED,HCMC,organic
T6842,C100733,2025-04-15 12:04:00,pay,39.72,0.2,food_delivery,False,COMPLETED,HCMC,paid
T4157,C100435,2025-04-15 12:31:00,transfer,28.51,0.06,electronics,True,COMPLETED,Hanoi,paid
T5777,C100616,2025-04-15 13:47:00,transfer,12.1,0.02,transport,True,COMPLETED,DaNang,campaign
T52,C100009,2025-04-15 14:08:00,transfer,61.66,0.12,health,True,COMPLETED,Hanoi,organic
T5052,C100542,2025-04-15 14:27:00,pay,22.24,0.11,food_delivery,False,COMPLETED,HCMC,organic
T5202,C100553,2025-04-15 15:21:00,topup,29.75,0.03,groceries,True,COMPLETED,HCMC,organic
T6563,C100697,2025-04-15 15:29:00,transfer,42.14,0.08,education,True,COMPLETED,Hanoi,campaign
T2094,C100237,2025-04-15 15:37:00,pay,12.35,0.06,groceries,False,COMPLETED,HCMC,campaign
T406,C100042,2025-04-15 15:49:00,savings,9.09,0.0,other,False,COMPLETED,HCMC,organic
T13,C100003,2025-04-15 16:03:00,transfer,21.89,0.04,groceries,False,COMPLETED,Hanoi,organic
T3815,C100400,2025-04-15 16:32:00,transfer,24.77,0.05,utilities,True,COMPLETED,Hanoi,organic
T5561,C100592,2025-04-15 16:33:00,savings,10.26,0.0,groceries,False,COMPLETED,HCMC,organic
T3625,C100385,2025-04-15 18:04:00,pay,18.9,0.09,groceries,False,COMPLETED,Hanoi,referral
T6861,C100734,2025-04-15 18:48:00,transfer,23.46,0.05,other,False,COMPLETED,HCMC,organic
T4092,C100425,2025-04-15 19:37:00,pay,19.4,0.1,utilities,True,COMPLETED,HCMC,organic
T1167,C100129,2025-04-15 20:04:00,transfer,50.88,0.1,electronics,True,COMPLETED,HCMC,organic
T650,C100068,2025-04-15 20:05:00,savings,101.19,0.0,entertainment,False,COMPLETED,HCMC,organic
T3007,C100318,2025-04-15 20:10:00,pay,18.26,0.09,utilities,False,COMPLETED,CanTho,organic
T6792,C100729,2025-04-15 20:20:00,savings,82.65,0.0,other,False,COMPLETED,Hanoi,paid
T3723,C100391,2025-04-15 20:38:00,transfer,31.02,0.06,education,True,COMPLETED,HCMC,organic
T6207,C100660,2025-04-15 20:42:00,pay,82.35,0.41,other,True,COMPLETED,HCMC,organic
T216,C100029,2025-04-16 09:03:00,topup,83.16,0.08,fashion,True,COMPLETED,HaiPhong,organic
T7015,C100749,2025-04-16 09:19:00,transfer,5.35,0.01,education,True,COMPLETED,HCMC,paid
T6890,C100738,2025-04-16 09:34:00,invest,38.42,0.02,utilities,True,COMPLETED,HCMC,organic
T4322,C100452,2025-04-16 10:40:00,invest,93.93,0.05,food_delivery,True,FAILED,Hanoi,organic
T4067,C100424,2025-04-16 11:14:00,transfer,62.05,0.12,entertainment,False,COMPLETED,HaiPhong,organic
T1721,C100196,2025-04-16 11:45:00,pay,131.15,0.66,education,False,COMPLETED,HCMC,organic
T4808,C100517,2025-04-16 12:21:00,topup,16.25,0.02,entertainment,False,COMPLETED,Hanoi,organic
T6749,C100726,2025-04-16 12:36:00,pay,31.04,0.16,electronics,False,COMPLETED,Hanoi,organic
T1297,C100143,2025-04-16 14:16:00,pay,25.98,0.13,other,False,COMPLETED,HCMC,organic
T5933,C100633,2025-04-16 15:10:00,pay,78.79,0.39,utilities,False,COMPLETED,HCMC,organic
T3672,C100388,2025-04-16 15:18:00,transfer,13.32,0.03,food_delivery,False,COMPLETED,HCMC,referral
T4202,C100438,2025-04-16 15:34:00,transfer,12.3,0.02,groceries,True,COMPLETED,HCMC,paid
T5870,C100626,2025-04-16 15:56:00,bill_pay,24.47,0.07,groceries,True,FAILED,HCMC,referral
T1601,C100179,2025-04-16 17:18:00,invest,106.82,0.05,utilities,True,COMPLETED,HCMC,paid
T3415,C100360,2025-04-16 17:25:00,savings,17.44,0.0,food_delivery,False,COMPLETED,HaiPhong,campaign
T642,C100066,2025-04-16 17:56:00,transfer,34.5,0.07,education,True,COMPLETED,HCMC,referral
T5501,C100588,2025-04-16 18:24:00,pay,37.71,0.19,electronics,False,COMPLETED,HCMC,organic
T3411,C100360,2025-04-16 19:53:00,transfer,14.7,0.03,groceries,False,COMPLETED,HaiPhong,campaign
T2596,C100284,2025-04-16 20:39:00,savings,18.16,0.0,utilities,True,COMPLETED,HaiPhong,paid
T5796,C100620,2025-04-16 20:50:00,pay,49.74,0.25,groceries,False,COMPLETED,HCMC,organic
T1472,C100169,2025-04-17 09:07:00,pay,27.83,0.14,other,True,COMPLETED,Hanoi,referral
T6176,C100657,2025-04-17 09:10:00,savings,63.68,0.0,health,True,COMPLETED,Hanoi,paid
T6810,C100730,2025-04-17 10:29:00,bill_pay,52.35,0.16,fashion,True,COMPLETED,DaNang,organic
T5687,C100603,2025-04-17 11:19:00,topup,60.32,0.06,entertainment,False,COMPLETED,HCMC,organic
T6425,C100685,2025-04-17 12:01:00,pay,42.82,0.21,health,True,COMPLETED,HCMC,organic
T6933,C100743,2025-04-17 12:05:00,pay,9.59,0.05,transport,True,COMPLETED,HaiPhong,organic
T6075,C100646,2025-04-17 12:06:00,pay,8.49,0.04,electronics,False,COMPLETED,Hanoi,paid
T4095,C100425,2025-04-17 13:33:00,pay,24.59,0.12,transport,False,COMPLETED,HCMC,organic
T5516,C100589,2025-04-17 13:55:00,savings,15.19,0.0,fashion,True,COMPLETED,HCMC,organic
T7099,C100755,2025-04-17 14:26:00,pay,17.29,0.09,entertainment,False,COMPLETED,DaNang,paid
T3423,C100360,2025-04-17 14:59:00,pay,33.82,0.17,transport,True,COMPLETED,HaiPhong,campaign
T2428,C100269,2025-04-17 15:27:00,pay,16.94,0.08,entertainment,True,COMPLETED,Hanoi,organic
T2568,C100278,2025-04-17 15:48:00,transfer,84.03,0.17,food_delivery,False,COMPLETED,HCMC,paid
T585,C100056,2025-04-17 15:48:00,transfer,11.48,0.02,fashion,False,COMPLETED,DaNang,paid
T3493,C100367,2025-04-17 17:48:00,pay,46.84,0.23,entertainment,False,COMPLETED,HCMC,paid
T6828,C100732,2025-04-17 17:54:00,transfer,20.58,0.04,other,False,COMPLETED,Hanoi,paid
T3180,C100337,2025-04-17 18:33:00,transfer,42.48,0.08,electronics,True,COMPLETED,CanTho,referral
T6546,C100695,2025-04-17 18:56:00,transfer,18.38,0.04,utilities,False,COMPLETED,HCMC,organic
T6966,C100745,2025-04-17 19:37:00,transfer,13.05,0.03,fashion,False,FAILED,HaiPhong,organic
T6703,C100721,2025-04-17 20:08:00,pay,23.7,0.12,groceries,True,COMPLETED,HCMC,campaign
T4918,C100526,2025-04-17 20:36:00,pay,43.41,0.22,food_delivery,False,COMPLETED,HCMC,paid
T3358,C100356,2025-04-17 20:46:00,pay,13.57,0.07,health,False,COMPLETED,HCMC,organic
T1928,C100217,2025-04-18 09:21:00,pay,26.42,0.13,groceries,True,COMPLETED,HCMC,paid
T563,C100054,2025-04-18 09:57:00,pay,64.78,0.32,fashion,False,COMPLETED,DaNang,paid
T5068,C100542,2025-04-18 10:02:00,pay,37.34,0.19,electronics,True,COMPLETED,HCMC,organic
T4268,C100446,2025-04-18 10:11:00,invest,44.1,0.02,transport,False,COMPLETED,HCMC,organic
T4279,C100451,2025-04-18 10:31:00,pay,20.14,0.1,transport,False,COMPLETED,Hanoi,organic
T5357,C100572,2025-04-18 10:35:00,transfer,36.87,0.07,groceries,True,COMPLETED,HCMC,organic
T4673,C100497,2025-04-18 11:09:00,savings,44.64,0.0,entertainment,False,COMPLETED,HaiPhong,organic
T5868,C100626,2025-04-18 11:20:00,savings,31.2,0.0,utilities,True,COMPLETED,HCMC,referral
T1335,C100154,2025-04-18 11:24:00,pay,12.06,0.06,entertainment,True,COMPLETED,Hanoi,organic
T7064,C100753,2025-04-18 12:42:00,pay,63.72,0.32,transport,True,COMPLETED,Hanoi,paid
T5039,C100538,2025-04-18 13:02:00,savings,151.43,0.0,electronics,False,COMPLETED,HaiPhong,organic
T675,C100072,2025-04-18 13:36:00,pay,29.31,0.15,other,False,COMPLETED,HCMC,organic
T4253,C100444,2025-04-18 14:07:00,transfer,68.01,0.14,entertainment,False,COMPLETED,Hanoi,organic
T1067,C100120,2025-04-18 14:35:00,pay,27.81,0.14,education,False,COMPLETED,HCMC,paid
T5001,C100534,2025-04-18 14:36:00,pay,13.5,0.07,groceries,False,COMPLETED,HaiPhong,organic
T6187,C100658,2025-04-18 14:41:00,bill_pay,41.3,0.12,entertainment,True,COMPLETED,Hanoi,paid
T4782,C100515,2025-04-18 15:07:00,bill_pay,110.43,0.33,entertainment,False,COMPLETED,Hanoi,paid
T6762,C100728,2025-04-18 15:15:00,transfer,77.88,0.16,utilities,True,COMPLETED,HaiPhong,paid
T3892,C100408,2025-04-18 15:19:00,pay,62.73,0.31,health,True,COMPLETED,HaiPhong,organic
T6766,C100728,2025-04-18 15:37:00,pay,54.61,0.27,groceries,True,COMPLETED,HaiPhong,paid
T2527,C100275,2025-04-18 15:58:00,transfer,43.8,0.09,electronics,True,COMPLETED,Hanoi,paid
T5103,C100546,2025-04-18 16:05:00,transfer,87.84,0.18,health,True,COMPLETED,HCMC,paid
T7017,C100749,2025-04-18 16:13:00,pay,82.9,0.41,education,False,COMPLETED,HCMC,paid
T5595,C100595,2025-04-18 16:16:00,transfer,35.66,0.07,health,True,COMPLETED,HCMC,referral
T4766,C100512,2025-04-18 17:27:00,pay,23.34,0.12,electronics,False,COMPLETED,HCMC,campaign
T2894,C100308,2025-04-18 19:48:00,savings,29.79,0.0,health,False,COMPLETED,HCMC,paid
T5299,C100565,2025-04-18 19:51:00,transfer,14.92,0.03,groceries,False,COMPLETED,DaNang,organic
T4113,C100427,2025-04-18 20:54:00,transfer,63.97,0.13,food_delivery,False,COMPLETED,HCMC,paid
T4715,C100503,2025-04-18 20:57:00,transfer,8.97,0.02,food_delivery,False,COMPLETED,Hanoi,organic
T6684,C100719,2025-04-19 09:39:00,savings,64.83,0.0,electronics,True,COMPLETED,DaNang,campaign
T4107,C100425,2025-04-19 11:19:00,transfer,97.87,0.2,other,False,COMPLETED,HCMC,organic
T3463,C100366,2025-04-19 11:51:00,bill_pay,13.15,0.04,food_delivery,False,COMPLETED,Hanoi,organic
T4591,C100488,2025-04-19 13:26:00,savings,15.55,0.0,other,True,COMPLETED,CanTho,organic
T4812,C100517,2025-04-19 13:31:00,savings,17.23,0.0,entertainment,False,COMPLETED,Hanoi,organic
T4565,C100485,2025-04-19 14:25:00,transfer,468.07,0.94,health,False,COMPLETED,HCMC,organic
T5771,C100616,2025-04-19 14:50:00,pay,38.72,0.19,fashion,False,COMPLETED,DaNang,campaign
T4980,C100533,2025-04-19 15:52:00,invest,27.37,0.01,electronics,False,COMPLETED,Hanoi,paid
T5693,C100603,2025-04-19 15:53:00,bill_pay,14.93,0.04,fashion,False,COMPLETED,HCMC,organic
T4083,C100425,2025-04-19 17:00:00,transfer,86.36,0.17,fashion,False,COMPLETED,HCMC,organic
T6677,C100719,2025-04-19 17:09:00,pay,81.23,0.41,other,True,COMPLETED,DaNang,campaign
T2383,C100266,2025-04-19 17:12:00,savings,15.0,0.0,education,False,COMPLETED,Hanoi,organic
T6694,C100721,2025-04-19 17:50:00,transfer,15.89,0.03,health,True,COMPLETED,HCMC,campaign
T1691,C100193,2025-04-19 19:21:00,savings,61.96,0.0,education,False,COMPLETED,HCMC,paid
T6466,C100687,2025-04-19 19:57:00,transfer,8.75,0.02,utilities,False,COMPLETED,Hanoi,campaign
T3025,C100320,2025-04-19 20:14:00,transfer,7.89,0.02,food_delivery,False,COMPLETED,CanTho,organic
T6038,C100642,2025-04-20 09:03:00,transfer,50.67,0.1,utilities,True,COMPLETED,HCMC,organic
T3436,C100363,2025-04-20 09:06:00,bill_pay,26.35,0.08,electronics,True,COMPLETED,HCMC,paid
T2964,C100312,2025-04-20 09:30:00,bill_pay,14.84,0.04,transport,False,COMPLETED,HCMC,campaign
T2908,C100309,2025-04-20 09:44:00,pay,21.88,0.11,food_delivery,False,COMPLETED,HCMC,paid
T4558,C100484,2025-04-20 10:43:00,transfer,39.91,0.08,transport,True,FAILED,HCMC,referral
T6980,C100746,2025-04-20 11:01:00,pay,26.34,0.13,groceries,False,COMPLETED,HaiPhong,organic
T2071,C100236,2025-04-20 11:39:00,transfer,15.74,0.03,health,False,COMPLETED,CanTho,organic
T6121,C100649,2025-04-20 12:20:00,transfer,34.5,0.07,utilities,False,COMPLETED,HCMC,organic
T2042,C100231,2025-04-20 12:46:00,transfer,75.01,0.15,transport,True,COMPLETED,HCMC,paid
T776,C100083,2025-04-20 13:17:00,savings,78.04,0.0,electronics,True,COMPLETED,HCMC,paid
T217,C100029,2025-04-20 14:17:00,pay,10.47,0.05,health,True,COMPLETED,HaiPhong,organic
T3369,C100357,2025-04-20 15:44:00,transfer,22.37,0.04,utilities,False,COMPLETED,DaNang,campaign
T6205,C100658,2025-04-20 15:46:00,pay,61.67,0.31,electronics,True,COMPLETED,Hanoi,paid
T5526,C100589,2025-04-20 16:17:00,savings,20.44,0.0,health,True,COMPLETED,HCMC,organic
T3461,C100366,2025-04-20 16:49:00,pay,55.91,0.28,education,True,COMPLETED,Hanoi,organic
T6052,C100645,2025-04-20 17:12:00,transfer,18.91,0.04,transport,False,COMPLETED,HCMC,organic
T5401,C100576,2025-04-20 17:44:00,savings,32.23,0.0,education,False,COMPLETED,HCMC,referral
T2061,C100236,2025-04-20 18:25:00,pay,26.42,0.13,utilities,False,COMPLETED,CanTho,organic
T6540,C100695,2025-04-20 19:17:00,transfer,5.92,0.01,entertainment,True,COMPLETED,HCMC,organic
T6058,C100645,2025-04-20 19:32:00,bill_pay,40.65,0.12,groceries,False,COMPLETED,HCMC,organic
T3093,C100330,2025-04-20 19:48:00,savings,37.02,0.0,utilities,False,COMPLETED,CanTho,paid
T6519,C100691,2025-04-20 20:14:00,savings,26.1,0.0,groceries,False,COMPLETED,Hanoi,paid
T2861,C100307,2025-04-20 20:18:00,pay,37.1,0.19,education,False,COMPLETED,HCMC,organic
T3823,C100402,2025-04-20 20:23:00,bill_pay,41.34,0.12,groceries,False,COMPLETED,Hanoi,paid
T5919,C100633,2025-04-20 20:41:00,pay,21.21,0.11,utilities,False,COMPLETED,HCMC,organic
T5985,C100636,2025-04-21 11:20:00,pay,31.33,0.16,utilities,False,COMPLETED,DaNang,referral
T5540,C100590,2025-04-21 11:29:00,savings,25.79,0.0,electronics,False,COMPLETED,HCMC,paid
T6533,C100692,2025-04-21 12:58:00,pay,18.1,0.09,electronics,True,COMPLETED,HCMC,paid
T1878,C100209,2025-04-21 13:33:00,pay,10.25,0.05,utilities,True,COMPLETED,CanTho,organic
T678,C100072,2025-04-21 13:49:00,pay,48.03,0.24,fashion,True,COMPLETED,HCMC,organic
T1627,C100184,2025-04-21 13:53:00,pay,8.8,0.04,health,True,COMPLETED,HaiPhong,organic
T4831,C100518,2025-04-21 14:09:00,pay,23.06,0.12,groceries,False,COMPLETED,DaNang,organic
T5966,C100635,2025-04-21 14:54:00,bill_pay,17.15,0.05,health,False,COMPLETED,HCMC,campaign
T3844,C100404,2025-04-21 15:10:00,savings,30.44,0.0,transport,False,COMPLETED,HCMC,organic
T6773,C100728,2025-04-21 15:19:00,pay,35.5,0.18,utilities,True,COMPLETED,HaiPhong,paid
T6307,C100672,2025-04-21 16:06:00,savings,17.11,0.0,electronics,False,COMPLETED,CanTho,paid
T2374,C100265,2025-04-21 16:07:00,bill_pay,56.76,0.17,groceries,False,COMPLETED,Hanoi,organic
T4810,C100517,2025-04-21 16:24:00,pay,51.55,0.26,other,False,COMPLETED,Hanoi,organic
T5621,C100597,2025-04-21 16:49:00,pay,18.44,0.09,utilities,False,COMPLETED,HCMC,paid
T4793,C100516,2025-04-21 16:58:00,bill_pay,40.82,0.12,electronics,True,COMPLETED,Hanoi,referral
T1610,C100179,2025-04-21 18:02:00,pay,50.48,0.25,electronics,True,COMPLETED,HCMC,paid
T1174,C100131,2025-04-21 18:16:00,pay,38.73,0.19,fashion,False,COMPLETED,HCMC,paid
T5764,C100614,2025-04-21 18:57:00,transfer,10.29,0.02,utilities,False,COMPLETED,HCMC,organic
T5877,C100626,2025-04-21 19:09:00,topup,69.22,0.07,food_delivery,False,COMPLETED,HCMC,referral
T1105,C100121,2025-04-21 19:12:00,pay,46.21,0.23,fashion,True,COMPLETED,HCMC,organic
T4171,C100436,2025-04-21 19:12:00,transfer,11.12,0.02,food_delivery,True,FAILED,HCMC,organic
T3705,C100390,2025-04-21 20:36:00,topup,3.34,0.0,utilities,False,COMPLETED,HCMC,paid
T6920,C100739,2025-04-21 20:37:00,pay,17.59,0.09,health,False,COMPLETED,HCMC,referral
T6434,C100685,2025-04-21 20:45:00,transfer,11.15,0.02,health,False,COMPLETED,HCMC,organic
T5402,C100576,2025-04-21 20:57:00,pay,63.25,0.32,food_delivery,True,COMPLETED,HCMC,referral
T6717,C100725,2025-04-22 10:03:00,transfer,16.87,0.03,education,False,COMPLETED,HCMC,referral
T5005,C100535,2025-04-22 10:18:00,pay,83.49,0.42,education,False,FAILED,HCMC,organic
T5446,C100581,2025-04-22 11:07:00,transfer,11.64,0.02,fashion,False,COMPLETED,HCMC,referral
T5924,C100633,2025-04-22 11:23:00,pay,18.98,0.09,food_delivery,True,COMPLETED,HCMC,organic
T4027,C100420,2025-04-22 11:41:00,pay,45.09,0.23,groceries,True,COMPLETED,HCMC,organic
T5477,C100584,2025-04-22 12:04:00,transfer,11.51,0.02,education,False,COMPLETED,CanTho,organic
T2026,C100231,2025-04-22 12:58:00,transfer,75.04,0.15,education,False,COMPLETED,HCMC,paid
T4525,C100481,2025-04-22 13:15:00,pay,6.48,0.03,fashion,False,COMPLETED,Hanoi,organic
T6631,C100712,2025-04-22 14:14:00,transfer,50.18,0.1,health,False,COMPLETED,CanTho,paid
T5817,C100622,2025-04-22 14:17:00,transfer,42.57,0.09,transport,False,COMPLETED,HCMC,paid
T6097,C100647,2025-04-22 15:02:00,topup,61.7,0.06,education,False,COMPLETED,CanTho,campaign
T6551,C100696,2025-04-22 15:29:00,transfer,41.35,0.08,health,True,COMPLETED,DaNang,paid
T4360,C100459,2025-04-22 15:46:00,invest,15.34,0.01,health,True,COMPLETED,Hanoi,campaign
T5636,C100601,2025-04-22 16:27:00,bill_pay,44.62,0.13,fashion,False,COMPLETED,Hanoi,organic
T6777,C100728,2025-04-22 16:35:00,savings,42.79,0.0,fashion,False,COMPLETED,HaiPhong,paid
T3840,C100403,2025-04-22 16:39:00,savings,12.86,0.0,health,True,COMPLETED,HCMC,paid
T4704,C100501,2025-04-22 17:46:00,savings,45.52,0.0,groceries,False,COMPLETED,HCMC,organic
T5167,C100551,2025-04-22 17:49:00,topup,93.84,0.09,entertainment,False,COMPLETED,Hanoi,paid
T2283,C100257,2025-04-22 18:48:00,pay,30.4,0.15,groceries,False,COMPLETED,DaNang,paid
T6512,C100691,2025-04-22 20:18:00,bill_pay,39.45,0.12,education,True,COMPLETED,Hanoi,paid
T3747,C100395,2025-04-22 20:19:00,transfer,9.35,0.02,transport,False,COMPLETED,Hanoi,organic
T1588,C100176,2025-04-22 20:44:00,savings,15.92,0.0,utilities,False,COMPLETED,Hanoi,referral
T4978,C100533,2025-04-22 20:52:00,savings,49.07,0.0,entertainment,False,COMPLETED,Hanoi,paid
T5345,C100571,2025-04-22 20:55:00,savings,17.03,0.0,electronics,True,COMPLETED,HCMC,paid
T6568,C100704,2025-04-22 20:57:00,transfer,5.6,0.01,education,False,COMPLETED,HaiPhong,paid
T2297,C100258,2025-04-23 09:46:00,transfer,6.03,0.01,fashion,True,COMPLETED,HCMC,paid
T2197,C100249,2025-04-23 09:58:00,transfer,35.64,0.07,other,True,COMPLETED,HCMC,organic
T6971,C100746,2025-04-23 10:21:00,transfer,51.61,0.1,electronics,False,FAILED,HaiPhong,organic
T6389,C100683,2025-04-23 10:30:00,pay,34.84,0.17,education,False,COMPLETED,HCMC,organic
T6170,C100657,2025-04-23 10:56:00,transfer,29.86,0.06,groceries,False,COMPLETED,Hanoi,paid
T6192,C100658,2025-04-23 10:59:00,pay,24.96,0.12,utilities,True,COMPLETED,Hanoi,paid
T6325,C100678,2025-04-23 13:08:00,transfer,57.23,0.11,utilities,False,COMPLETED,HCMC,referral
T1149,C100128,2025-04-23 13:44:00,pay,37.42,0.19,utilities,False,COMPLETED,HCMC,organic
T1810,C100204,2025-04-23 13:51:00,pay,71.43,0.36,health,False,COMPLETED,Hanoi,campaign
T7026,C100750,2025-04-23 13:56:00,bill_pay,60.78,0.18,food_delivery,True,COMPLETED,HCMC,organic
T7182,C100762,2025-04-23 15:05:00,transfer,11.45,0.02,transport,False,COMPLETED,Hanoi,organic
T6480,C100688,2025-04-23 16:05:00,pay,163.61,0.82,health,False,COMPLETED,CanTho,organic
T5794,C100620,2025-04-23 18:01:00,pay,33.05,0.17,other,False,FAILED,HCMC,organic
T2668,C100291,2025-04-23 18:40:00,invest,284.37,0.14,education,False,FAILED,HCMC,organic
T2798,C100299,2025-04-23 19:24:00,transfer,11.66,0.02,entertainment,False,COMPLETED,HCMC,organic
T5773,C100616,2025-04-23 19:26:00,savings,59.35,0.0,entertainment,True,COMPLETED,DaNang,campaign
T6645,C100714,2025-04-23 20:08:00,transfer,24.93,0.05,entertainment,True,COMPLETED,Hanoi,referral
T997,C100115,2025-04-23 20:34:00,transfer,109.78,0.22,food_delivery,True,COMPLETED,HCMC,referral
T4589,C100488,2025-04-23 20:37:00,savings,26.01,0.0,fashion,True,COMPLETED,CanTho,organic
T5801,C100620,2025-04-24 09:30:00,transfer,87.91,0.18,transport,True,FAILED,HCMC,organic
T2443,C100269,2025-04-24 09:42:00,pay,17.55,0.09,education,False,COMPLETED,Hanoi,organic
T4308,C100452,2025-04-24 10:30:00,pay,30.15,0.15,health,False,COMPLETED,Hanoi,organic
T7130,C100757,2025-04-24 11:18:00,transfer,61.82,0.12,transport,False,COMPLETED,Hanoi,referral
T2055,C100236,2025-04-24 11:18:00,transfer,19.54,0.04,transport,True,COMPLETED,CanTho,organic
T4337,C100456,2025-04-24 12:09:00,savings,16.66,0.0,education,True,COMPLETED,HCMC,organic
T2341,C100264,2025-04-24 12:56:00,pay,9.71,0.05,fashion,False,COMPLETED,HCMC,organic
T5849,C100623,2025-04-24 13:10:00,pay,35.32,0.18,transport,True,COMPLETED,HCMC,paid
T5230,C100556,2025-04-24 13:22:00,pay,46.81,0.23,other,False,COMPLETED,Hanoi,paid
T191,C100025,2025-04-24 13:36:00,pay,28.08,0.14,food_delivery,False,COMPLETED,CanTho,paid
T1568,C100175,2025-04-24 14:33:00,pay,57.11,0.29,fashion,True,COMPLETED,HaiPhong,campaign
T3608,C100377,2025-04-24 14:55:00,pay,22.31,0.11,transport,False,COMPLETED,HCMC,referral
T3327,C100353,2025-04-24 15:17:00,savings,95.05,0.0,education,False,COMPLETED,HaiPhong,paid
T6455,C100686,2025-04-24 15:17:00,pay,82.23,0.41,transport,False,COMPLETED,CanTho,organic
T1418,C100164,2025-04-24 15:33:00,pay,27.79,0.14,groceries,True,COMPLETED,CanTho,referral
T1697,C100194,2025-04-24 15:49:00,transfer,69.83,0.14,education,True,COMPLETED,HCMC,referral
T2156,C100246,2025-04-24 16:25:00,pay,88.86,0.44,utilities,True,COMPLETED,HCMC,referral
T1272,C100140,2025-04-24 16:28:00,pay,28.15,0.14,electronics,True,COMPLETED,HaiPhong,paid
T4755,C100511,2025-04-24 16:34:00,pay,28.43,0.14,groceries,True,COMPLETED,HCMC,organic
T6281,C100670,2025-04-24 16:57:00,transfer,10.93,0.02,other,False,COMPLETED,HCMC,paid
T4369,C100460,2025-04-24 16:57:00,bill_pay,9.11,0.03,utilities,False,COMPLETED,HCMC,organic
T2420,C100268,2025-04-24 17:08:00,pay,36.45,0.18,other,True,COMPLETED,Hanoi,referral
T5136,C100548,2025-04-24 17:11:00,transfer,20.93,0.04,groceries,False,COMPLETED,Hanoi,referral
T4076,C100424,2025-04-24 17:33:00,transfer,24.17,0.05,education,False,COMPLETED,HaiPhong,organic
T6549,C100695,2025-04-24 18:24:00,transfer,33.42,0.07,food_delivery,True,COMPLETED,HCMC,organic
T2255,C100256,2025-04-24 18:55:00,bill_pay,40.09,0.12,entertainment,True,COMPLETED,HCMC,organic
T6122,C100649,2025-04-24 19:19:00,pay,28.4,0.14,entertainment,False,COMPLETED,HCMC,organic
T6515,C100691,2025-04-24 20:55:00,pay,19.65,0.1,health,False,COMPLETED,Hanoi,paid
T3738,C100391,2025-04-25 09:36:00,pay,33.04,0.17,transport,False,COMPLETED,HCMC,organic
T2499,C100272,2025-04-25 10:01:00,pay,52.72,0.26,utilities,False,COMPLETED,Hanoi,referral
T3503,C100367,2025-04-25 10:12:00,transfer,15.06,0.03,health,True,COMPLETED,HCMC,paid
T2244,C100256,2025-04-25 11:01:00,pay,36.24,0.18,transport,False,COMPLETED,HCMC,organic
T1973,C100222,2025-04-25 11:29:00,bill_pay,17.36,0.05,food_delivery,True,COMPLETED,DaNang,organic
T4560,C100484,2025-04-25 11:37:00,pay,21.66,0.11,food_delivery,True,COMPLETED,HCMC,referral
T2064,C100236,2025-04-25 12:17:00,topup,44.56,0.04,fashion,True,COMPLETED,CanTho,organic
T6914,C100739,2025-04-25 12:18:00,pay,31.22,0.16,entertainment,True,COMPLETED,HCMC,referral
T3633,C100385,2025-04-25 12:26:00,transfer,17.04,0.03,other,True,COMPLETED,Hanoi,referral
T464,C100045,2025-04-25 12:37:00,invest,61.57,0.03,utilities,False,COMPLETED,CanTho,paid
T1445,C100166,2025-04-25 12:38:00,pay,11.93,0.06,groceries,True,COMPLETED,HCMC,referral
T2370,C100265,2025-04-25 12:48:00,pay,8.53,0.04,food_delivery,False,COMPLETED,Hanoi,organic
T5637,C100601,2025-04-25 13:05:00,pay,27.33,0.14,groceries,False,COMPLETED,Hanoi,organic
T4433,C100467,2025-04-25 13:45:00,savings,31.52,0.0,groceries,False,COMPLETED,Hanoi,organic
T6439,C100685,2025-04-25 13:51:00,transfer,28.03,0.06,groceries,False,COMPLETED,HCMC,organic
T6587,C100706,2025-04-25 15:18:00,pay,57.99,0.29,health,False,COMPLETED,Hanoi,referral
T3620,C100383,2025-04-25 15:26:00,pay,9.19,0.05,utilities,True,COMPLETED,CanTho,organic
T7187,C100762,2025-04-25 15:38:00,savings,17.31,0.0,utilities,False,COMPLETED,Hanoi,organic
T6535,C100695,2025-04-25 16:18:00,transfer,13.81,0.03,health,False,COMPLETED,HCMC,organic
T5883,C100627,2025-04-25 16:51:00,pay,64.39,0.32,utilities,True,COMPLETED,HCMC,organic
T3426,C100360,2025-04-25 16:51:00,pay,21.22,0.11,entertainment,True,COMPLETED,HaiPhong,campaign
T5798,C100620,2025-04-25 16:57:00,savings,35.37,0.0,health,False,COMPLETED,HCMC,organic
T6531,C100692,2025-04-25 17:38:00,pay,62.6,0.31,entertainment,True,COMPLETED,HCMC,paid
T6463,C100687,2025-04-25 17:43:00,pay,29.21,0.15,transport,False,COMPLETED,Hanoi,campaign
T4834,C100518,2025-04-25 18:10:00,bill_pay,55.76,0.17,transport,True,COMPLETED,DaNang,organic
T6974,C100746,2025-04-25 18:28:00,savings,54.01,0.0,electronics,True,COMPLETED,HaiPhong,organic
T1510,C100171,2025-04-25 18:47:00,pay,6.03,0.03,food_delivery,True,COMPLETED,HCMC,organic
T3763,C100395,2025-04-25 18:57:00,pay,73.73,0.37,education,True,COMPLETED,Hanoi,organic
T3610,C100380,2025-04-25 20:02:00,savings,25.95,0.0,groceries,True,COMPLETED,HCMC,referral
T3560,C100374,2025-04-25 20:02:00,pay,11.14,0.06,other,False,COMPLETED,Hanoi,referral
T292,C100035,2025-04-25 20:51:00,bill_pay,16.32,0.05,groceries,True,COMPLETED,HCMC,organic
T2954,C100311,2025-04-25 20:54:00,pay,13.17,0.07,entertainment,False,COMPLETED,CanTho,campaign
T3899,C100408,2025-04-26 09:34:00,transfer,9.45,0.02,entertainment,False,COMPLETED,HaiPhong,organic
T6720,C100725,2025-04-26 09:52:00,pay,238.48,1.19,fashion,True,COMPLETED,HCMC,referral
T6932,C100740,2025-04-26 09:58:00,transfer,5.66,0.01,food_delivery,True,COMPLETED,HaiPhong,campaign
T4481,C100478,2025-04-26 10:30:00,pay,33.89,0.17,food_delivery,False,COMPLETED,HCMC,organic
T4233,C100440,2025-04-26 11:30:00,pay,18.16,0.09,electronics,False,COMPLETED,CanTho,campaign
T6594,C100706,2025-04-26 11:54:00,transfer,48.37,0.1,entertainment,True,COMPLETED,Hanoi,referral
T2106,C100238,2025-04-26 12:19:00,transfer,38.47,0.08,groceries,True,COMPLETED,HCMC,paid
T1692,C100193,2025-04-26 12:37:00,pay,8.32,0.04,food_delivery,False,COMPLETED,HCMC,paid
T5149,C100550,2025-04-26 12:53:00,transfer,19.13,0.04,utilities,False,COMPLETED,HCMC,paid
T6341,C100679,2025-04-26 13:05:00,transfer,139.18,0.28,utilities,False,COMPLETED,HCMC,referral
T3842,C100403,2025-04-26 13:37:00,pay,22.94,0.11,transport,False,COMPLETED,HCMC,paid
T1380,C100157,2025-04-26 14:38:00,pay,190.18,0.95,health,False,COMPLETED,Hanoi,referral
T1294,C100143,2025-04-26 15:10:00,transfer,29.67,0.06,groceries,False,COMPLETED,HCMC,organic
T6960,C100745,2025-04-26 15:19:00,transfer,17.52,0.04,fashion,False,COMPLETED,HaiPhong,organic
T7035,C100750,2025-04-26 15:27:00,topup,137.54,0.14,utilities,True,COMPLETED,HCMC,organic
T6530,C100692,2025-04-26 15:28:00,pay,25.1,0.13,transport,True,COMPLETED,HCMC,paid
T1655,C100186,2025-04-26 15:31:00,invest,30.16,0.02,transport,True,COMPLETED,HCMC,referral
T5190,C100553,2025-04-26 16:46:00,savings,12.57,0.0,utilities,False,COMPLETED,HCMC,organic
T484,C100046,2025-04-26 17:09:00,transfer,16.62,0.03,electronics,True,COMPLETED,Hanoi,organic
T1269,C100140,2025-04-26 17:28:00,transfer,45.73,0.09,health,False,COMPLETED,HaiPhong,paid
T2062,C100236,2025-04-26 17:52:00,transfer,18.93,0.04,groceries,False,COMPLETED,CanTho,organic
T5188,C100552,2025-04-26 18:08:00,savings,27.3,0.0,transport,False,COMPLETED,HCMC,organic
T2832,C100304,2025-04-26 18:13:00,savings,28.82,0.0,education,False,COMPLETED,HCMC,organic
T6927,C100739,2025-04-26 19:01:00,topup,15.06,0.02,other,False,COMPLETED,HCMC,referral
T1947,C100219,2025-04-26 20:07:00,transfer,52.58,0.11,other,True,FAILED,CanTho,paid
T7241,C100766,2025-04-26 20:33:00,pay,110.91,0.55,groceries,False,COMPLETED,HCMC,campaign
T3067,C100327,2025-04-27 09:50:00,pay,17.67,0.09,other,True,COMPLETED,Hanoi,organic
T1587,C100176,2025-04-27 09:53:00,savings,49.8,0.0,entertainment,False,COMPLETED,Hanoi,referral
T1830,C100205,2025-04-27 10:26:00,pay,11.01,0.06,fashion,False,COMPLETED,HCMC,organic
T2953,C100311,2025-04-27 10:33:00,pay,28.52,0.14,other,False,COMPLETED,CanTho,campaign
T5630,C100601,2025-04-27 10:56:00,transfer,21.69,0.04,electronics,True,COMPLETED,Hanoi,organic
T3201,C100340,2025-04-27 11:59:00,pay,82.85,0.41,education,False,COMPLETED,HCMC,organic
T2893,C100308,2025-04-27 12:02:00,pay,33.08,0.17,fashion,True,COMPLETED,HCMC,paid
T5367,C100572,2025-04-27 12:09:00,pay,31.26,0.16,electronics,False,COMPLETED,HCMC,organic
T255,C100032,2025-04-27 12:39:00,transfer,15.51,0.03,education,False,COMPLETED,Hanoi,paid
T6699,C100721,2025-04-27 12:48:00,pay,9.61,0.05,transport,True,COMPLETED,HCMC,campaign
T212,C100029,2025-04-27 12:58:00,topup,46.17,0.05,electronics,False,COMPLETED,HaiPhong,organic
T2007,C100229,2025-04-27 16:08:00,pay,18.5,0.09,groceries,True,COMPLETED,HCMC,paid
T5228,C100556,2025-04-27 16:09:00,transfer,44.34,0.09,utilities,False,COMPLETED,Hanoi,paid
T3386,C100359,2025-04-27 16:11:00,pay,8.12,0.04,fashion,True,FAILED,Hanoi,organic
T5972,C100636,2025-04-27 16:39:00,pay,16.31,0.08,utilities,True,COMPLETED,DaNang,referral
T4072,C100424,2025-04-27 16:41:00,invest,29.87,0.01,food_delivery,True,COMPLETED,HaiPhong,organic
T6503,C100691,2025-04-27 16:58:00,transfer,11.66,0.02,utilities,True,COMPLETED,Hanoi,paid
T3920,C100409,2025-04-27 17:13:00,pay,21.57,0.11,other,False,COMPLETED,HCMC,paid
T5571,C100592,2025-04-27 17:35:00,pay,44.83,0.22,electronics,True,COMPLETED,HCMC,organic
T3169,C100334,2025-04-27 18:37:00,pay,24.41,0.12,fashion,True,COMPLETED,HCMC,organic
T3410,C100360,2025-04-27 19:55:00,pay,89.87,0.45,fashion,False,COMPLETED,HaiPhong,campaign
T527,C100049,2025-04-27 19:59:00,pay,33.14,0.17,groceries,False,COMPLETED,HCMC,referral
T5622,C100601,2025-04-27 19:59:00,savings,37.87,0.0,electronics,False,COMPLETED,Hanoi,organic
T6195,C100658,2025-04-28 10:05:00,transfer,93.32,0.19,groceries,False,COMPLETED,Hanoi,paid
T3316,C100352,2025-04-28 10:09:00,pay,34.4,0.17,transport,True,COMPLETED,CanTho,paid
T1863,C100208,2025-04-28 11:18:00,pay,175.13,0.88,groceries,False,COMPLETED,Hanoi,organic
T6698,C100721,2025-04-28 11:50:00,transfer,14.84,0.03,other,False,COMPLETED,HCMC,campaign
T7184,C100762,2025-04-28 13:32:00,invest,95.5,0.05,entertainment,False,COMPLETED,Hanoi,organic
T6690,C100721,2025-04-28 14:19:00,transfer,27.79,0.06,utilities,False,COMPLETED,HCMC,campaign
T6106,C100647,2025-04-28 15:18:00,pay,33.86,0.17,education,True,COMPLETED,CanTho,campaign
T5424,C100578,2025-04-28 15:30:00,transfer,41.52,0.08,entertainment,True,COMPLETED,Hanoi,organic
T5889,C100631,2025-04-28 16:20:00,transfer,9.0,0.02,groceries,False,COMPLETED,Hanoi,campaign
T6424,C100685,2025-04-28 16:30:00,pay,33.51,0.17,utilities,False,COMPLETED,HCMC,organic
T3648,C100386,2025-04-28 16:30:00,pay,103.78,0.52,other,False,COMPLETED,HCMC,organic
T5003,C100534,2025-04-28 16:46:00,invest,46.02,0.02,health,False,FAILED,HaiPhong,organic
T3914,C100408,2025-04-28 17:51:00,pay,17.85,0.09,fashion,False,COMPLETED,HaiPhong,organic
T5263,C100561,2025-04-28 18:00:00,savings,20.4,0.0,groceries,True,COMPLETED,CanTho,paid
T7158,C100760,2025-04-28 18:09:00,pay,10.08,0.05,other,False,COMPLETED,DaNang,organic
T1585,C100176,2025-04-28 18:14:00,transfer,29.71,0.06,food_delivery,False,COMPLETED,Hanoi,referral
T2269,C100257,2025-04-28 18:20:00,transfer,26.94,0.05,education,True,COMPLETED,DaNang,paid
T6166,C100654,2025-04-28 18:35:00,transfer,12.14,0.02,fashion,False,COMPLETED,CanTho,organic
T6772,C100728,2025-04-28 18:53:00,transfer,86.92,0.17,utilities,False,COMPLETED,HaiPhong,paid
T2215,C100252,2025-04-28 18:58:00,savings,16.32,0.0,electronics,False,COMPLETED,DaNang,paid
T3953,C100414,2025-04-28 18:59:00,pay,10.24,0.05,groceries,False,COMPLETED,HCMC,paid
T6036,C100642,2025-04-28 19:31:00,transfer,42.27,0.08,utilities,True,COMPLETED,HCMC,organic
T6427,C100685,2025-04-28 19:34:00,bill_pay,23.5,0.07,groceries,False,COMPLETED,HCMC,organic
T6271,C100668,2025-04-28 19:44:00,bill_pay,33.61,0.1,transport,False,COMPLETED,Hanoi,campaign
T4256,C100444,2025-04-28 19:57:00,savings,24.98,0.0,utilities,False,COMPLETED,Hanoi,organic
T6618,C100712,2025-04-28 20:02:00,pay,80.66,0.4,utilities,True,COMPLETED,CanTho,paid
T1917,C100217,2025-04-28 20:10:00,invest,30.2,0.02,other,False,FAILED,HCMC,paid
T4804,C100517,2025-04-28 20:25:00,pay,39.11,0.2,health,False,COMPLETED,Hanoi,organic
T4842,C100518,2025-04-28 20:51:00,transfer,40.33,0.08,transport,False,COMPLETED,DaNang,organic
T6995,C100746,2025-04-29 09:45:00,transfer,47.68,0.1,transport,False,COMPLETED,HaiPhong,organic
T6428,C100685,2025-04-29 10:04:00,pay,90.5,0.45,entertainment,False,COMPLETED,HCMC,organic
T3391,C100359,2025-04-29 11:35:00,pay,20.48,0.1,food_delivery,True,COMPLETED,Hanoi,organic
T6715,C100723,2025-04-29 12:18:00,transfer,7.39,0.01,groceries,False,COMPLETED,HCMC,referral
T3179,C100337,2025-04-29 12:29:00,transfer,22.72,0.05,education,True,COMPLETED,CanTho,referral
T7141,C100757,2025-04-29 12:44:00,transfer,39.97,0.08,utilities,True,COMPLETED,Hanoi,referral
T211,C100029,2025-04-29 13:02:00,pay,15.66,0.08,electronics,False,COMPLETED,HaiPhong,organic
T4458,C100475,2025-04-29 13:07:00,pay,17.69,0.09,health,True,COMPLETED,HCMC,paid
T3959,C100414,2025-04-29 13:26:00,topup,6.53,0.01,electronics,False,COMPLETED,HCMC,paid
T6940,C100743,2025-04-29 13:34:00,transfer,40.38,0.08,education,False,COMPLETED,HaiPhong,organic
T5393,C100575,2025-04-29 14:35:00,transfer,6.99,0.01,entertainment,False,COMPLETED,HCMC,referral
T6621,C100712,2025-04-29 17:14:00,pay,40.81,0.2,other,True,COMPLETED,CanTho,paid
T4472,C100477,2025-04-29 17:40:00,pay,17.82,0.09,food_delivery,False,COMPLETED,CanTho,paid
T5706,C100605,2025-04-29 17:44:00,transfer,48.97,0.1,entertainment,True,COMPLETED,Hanoi,campaign
T578,C100056,2025-04-29 17:58:00,transfer,9.41,0.02,food_delivery,False,COMPLETED,DaNang,paid
T3319,C100352,2025-04-29 18:06:00,pay,13.88,0.07,fashion,True,COMPLETED,CanTho,paid
T6349,C100679,2025-04-29 18:12:00,transfer,17.06,0.03,utilities,True,COMPLETED,HCMC,referral
T50,C100009,2025-04-29 19:07:00,bill_pay,9.12,0.03,transport,False,COMPLETED,Hanoi,organic
T5011,C100537,2025-04-29 19:10:00,bill_pay,65.42,0.2,groceries,True,COMPLETED,DaNang,organic
T4550,C100484,2025-04-29 20:52:00,pay,50.57,0.25,fashion,True,COMPLETED,HCMC,referral
T3895,C100408,2025-04-30 09:20:00,savings,12.74,0.0,utilities,False,COMPLETED,HaiPhong,organic
T1642,C100186,2025-04-30 09:40:00,savings,47.75,0.0,groceries,False,COMPLETED,HCMC,referral
T388,C100042,2025-04-30 10:00:00,transfer,53.77,0.11,utilities,False,COMPLETED,HCMC,organic
T1479,C100169,2025-04-30 10:05:00,savings,41.42,0.0,electronics,True,COMPLETED,Hanoi,referral
T3693,C100389,2025-04-30 10:23:00,transfer,23.47,0.05,fashion,False,COMPLETED,Hanoi,referral
T1168,C100129,2025-04-30 10:59:00,savings,49.43,0.0,food_delivery,False,COMPLETED,HCMC,organic
T6626,C100712,2025-04-30 11:00:00,pay,28.57,0.14,groceries,False,COMPLETED,CanTho,paid
T7115,C100756,2025-04-30 11:10:00,savings,5.84,0.0,transport,True,COMPLETED,HCMC,organic
T5086,C100544,2025-04-30 12:58:00,transfer,83.27,0.17,other,False,COMPLETED,DaNang,referral
T6061,C100645,2025-04-30 13:02:00,transfer,49.65,0.1,groceries,True,COMPLETED,HCMC,organic
T4744,C100505,2025-04-30 13:16:00,pay,25.38,0.13,health,False,COMPLETED,HCMC,organic
T4983,C100533,2025-04-30 13:24:00,transfer,72.87,0.15,utilities,True,COMPLETED,Hanoi,paid
T7202,C100762,2025-04-30 15:32:00,savings,22.55,0.0,health,False,COMPLETED,Hanoi,organic
T2797,C100299,2025-04-30 16:19:00,pay,24.24,0.12,entertainment,False,COMPLETED,HCMC,organic
T6557,C100696,2025-04-30 18:24:00,pay,6.28,0.03,other,False,COMPLETED,DaNang,paid
T6351,C100679,2025-04-30 18:36:00,pay,19.29,0.1,education,False,FAILED,HCMC,referral
T4713,C100503,2025-04-30 18:42:00,pay,39.93,0.2,groceries,False,COMPLETED,Hanoi,organic
T3702,C100390,2025-04-30 18:42:00,pay,37.7,0.19,fashion,False,COMPLETED,HCMC,paid
T5709,C100605,2025-04-30 19:28:00,transfer,49.62,0.1,groceries,False,COMPLETED,Hanoi,campaign
T3689,C100389,2025-04-30 19:56:00,bill_pay,19.55,0.06,fashion,False,COMPLETED,Hanoi,referral
T7181,C100762,2025-04-30 20:09:00,savings,31.98,0.0,electronics,False,COMPLETED,Hanoi,organic
T528,C100049,2025-04-30 20:18:00,pay,20.79,0.1,electronics,False,COMPLETED,HCMC,referral
T4950,C100530,2025-05-01 09:49:00,transfer,10.99,0.02,transport,False,COMPLETED,HCMC,paid
T1216,C100133,2025-05-01 10:25:00,savings,10.99,0.0,entertainment,True,COMPLETED,Hanoi,referral
T2623,C100286,2025-05-01 10:49:00,transfer,15.67,0.03,electronics,True,COMPLETED,DaNang,organic
T7151,C100759,2025-05-01 11:08:00,transfer,11.08,0.02,food_delivery,True,COMPLETED,HCMC,organic
T6732,C100725,2025-05-01 11:45:00,pay,45.05,0.23,transport,True,COMPLETED,HCMC,referral
T1683,C100190,2025-05-01 11:48:00,transfer,21.83,0.04,transport,False,COMPLETED,CanTho,referral
T119,C100020,2025-05-01 12:28:00,transfer,15.48,0.03,utilities,True,COMPLETED,CanTho,paid
T904,C100096,2025-05-01 12:53:00,bill_pay,52.62,0.16,entertainment,False,COMPLETED,HCMC,organic
T1206,C100132,2025-05-01 13:02:00,savings,28.62,0.0,electronics,True,COMPLETED,Hanoi,paid
T2691,C100293,2025-05-01 13:34:00,pay,53.07,0.27,groceries,True,COMPLETED,Hanoi,paid
T6344,C100679,2025-05-01 14:00:00,pay,5.28,0.03,fashion,True,COMPLETED,HCMC,referral
T1137,C100128,2025-05-01 15:07:00,transfer,15.69,0.03,electronics,False,COMPLETED,HCMC,organic
T5811,C100622,2025-05-01 15:48:00,pay,37.93,0.19,health,False,COMPLETED,HCMC,paid
T7351,C100774,2025-05-01 17:24:00,pay,20.15,0.1,transport,False,COMPLETED,CanTho,paid
T2291,C100258,2025-05-01 17:29:00,transfer,26.84,0.05,electronics,True,COMPLETED,HCMC,paid
T821,C100086,2025-05-01 17:55:00,pay,32.97,0.16,transport,False,COMPLETED,HCMC,organic
T1900,C100212,2025-05-01 19:28:00,pay,153.34,0.77,groceries,True,COMPLETED,HCMC,organic
T1880,C100209,2025-05-01 19:46:00,invest,19.9,0.01,transport,False,COMPLETED,CanTho,organic
T5776,C100616,2025-05-01 19:52:00,pay,23.64,0.12,other,False,COMPLETED,DaNang,campaign
T5895,C100631,2025-05-01 19:53:00,bill_pay,19.34,0.06,utilities,False,COMPLETED,Hanoi,campaign
T7175,C100761,2025-05-01 20:01:00,pay,36.46,0.18,transport,True,COMPLETED,HCMC,organic
T6702,C100721,2025-05-01 20:02:00,transfer,54.08,0.11,groceries,False,COMPLETED,HCMC,campaign
T6046,C100645,2025-05-01 20:04:00,transfer,53.08,0.11,utilities,True,COMPLETED,HCMC,organic
T4958,C100530,2025-05-01 20:10:00,savings,27.05,0.0,other,False,COMPLETED,HCMC,paid
T3530,C100370,2025-05-01 20:15:00,bill_pay,15.77,0.05,other,True,COMPLETED,Hanoi,organic
T5125,C100548,2025-05-02 09:18:00,pay,12.96,0.06,food_delivery,False,COMPLETED,Hanoi,referral
T110,C100020,2025-05-02 09:30:00,transfer,49.83,0.1,food_delivery,True,COMPLETED,CanTho,paid
T371,C100039,2025-05-02 09:33:00,transfer,61.19,0.12,health,False,COMPLETED,HCMC,referral
T4339,C100456,2025-05-02 10:34:00,pay,13.09,0.07,fashion,True,COMPLETED,HCMC,organic
T381,C100039,2025-05-02 10:41:00,transfer,17.43,0.03,transport,True,COMPLETED,HCMC,referral
T5866,C100626,2025-05-02 11:41:00,bill_pay,63.53,0.19,food_delivery,False,COMPLETED,HCMC,referral
T3338,C100354,2025-05-02 12:21:00,pay,26.17,0.13,entertainment,True,COMPLETED,HCMC,paid
T977,C100113,2025-05-02 12:32:00,pay,25.8,0.13,transport,True,COMPLETED,HaiPhong,organic
T1847,C100206,2025-05-02 12:44:00,pay,30.67,0.15,utilities,False,COMPLETED,Hanoi,paid
T7196,C100762,2025-05-02 13:08:00,transfer,32.03,0.06,utilities,False,COMPLETED,Hanoi,organic
T1783,C100203,2025-05-02 13:59:00,pay,23.42,0.12,electronics,True,COMPLETED,Hanoi,organic
T5037,C100538,2025-05-02 14:02:00,topup,31.0,0.03,entertainment,True,COMPLETED,HaiPhong,organic
T6348,C100679,2025-05-02 14:02:00,pay,65.13,0.33,food_delivery,False,COMPLETED,HCMC,referral
T1437,C100166,2025-05-02 14:39:00,bill_pay,10.89,0.03,transport,False,COMPLETED,HCMC,referral
T3145,C100334,2025-05-02 14:52:00,pay,54.74,0.27,groceries,False,COMPLETED,HCMC,organic
T3270,C100343,2025-05-02 15:07:00,bill_pay,23.14,0.07,education,True,COMPLETED,Hanoi,campaign
T6395,C100683,2025-05-02 15:16:00,transfer,31.15,0.06,transport,False,COMPLETED,HCMC,organic
T4620,C100492,2025-05-02 15:46:00,pay,70.08,0.35,transport,True,COMPLETED,Hanoi,organic
T6244,C100666,2025-05-02 17:33:00,pay,13.39,0.07,entertainment,False,COMPLETED,Hanoi,paid
T4910,C100526,2025-05-02 17:44:00,transfer,54.83,0.11,utilities,False,COMPLETED,HCMC,paid
T6276,C100670,2025-05-02 19:13:00,savings,8.03,0.0,entertainment,False,COMPLETED,HCMC,paid
T4266,C100446,2025-05-02 19:16:00,transfer,85.38,0.17,fashion,False,COMPLETED,HCMC,organic
T6041,C100642,2025-05-02 19:18:00,pay,109.34,0.55,other,False,COMPLETED,HCMC,organic
T4653,C100496,2025-05-02 20:06:00,topup,41.99,0.04,food_delivery,False,COMPLETED,Hanoi,campaign
T6108,C100647,2025-05-02 20:11:00,savings,24.67,0.0,electronics,True,COMPLETED,CanTho,campaign
T7268,C100767,2025-05-03 09:54:00,savings,10.23,0.0,utilities,False,COMPLETED,Hanoi,paid
T2418,C100268,2025-05-03 10:09:00,transfer,20.88,0.04,other,True,COMPLETED,Hanoi,referral
T6318,C100676,2025-05-03 10:09:00,pay,40.77,0.2,health,False,COMPLETED,HCMC,organic
T1117,C100123,2025-05-03 10:17:00,pay,64.75,0.32,fashion,True,COMPLETED,Hanoi,organic
T3853,C100404,2025-05-03 10:30:00,pay,22.67,0.11,electronics,True,COMPLETED,HCMC,organic
T5041,C100541,2025-05-03 11:24:00,invest,9.16,0.0,electronics,False,FAILED,HCMC,organic
T5984,C100636,2025-05-03 12:17:00,pay,13.53,0.07,food_delivery,False,COMPLETED,DaNang,referral
T3381,C100359,2025-05-03 12:21:00,transfer,125.86,0.25,groceries,False,COMPLETED,Hanoi,organic
T6009,C100637,2025-05-03 12:31:00,savings,38.08,0.0,entertainment,False,COMPLETED,Hanoi,organic
T6689,C100721,2025-05-03 12:39:00,transfer,69.33,0.14,transport,False,COMPLETED,HCMC,campaign
T6423,C100685,2025-05-03 13:33:00,transfer,29.21,0.06,transport,False,COMPLETED,HCMC,organic
T5180,C100552,2025-05-03 13:39:00,invest,32.0,0.02,transport,True,COMPLETED,HCMC,organic
T4380,C100460,2025-05-03 13:58:00,bill_pay,24.46,0.07,education,True,COMPLETED,HCMC,organic
T7195,C100762,2025-05-03 14:09:00,bill_pay,31.99,0.1,health,True,COMPLETED,Hanoi,organic
T6863,C100734,2025-05-03 14:09:00,pay,17.69,0.09,health,True,COMPLETED,HCMC,organic
T4692,C100500,2025-05-03 14:17:00,pay,56.58,0.28,entertainment,False,COMPLETED,HCMC,campaign
T4947,C100530,2025-05-03 15:18:00,savings,80.07,0.0,health,False,COMPLETED,HCMC,paid
T376,C100039,2025-05-03 15:21:00,savings,82.25,0.0,food_delivery,True,COMPLETED,HCMC,referral
T6718,C100725,2025-05-03 16:50:00,pay,14.64,0.07,fashion,False,FAILED,HCMC,referral
T4720,C100503,2025-05-03 17:01:00,transfer,19.02,0.04,electronics,False,COMPLETED,Hanoi,organic
T458,C100045,2025-05-03 17:23:00,transfer,67.78,0.14,electronics,False,COMPLETED,CanTho,paid
T7167,C100760,2025-05-03 17:35:00,pay,13.64,0.07,electronics,False,COMPLETED,DaNang,organic
T6523,C100691,2025-05-03 18:53:00,savings,20.96,0.0,fashion,False,COMPLETED,Hanoi,paid
T7007,C100748,2025-05-03 19:30:00,savings,75.01,0.0,other,False,COMPLETED,Hanoi,paid
T4216,C100438,2025-05-03 20:06:00,transfer,8.72,0.02,fashion,False,COMPLETED,HCMC,paid
T3621,C100383,2025-05-03 20:54:00,invest,13.74,0.01,entertainment,True,COMPLETED,CanTho,organic
T7463,C100786,2025-05-04 09:33:00,savings,34.12,0.0,education,True,COMPLETED,HCMC,referral
T2883,C100308,2025-05-04 09:52:00,transfer,19.43,0.04,utilities,False,COMPLETED,HCMC,paid
T1534,C100173,2025-05-04 10:09:00,transfer,48.87,0.1,fashion,True,COMPLETED,HCMC,organic
T2622,C100286,2025-05-04 10:41:00,pay,11.26,0.06,entertainment,True,COMPLETED,DaNang,organic
T3146,C100334,2025-05-04 12:04:00,pay,33.39,0.17,electronics,False,COMPLETED,HCMC,organic
T5910,C100633,2025-05-04 12:21:00,pay,61.47,0.31,education,True,COMPLETED,HCMC,organic
T7030,C100750,2025-05-04 12:30:00,transfer,71.82,0.14,health,False,COMPLETED,HCMC,organic
T4435,C100467,2025-05-04 12:37:00,transfer,29.62,0.06,groceries,False,COMPLETED,Hanoi,organic
T6472,C100687,2025-05-04 15:00:00,pay,8.35,0.04,food_delivery,False,COMPLETED,Hanoi,campaign
T4702,C100501,2025-05-04 15:19:00,pay,21.74,0.11,fashion,True,COMPLETED,HCMC,organic
T6906,C100738,2025-05-04 15:43:00,topup,10.88,0.01,transport,False,COMPLETED,HCMC,organic
T6894,C100738,2025-05-04 16:21:00,topup,67.8,0.07,health,False,COMPLETED,HCMC,organic
T2299,C100258,2025-05-04 16:31:00,pay,16.5,0.08,other,False,COMPLETED,HCMC,paid
T6598,C100707,2025-05-04 16:58:00,pay,9.6,0.05,electronics,False,COMPLETED,HCMC,paid
T4893,C100524,2025-05-04 17:55:00,transfer,26.37,0.05,groceries,False,COMPLETED,HCMC,organic
T6952,C100745,2025-05-04 18:01:00,transfer,21.9,0.04,entertainment,True,COMPLETED,HaiPhong,organic
T7034,C100750,2025-05-04 18:15:00,pay,32.94,0.16,groceries,False,COMPLETED,HCMC,organic
T6257,C100666,2025-05-04 18:54:00,savings,68.32,0.0,electronics,False,COMPLETED,Hanoi,paid
T3569,C100374,2025-05-04 18:59:00,transfer,105.95,0.21,utilities,True,COMPLETED,Hanoi,referral
T6723,C100725,2025-05-04 19:20:00,transfer,102.06,0.2,other,False,COMPLETED,HCMC,referral
T4310,C100452,2025-05-04 19:40:00,transfer,78.13,0.16,entertainment,False,COMPLETED,Hanoi,organic
T7233,C100765,2025-05-04 19:43:00,pay,21.98,0.11,groceries,False,COMPLETED,HCMC,paid
T6883,C100735,2025-05-04 20:07:00,savings,41.86,0.0,electronics,True,COMPLETED,HCMC,organic
T2876,C100308,2025-05-04 20:39:00,bill_pay,126.45,0.38,health,True,COMPLETED,HCMC,paid
T7422,C100783,2025-05-05 09:51:00,savings,10.87,0.0,health,True,COMPLETED,Hanoi,paid
T729,C100077,2025-05-05 10:07:00,pay,114.18,0.57,health,True,COMPLETED,HCMC,organic
T5219,C100556,2025-05-05 10:46:00,savings,14.09,0.0,electronics,False,COMPLETED,Hanoi,paid
T7232,C100765,2025-05-05 11:56:00,topup,22.33,0.02,food_delivery,False,COMPLETED,HCMC,paid
T6128,C100649,2025-05-05 12:57:00,transfer,34.59,0.07,utilities,False,COMPLETED,HCMC,organic
T6979,C100746,2025-05-05 14:16:00,savings,62.9,0.0,utilities,False,COMPLETED,HaiPhong,organic
T2039,C100231,2025-05-05 14:54:00,pay,20.49,0.1,fashion,False,COMPLETED,HCMC,paid
T1599,C100179,2025-05-05 15:16:00,pay,52.23,0.26,health,True,COMPLETED,HCMC,paid
T6303,C100671,2025-05-05 15:42:00,savings,49.29,0.0,food_delivery,False,COMPLETED,Hanoi,paid
T4788,C100516,2025-05-05 15:42:00,topup,36.89,0.04,electronics,False,COMPLETED,Hanoi,referral
T1604,C100179,2025-05-05 17:13:00,invest,63.96,0.03,transport,False,COMPLETED,HCMC,paid
T6146,C100651,2025-05-05 17:31:00,bill_pay,38.47,0.12,entertainment,False,COMPLETED,HCMC,referral
T6789,C100729,2025-05-05 18:59:00,pay,7.43,0.04,other,False,COMPLETED,Hanoi,paid
T6885,C100735,2025-05-05 19:02:00,savings,11.03,0.0,entertainment,False,COMPLETED,HCMC,organic
T4770,C100512,2025-05-05 20:12:00,pay,34.48,0.17,utilities,False,COMPLETED,HCMC,campaign
T6262,C100667,2025-05-05 20:43:00,savings,71.22,0.0,electronics,False,COMPLETED,Hanoi,paid
T3629,C100385,2025-05-06 09:52:00,transfer,21.43,0.04,health,False,COMPLETED,Hanoi,referral
T5579,C100594,2025-05-06 09:56:00,pay,36.66,0.18,transport,False,COMPLETED,Hanoi,referral
T4857,C100520,2025-05-06 12:10:00,savings,35.39,0.0,utilities,False,COMPLETED,HCMC,organic
T262,C100032,2025-05-06 12:11:00,pay,30.04,0.15,electronics,True,COMPLETED,Hanoi,paid
T6738,C100725,2025-05-06 12:26:00,bill_pay,33.6,0.1,education,False,COMPLETED,HCMC,referral
T6392,C100683,2025-05-06 12:51:00,transfer,25.83,0.05,electronics,True,COMPLETED,HCMC,organic
T3184,C100337,2025-05-06 14:03:00,pay,47.29,0.24,fashion,True,COMPLETED,CanTho,referral
T1968,C100222,2025-05-06 14:11:00,transfer,14.74,0.03,groceries,False,COMPLETED,DaNang,organic
T6446,C100686,2025-05-06 14:14:00,transfer,54.67,0.11,groceries,False,COMPLETED,CanTho,organic
T6880,C100735,2025-05-06 14:28:00,savings,54.18,0.0,fashion,True,COMPLETED,HCMC,organic
T6841,C100733,2025-05-06 14:30:00,pay,30.33,0.15,health,False,COMPLETED,HCMC,paid
T181,C100024,2025-05-06 15:14:00,pay,83.98,0.42,transport,False,COMPLETED,HCMC,organic
T7450,C100785,2025-05-06 15:17:00,pay,17.45,0.09,education,False,COMPLETED,Hanoi,organic
T5485,C100584,2025-05-06 15:18:00,transfer,24.49,0.05,transport,False,COMPLETED,CanTho,organic
T5335,C100571,2025-05-06 15:47:00,bill_pay,13.96,0.04,entertainment,False,FAILED,HCMC,paid
T6569,C100704,2025-05-06 16:38:00,bill_pay,78.97,0.24,other,True,COMPLETED,HaiPhong,paid
T4871,C100523,2025-05-06 16:42:00,transfer,46.69,0.09,other,True,COMPLETED,HCMC,referral
T5182,C100552,2025-05-06 16:43:00,pay,103.39,0.52,electronics,True,COMPLETED,HCMC,organic
T6615,C100708,2025-05-06 17:17:00,transfer,28.92,0.06,education,True,COMPLETED,CanTho,organic
T6050,C100645,2025-05-06 18:05:00,transfer,36.84,0.07,entertainment,False,COMPLETED,HCMC,organic
T1276,C100140,2025-05-06 18:17:00,invest,8.37,0.0,entertainment,False,COMPLETED,HaiPhong,paid
T6149,C100651,2025-05-06 18:29:00,pay,24.42,0.12,fashion,False,COMPLETED,HCMC,referral
T7340,C100771,2025-05-06 18:55:00,pay,76.56,0.38,other,False,COMPLETED,DaNang,paid
T6227,C100661,2025-05-06 19:08:00,pay,29.65,0.15,electronics,False,COMPLETED,HCMC,organic
T5707,C100605,2025-05-07 09:09:00,transfer,32.22,0.06,education,True,COMPLETED,Hanoi,campaign
T6371,C100681,2025-05-07 09:25:00,pay,76.16,0.38,electronics,False,COMPLETED,HCMC,organic
T1995,C100223,2025-05-07 09:36:00,bill_pay,36.35,0.11,transport,False,COMPLETED,HCMC,referral
T6331,C100678,2025-05-07 11:21:00,savings,14.06,0.0,groceries,True,COMPLETED,HCMC,referral
T4914,C100526,2025-05-07 11:44:00,transfer,21.79,0.04,utilities,False,COMPLETED,HCMC,paid
T6588,C100706,2025-05-07 12:20:00,transfer,50.04,0.1,entertainment,True,FAILED,Hanoi,referral
T7488,C100791,2025-05-07 12:24:00,transfer,26.3,0.05,groceries,True,COMPLETED,HCMC,referral
T4211,C100438,2025-05-07 14:18:00,bill_pay,72.07,0.22,education,True,COMPLETED,HCMC,paid
T3192,C100338,2025-05-07 14:38:00,savings,30.8,0.0,utilities,True,COMPLETED,HCMC,paid
T5468,C100583,2025-05-07 14:57:00,pay,35.05,0.18,entertainment,False,COMPLETED,HCMC,organic
T5114,C100546,2025-05-07 16:19:00,savings,42.79,0.0,food_delivery,False,COMPLETED,HCMC,paid
T5460,C100581,2025-05-07 16:46:00,pay,29.55,0.15,fashion,True,COMPLETED,HCMC,referral
T3774,C100397,2025-05-07 16:49:00,pay,67.2,0.34,education,False,COMPLETED,HCMC,paid
T3267,C100343,2025-05-07 16:50:00,transfer,25.54,0.05,transport,True,COMPLETED,Hanoi,campaign
T2929,C100310,2025-05-07 17:10:00,bill_pay,17.91,0.05,transport,False,COMPLETED,HCMC,paid
T5928,C100633,2025-05-07 17:46:00,topup,8.09,0.01,health,False,COMPLETED,HCMC,organic
T7157,C100760,2025-05-07 17:47:00,pay,80.26,0.4,fashion,True,COMPLETED,DaNang,organic
T5359,C100572,2025-05-07 18:01:00,pay,12.95,0.06,entertainment,True,FAILED,HCMC,organic
T4327,C100452,2025-05-07 19:14:00,bill_pay,59.91,0.18,utilities,True,COMPLETED,Hanoi,organic
T2069,C100236,2025-05-07 19:46:00,pay,10.22,0.05,electronics,False,COMPLETED,CanTho,organic
T5809,C100622,2025-05-07 19:53:00,pay,47.47,0.24,transport,True,COMPLETED,HCMC,paid
T7297,C100769,2025-05-08 09:08:00,pay,15.94,0.08,transport,False,COMPLETED,Hanoi,organic
T3474,C100366,2025-05-08 09:17:00,pay,18.55,0.09,education,False,COMPLETED,Hanoi,organic
T4941,C100527,2025-05-08 09:31:00,pay,202.19,1.01,fashion,False,COMPLETED,HCMC,organic
T2586,C100279,2025-05-08 09:34:00,invest,11.29,0.01,education,False,COMPLETED,Hanoi,paid
T2122,C100239,2025-05-08 09:39:00,transfer,37.39,0.07,food_delivery,False,COMPLETED,HaiPhong,organic
T2943,C100310,2025-05-08 09:47:00,pay,17.95,0.09,other,True,COMPLETED,HCMC,paid
T4814,C100517,2025-05-08 09:51:00,pay,11.65,0.06,fashion,True,COMPLETED,Hanoi,organic
T5295,C100565,2025-05-08 09:51:00,pay,53.33,0.27,fashion,False,COMPLETED,DaNang,organic
T1855,C100208,2025-05-08 10:12:00,bill_pay,11.77,0.04,other,False,COMPLETED,Hanoi,organic
T5602,C100595,2025-05-08 10:31:00,pay,10.48,0.05,food_delivery,False,FAILED,HCMC,referral
T3759,C100395,2025-05-08 10:31:00,pay,27.33,0.14,transport,False,COMPLETED,Hanoi,organic
T7331,C100771,2025-05-08 11:01:00,pay,9.93,0.05,groceries,False,COMPLETED,DaNang,paid
T2051,C100236,2025-05-08 11:29:00,transfer,6.73,0.01,electronics,False,COMPLETED,CanTho,organic
T344,C100037,2025-05-08 13:01:00,pay,45.39,0.23,utilities,False,COMPLETED,DaNang,paid
T5239,C100558,2025-05-08 13:55:00,savings,103.99,0.0,entertainment,False,COMPLETED,HCMC,organic
T4100,C100425,2025-05-08 13:59:00,transfer,68.29,0.14,other,True,COMPLETED,HCMC,organic
T1404,C100162,2025-05-08 14:43:00,transfer,22.42,0.04,electronics,True,COMPLETED,HCMC,campaign
T2454,C100270,2025-05-08 14:52:00,transfer,16.07,0.03,electronics,False,COMPLETED,Hanoi,organic
T6014,C100637,2025-05-08 15:16:00,pay,30.41,0.15,utilities,False,COMPLETED,Hanoi,organic
T1108,C100123,2025-05-08 15:31:00,pay,49.07,0.25,utilities,False,COMPLETED,Hanoi,organic
T7389,C100780,2025-05-08 15:38:00,bill_pay,15.04,0.05,electronics,True,COMPLETED,Hanoi,paid
T6156,C100651,2025-05-08 15:41:00,bill_pay,75.51,0.23,groceries,True,COMPLETED,HCMC,referral
T7271,C100767,2025-05-08 16:06:00,transfer,43.0,0.09,health,False,COMPLETED,Hanoi,paid
T2848,C100305,2025-05-08 16:08:00,transfer,45.88,0.09,food_delivery,False,COMPLETED,Hanoi,campaign
T3571,C100374,2025-05-08 16:11:00,pay,37.14,0.19,health,True,COMPLETED,Hanoi,referral
T6799,C100730,2025-05-08 17:01:00,pay,3.95,0.02,transport,True,COMPLETED,DaNang,organic
T5492,C100584,2025-05-08 17:08:00,transfer,25.6,0.05,utilities,False,COMPLETED,CanTho,organic
T4845,C100520,2025-05-08 17:51:00,pay,21.32,0.11,fashion,False,COMPLETED,HCMC,organic
T4517,C100481,2025-05-08 18:12:00,savings,101.79,0.0,transport,False,COMPLETED,Hanoi,organic
T2018,C100229,2025-05-08 18:25:00,pay,4.53,0.02,other,False,COMPLETED,HCMC,paid
T3368,C100357,2025-05-08 18:55:00,pay,32.78,0.16,health,False,COMPLETED,DaNang,campaign
T2658,C100291,2025-05-08 20:26:00,transfer,17.57,0.04,groceries,False,COMPLETED,HCMC,organic
T7496,C100792,2025-05-08 20:33:00,pay,12.34,0.06,utilities,False,COMPLETED,Hanoi,paid
T5365,C100572,2025-05-09 09:24:00,transfer,20.3,0.04,groceries,True,COMPLETED,HCMC,organic
T4038,C100420,2025-05-09 10:18:00,invest,24.16,0.01,electronics,False,COMPLETED,HCMC,organic
T2138,C100239,2025-05-09 10:23:00,pay,14.45,0.07,electronics,False,COMPLETED,HaiPhong,organic
T3906,C100408,2025-05-09 10:51:00,transfer,48.29,0.1,fashion,False,COMPLETED,HaiPhong,organic
T1467,C100167,2025-05-09 11:47:00,pay,25.83,0.13,health,False,COMPLETED,DaNang,paid
T6949,C100745,2025-05-09 12:02:00,bill_pay,6.24,0.02,food_delivery,True,COMPLETED,HaiPhong,organic
T6943,C100743,2025-05-09 12:26:00,transfer,13.15,0.03,transport,False,COMPLETED,HaiPhong,organic
T7338,C100771,2025-05-09 13:17:00,pay,46.53,0.23,other,True,COMPLETED,DaNang,paid
T3194,C100338,2025-05-09 13:32:00,savings,60.56,0.0,groceries,True,COMPLETED,HCMC,paid
T5678,C100603,2025-05-09 13:34:00,savings,61.19,0.0,groceries,False,COMPLETED,HCMC,organic
T934,C100106,2025-05-09 13:35:00,transfer,15.39,0.03,education,False,COMPLETED,CanTho,campaign
T3395,C100359,2025-05-09 13:50:00,pay,25.01,0.13,utilities,False,COMPLETED,Hanoi,organic
T111,C100020,2025-05-09 14:03:00,pay,35.21,0.18,education,False,COMPLETED,CanTho,paid
T2088,C100237,2025-05-09 14:15:00,pay,28.9,0.14,utilities,False,COMPLETED,HCMC,campaign
T1076,C100120,2025-05-09 14:51:00,bill_pay,306.45,0.92,transport,False,COMPLETED,HCMC,paid
T6044,C100645,2025-05-09 15:42:00,topup,23.02,0.02,utilities,True,COMPLETED,HCMC,organic
T881,C100094,2025-05-09 15:58:00,pay,27.27,0.14,other,False,COMPLETED,CanTho,paid
T4575,C100486,2025-05-09 16:11:00,bill_pay,43.96,0.13,other,False,COMPLETED,HCMC,paid
T3290,C100348,2025-05-09 16:31:00,transfer,45.32,0.09,education,False,COMPLETED,HCMC,paid
T2013,C100229,2025-05-09 16:36:00,transfer,10.11,0.02,electronics,True,COMPLETED,HCMC,paid
T4554,C100484,2025-05-09 16:55:00,pay,9.15,0.05,entertainment,False,COMPLETED,HCMC,referral
T3257,C100343,2025-05-09 18:48:00,transfer,66.2,0.13,utilities,False,COMPLETED,Hanoi,campaign
T6892,C100738,2025-05-09 19:42:00,pay,16.37,0.08,utilities,True,COMPLETED,HCMC,organic
T4783,C100516,2025-05-09 20:30:00,pay,16.58,0.08,utilities,False,COMPLETED,Hanoi,referral
T4056,C100423,2025-05-09 20:47:00,invest,163.42,0.08,electronics,True,COMPLETED,HCMC,referral
T5850,C100623,2025-05-10 09:32:00,savings,18.63,0.0,fashion,False,COMPLETED,HCMC,paid
T1270,C100140,2025-05-10 10:13:00,transfer,11.79,0.02,fashion,True,COMPLETED,HaiPhong,paid
T4905,C100526,2025-05-10 12:56:00,bill_pay,70.38,0.21,groceries,False,COMPLETED,HCMC,paid
T6913,C100739,2025-05-10 13:44:00,bill_pay,18.01,0.05,education,False,COMPLETED,HCMC,referral
T6722,C100725,2025-05-10 13:59:00,topup,41.13,0.04,food_delivery,False,COMPLETED,HCMC,referral
T4490,C100478,2025-05-10 14:40:00,invest,17.5,0.01,education,False,COMPLETED,HCMC,organic
T147,C100022,2025-05-10 15:13:00,pay,79.03,0.4,groceries,False,COMPLETED,HCMC,organic
T6845,C100733,2025-05-10 16:39:00,pay,27.97,0.14,fashion,True,COMPLETED,HCMC,paid
T4833,C100518,2025-05-10 16:46:00,transfer,20.81,0.04,electronics,False,COMPLETED,DaNang,organic
T4739,C100505,2025-05-10 16:55:00,transfer,32.7,0.07,utilities,False,COMPLETED,HCMC,organic
T2314,C100261,2025-05-10 17:24:00,transfer,16.69,0.03,utilities,True,COMPLETED,HCMC,organic
T6839,C100733,2025-05-10 17:38:00,pay,20.84,0.1,other,False,COMPLETED,HCMC,paid
T5456,C100581,2025-05-10 18:43:00,transfer,21.98,0.04,transport,False,COMPLETED,HCMC,referral
T7243,C100766,2025-05-11 09:55:00,savings,53.37,0.0,health,False,COMPLETED,HCMC,campaign
T47,C100009,2025-05-11 10:43:00,savings,41.74,0.0,groceries,False,COMPLETED,Hanoi,organic
T5734,C100608,2025-05-11 11:04:00,transfer,66.87,0.13,fashion,True,COMPLETED,Hanoi,paid
T3111,C100330,2025-05-11 11:36:00,savings,41.72,0.0,education,False,COMPLETED,CanTho,paid
T3470,C100366,2025-05-11 12:11:00,invest,15.3,0.01,health,True,COMPLETED,Hanoi,organic
T4264,C100446,2025-05-11 12:35:00,pay,10.28,0.05,health,False,COMPLETED,HCMC,organic
T2688,C100293,2025-05-11 12:50:00,invest,41.96,0.02,transport,False,COMPLETED,Hanoi,paid
T5934,C100633,2025-05-11 13:20:00,topup,40.88,0.04,utilities,False,COMPLETED,HCMC,organic
T7272,C100767,2025-05-11 13:45:00,bill_pay,30.78,0.09,education,True,FAILED,Hanoi,paid
T2558,C100278,2025-05-11 13:47:00,pay,33.15,0.17,health,True,COMPLETED,HCMC,paid
T2940,C100310,2025-05-11 14:35:00,transfer,21.7,0.04,health,False,FAILED,HCMC,paid
T2735,C100295,2025-05-11 15:02:00,pay,39.24,0.2,transport,False,COMPLETED,HCMC,paid
T2675,C100293,2025-05-11 15:33:00,savings,4.76,0.0,electronics,False,COMPLETED,Hanoi,paid
T7465,C100786,2025-05-11 15:35:00,transfer,18.56,0.04,health,False,COMPLETED,HCMC,referral
T3864,C100404,2025-05-11 15:57:00,pay,55.4,0.28,entertainment,True,COMPLETED,HCMC,organic
T5660,C100602,2025-05-11 16:11:00,transfer,5.57,0.01,food_delivery,False,COMPLETED,HCMC,paid
T5183,C100552,2025-05-11 16:24:00,transfer,17.34,0.03,utilities,False,COMPLETED,HCMC,organic
T3930,C100412,2025-05-11 16:30:00,pay,6.97,0.03,entertainment,False,COMPLETED,HaiPhong,paid
T7421,C100783,2025-05-11 16:39:00,pay,50.42,0.25,utilities,True,COMPLETED,Hanoi,paid
T970,C100111,2025-05-11 16:50:00,savings,47.18,0.0,fashion,False,COMPLETED,HCMC,organic
T443,C100044,2025-05-11 17:35:00,transfer,70.79,0.14,health,True,COMPLETED,Hanoi,organic
T6347,C100679,2025-05-11 17:57:00,pay,152.74,0.76,entertainment,True,COMPLETED,HCMC,referral
T6816,C100730,2025-05-11 18:39:00,pay,5.21,0.03,electronics,False,COMPLETED,DaNang,organic
T3062,C100327,2025-05-11 18:54:00,pay,16.38,0.08,entertainment,True,COMPLETED,Hanoi,organic
T5073,C100544,2025-05-11 20:13:00,pay,44.43,0.22,health,False,COMPLETED,DaNang,referral
T2430,C100269,2025-05-11 20:39:00,transfer,100.73,0.2,fashion,False,COMPLETED,Hanoi,organic
T7452,C100785,2025-05-12 09:12:00,transfer,25.91,0.05,fashion,False,FAILED,Hanoi,organic
T1950,C100219,2025-05-12 09:22:00,bill_pay,14.99,0.04,other,False,FAILED,CanTho,paid
T2364,C100265,2025-05-12 10:11:00,pay,14.4,0.07,fashion,False,COMPLETED,Hanoi,organic
T3829,C100403,2025-05-12 10:17:00,pay,24.71,0.12,electronics,False,COMPLETED,HCMC,paid
T5482,C100584,2025-05-12 10:30:00,transfer,29.54,0.06,utilities,False,COMPLETED,CanTho,organic
T3357,C100356,2025-05-12 11:02:00,pay,41.5,0.21,other,False,COMPLETED,HCMC,organic
T4954,C100530,2025-05-12 11:14:00,pay,24.79,0.12,groceries,True,COMPLETED,HCMC,paid
T3878,C100405,2025-05-12 12:10:00,pay,151.3,0.76,entertainment,False,COMPLETED,HCMC,campaign
T4074,C100424,2025-05-12 13:34:00,transfer,44.9,0.09,education,False,COMPLETED,HaiPhong,organic
T4710,C100503,2025-05-12 13:40:00,transfer,33.16,0.07,electronics,False,COMPLETED,Hanoi,organic
T6148,C100651,2025-05-12 14:41:00,pay,33.94,0.17,fashion,True,COMPLETED,HCMC,referral
T3506,C100367,2025-05-12 15:29:00,transfer,32.62,0.07,entertainment,True,COMPLETED,HCMC,paid
T6065,C100645,2025-05-12 15:42:00,savings,17.85,0.0,entertainment,True,COMPLETED,HCMC,organic
T5856,C100626,2025-05-12 15:55:00,invest,89.95,0.04,other,True,COMPLETED,HCMC,referral
T2655,C100291,2025-05-12 17:24:00,pay,64.95,0.32,utilities,True,COMPLETED,HCMC,organic
T7065,C100753,2025-05-12 18:14:00,savings,17.41,0.0,other,False,COMPLETED,Hanoi,paid
T2991,C100313,2025-05-12 20:38:00,transfer,45.8,0.09,other,False,COMPLETED,DaNang,organic
T3033,C100320,2025-05-12 20:43:00,pay,68.97,0.34,education,True,COMPLETED,CanTho,organic
T3615,C100383,2025-05-12 20:55:00,savings,40.37,0.0,electronics,True,COMPLETED,CanTho,organic
T6296,C100671,2025-05-13 10:12:00,savings,23.32,0.0,food_delivery,False,COMPLETED,Hanoi,paid
T4850,C100520,2025-05-13 10:17:00,transfer,63.18,0.13,electronics,False,COMPLETED,HCMC,organic
T2995,C100313,2025-05-13 10:19:00,savings,109.55,0.0,health,True,COMPLETED,DaNang,organic
T3090,C100330,2025-05-13 10:33:00,pay,12.83,0.06,other,False,COMPLETED,CanTho,paid
T4722,C100505,2025-05-13 11:34:00,pay,11.33,0.06,food_delivery,False,COMPLETED,HCMC,organic
T7563,C100798,2025-05-13 12:15:00,transfer,20.42,0.04,groceries,False,COMPLETED,HCMC,campaign
T1580,C100176,2025-05-13 12:57:00,pay,170.51,0.85,electronics,True,COMPLETED,Hanoi,referral
T6671,C100718,2025-05-13 13:19:00,transfer,16.16,0.03,other,False,COMPLETED,HCMC,organic
T4854,C100520,2025-05-13 13:39:00,invest,10.31,0.01,fashion,True,COMPLETED,HCMC,organic
T2746,C100297,2025-05-13 13:49:00,pay,25.64,0.13,utilities,True,COMPLETED,HCMC,referral
T1503,C100171,2025-05-13 14:21:00,transfer,34.47,0.07,other,True,COMPLETED,HCMC,organic
T5805,C100622,2025-05-13 15:30:00,pay,73.67,0.37,food_delivery,True,COMPLETED,HCMC,paid
T4623,C100494,2025-05-13 17:10:00,savings,44.19,0.0,groceries,False,COMPLETED,HCMC,paid
T6397,C100683,2025-05-13 17:12:00,savings,21.78,0.0,groceries,False,COMPLETED,HCMC,organic
T6388,C100683,2025-05-13 17:55:00,transfer,24.67,0.05,food_delivery,True,COMPLETED,HCMC,organic
T1787,C100203,2025-05-13 18:02:00,pay,69.79,0.35,transport,True,COMPLETED,Hanoi,organic
T2148,C100245,2025-05-13 19:52:00,transfer,37.72,0.08,other,False,COMPLETED,HCMC,organic
T5841,C100623,2025-05-13 20:10:00,pay,15.77,0.08,entertainment,True,COMPLETED,HCMC,paid
T3961,C100414,2025-05-13 20:35:00,pay,51.32,0.26,fashion,False,COMPLETED,HCMC,paid
T5414,C100576,2025-05-14 09:22:00,transfer,16.35,0.03,utilities,False,COMPLETED,HCMC,referral
T7269,C100767,2025-05-14 10:31:00,transfer,13.74,0.03,other,True,COMPLETED,Hanoi,paid
T3950,C100414,2025-05-14 10:39:00,savings,22.07,0.0,health,True,COMPLETED,HCMC,paid
T7163,C100760,2025-05-14 10:43:00,transfer,11.18,0.02,food_delivery,True,COMPLETED,DaNang,organic
T7500,C100792,2025-05-14 11:19:00,savings,25.36,0.0,groceries,False,COMPLETED,Hanoi,paid
T707,C100075,2025-05-14 11:39:00,savings,23.63,0.0,electronics,True,COMPLETED,Hanoi,organic
T7625,C100803,2025-05-14 11:58:00,pay,10.83,0.05,utilities,True,COMPLETED,Hanoi,paid
T4377,C100460,2025-05-14 12:05:00,savings,15.68,0.0,entertainment,False,COMPLETED,HCMC,organic
T6010,C100637,2025-05-14 12:07:00,pay,10.12,0.05,utilities,False,COMPLETED,Hanoi,organic
T5078,C100544,2025-05-14 12:30:00,savings,92.62,0.0,health,False,COMPLETED,DaNang,referral
T1502,C100171,2025-05-14 12:36:00,transfer,79.72,0.16,utilities,True,COMPLETED,HCMC,organic
T7369,C100775,2025-05-14 12:47:00,pay,60.75,0.3,transport,True,COMPLETED,DaNang,organic
T7481,C100789,2025-05-14 14:35:00,transfer,25.18,0.05,utilities,True,COMPLETED,HCMC,campaign
T3086,C100329,2025-05-14 14:48:00,pay,140.54,0.7,fashion,False,COMPLETED,HCMC,organic
T7640,C100803,2025-05-14 14:59:00,pay,64.8,0.32,groceries,True,COMPLETED,Hanoi,paid
T5950,C100635,2025-05-14 15:18:00,pay,31.14,0.16,transport,False,COMPLETED,HCMC,campaign
T4863,C100520,2025-05-14 16:29:00,pay,24.66,0.12,education,True,COMPLETED,HCMC,organic
T5531,C100590,2025-05-14 16:42:00,pay,3.62,0.02,utilities,True,COMPLETED,HCMC,paid
T29,C100008,2025-05-14 17:15:00,savings,14.87,0.0,transport,False,COMPLETED,Hanoi,organic
T4354,C100459,2025-05-14 17:23:00,savings,43.01,0.0,health,False,COMPLETED,Hanoi,campaign
T5346,C100571,2025-05-14 17:53:00,transfer,13.42,0.03,entertainment,True,COMPLETED,HCMC,paid
T5331,C100571,2025-05-14 18:36:00,transfer,71.02,0.14,electronics,True,COMPLETED,HCMC,paid
T6054,C100645,2025-05-14 18:52:00,transfer,20.51,0.04,other,False,COMPLETED,HCMC,organic
T7206,C100762,2025-05-14 19:00:00,transfer,167.69,0.34,entertainment,False,COMPLETED,Hanoi,organic
T4633,C100495,2025-05-14 20:17:00,bill_pay,45.99,0.14,entertainment,True,COMPLETED,Hanoi,organic
T6668,C100718,2025-05-14 20:21:00,pay,10.74,0.05,transport,True,COMPLETED,HCMC,organic
T6224,C100661,2025-05-14 20:55:00,pay,36.76,0.18,transport,True,COMPLETED,HCMC,organic
T7554,C100798,2025-05-15 09:06:00,pay,15.49,0.08,health,False,COMPLETED,HCMC,campaign
T6139,C100650,2025-05-15 09:28:00,savings,65.09,0.0,transport,False,COMPLETED,CanTho,referral
T6394,C100683,2025-05-15 10:07:00,pay,21.81,0.11,transport,True,COMPLETED,HCMC,organic
T7148,C100759,2025-05-15 10:17:00,pay,19.72,0.1,electronics,False,COMPLETED,HCMC,organic
T7003,C100748,2025-05-15 10:29:00,pay,9.39,0.05,food_delivery,True,COMPLETED,Hanoi,paid
T5795,C100620,2025-05-15 10:39:00,pay,20.65,0.1,utilities,False,COMPLETED,HCMC,organic
T1327,C100149,2025-05-15 10:42:00,pay,27.0,0.14,education,False,COMPLETED,HCMC,organic
T6600,C100707,2025-05-15 10:57:00,transfer,8.01,0.02,entertainment,False,COMPLETED,HCMC,paid
T6398,C100683,2025-05-15 11:29:00,pay,12.4,0.06,utilities,False,COMPLETED,HCMC,organic
T3172,C100337,2025-05-15 12:18:00,pay,50.21,0.25,health,True,COMPLETED,CanTho,referral
T6266,C100667,2025-05-15 12:59:00,transfer,27.35,0.05,utilities,False,COMPLETED,Hanoi,paid
T7084,C100753,2025-05-15 13:02:00,transfer,48.44,0.1,health,True,COMPLETED,Hanoi,paid
T6570,C100704,2025-05-15 13:12:00,savings,26.12,0.0,food_delivery,False,COMPLETED,HaiPhong,paid
T7568,C100798,2025-05-15 14:15:00,savings,57.89,0.0,education,True,COMPLETED,HCMC,campaign
T5069,C100542,2025-05-15 14:26:00,transfer,41.96,0.08,education,True,COMPLETED,HCMC,organic
T7445,C100785,2025-05-15 14:44:00,topup,46.53,0.05,groceries,True,COMPLETED,Hanoi,organic
T6708,C100721,2025-05-15 14:49:00,pay,39.62,0.2,education,False,COMPLETED,HCMC,campaign
T5500,C100588,2025-05-15 15:43:00,transfer,20.97,0.04,health,True,COMPLETED,HCMC,organic
T7165,C100760,2025-05-15 16:01:00,pay,109.7,0.55,electronics,False,COMPLETED,DaNang,organic
T6820,C100730,2025-05-15 16:29:00,transfer,23.28,0.05,other,True,COMPLETED,DaNang,organic
T833,C100088,2025-05-15 16:31:00,pay,19.12,0.1,food_delivery,False,COMPLETED,HCMC,organic
T5288,C100565,2025-05-15 17:04:00,transfer,19.91,0.04,transport,True,COMPLETED,DaNang,organic
T7316,C100769,2025-05-15 17:24:00,pay,101.02,0.51,entertainment,False,COMPLETED,Hanoi,organic
T7462,C100785,2025-05-15 17:44:00,savings,7.88,0.0,education,True,FAILED,Hanoi,organic
T4797,C100516,2025-05-15 18:27:00,savings,99.24,0.0,entertainment,False,COMPLETED,Hanoi,referral
T2698,C100293,2025-05-15 19:15:00,pay,73.02,0.37,food_delivery,True,COMPLETED,Hanoi,paid
T6897,C100738,2025-05-15 19:45:00,savings,47.12,0.0,health,True,COMPLETED,HCMC,organic
T4747,C100505,2025-05-15 19:57:00,pay,15.96,0.08,fashion,False,FAILED,HCMC,organic
T6851,C100734,2025-05-15 20:13:00,pay,22.67,0.11,transport,True,COMPLETED,HCMC,organic
T6753,C100726,2025-05-15 20:15:00,bill_pay,53.83,0.16,utilities,True,COMPLETED,Hanoi,organic
T929,C100104,2025-05-16 09:21:00,transfer,18.1,0.04,other,False,COMPLETED,HCMC,organic
T1870,C100208,2025-05-16 09:37:00,bill_pay,63.7,0.19,education,False,COMPLETED,Hanoi,organic
T4652,C100496,2025-05-16 09:42:00,pay,7.17,0.04,other,False,COMPLETED,Hanoi,campaign
T7618,C100803,2025-05-16 09:52:00,savings,10.29,0.0,transport,True,COMPLETED,Hanoi,paid
T3547,C100374,2025-05-16 10:47:00,transfer,25.61,0.05,electronics,False,COMPLETED,Hanoi,referral
T3628,C100385,2025-05-16 10:52:00,savings,74.19,0.0,food_delivery,False,COMPLETED,Hanoi,referral
T784,C100085,2025-05-16 10:54:00,savings,17.94,0.0,education,True,COMPLETED,HCMC,organic
T7145,C100759,2025-05-16 11:05:00,pay,38.61,0.19,utilities,False,FAILED,HCMC,organic
T5137,C100548,2025-05-16 11:14:00,transfer,43.42,0.09,education,True,COMPLETED,Hanoi,referral
T7482,C100789,2025-05-16 11:32:00,invest,88.39,0.04,electronics,True,COMPLETED,HCMC,campaign
T7473,C100789,2025-05-16 11:37:00,savings,24.08,0.0,fashion,False,COMPLETED,HCMC,campaign
T5433,C100580,2025-05-16 11:52:00,pay,91.95,0.46,health,False,COMPLETED,Hanoi,referral
T5941,C100634,2025-05-16 12:20:00,transfer,40.69,0.08,education,False,COMPLETED,HCMC,paid
T6353,C100679,2025-05-16 12:32:00,pay,70.7,0.35,utilities,False,COMPLETED,HCMC,referral
T4304,C100452,2025-05-16 12:34:00,pay,39.8,0.2,education,True,COMPLETED,Hanoi,organic
T3491,C100367,2025-05-16 12:54:00,pay,81.25,0.41,utilities,False,COMPLETED,HCMC,paid
T43,C100009,2025-05-16 12:58:00,transfer,30.9,0.06,fashion,False,COMPLETED,Hanoi,organic
T7137,C100757,2025-05-16 13:06:00,transfer,22.56,0.05,other,False,COMPLETED,Hanoi,referral
T5727,C100605,2025-05-16 13:42:00,pay,64.05,0.32,transport,False,COMPLETED,Hanoi,campaign
T3680,C100389,2025-05-16 13:56:00,transfer,9.13,0.02,health,True,COMPLETED,Hanoi,referral
T6743,C100725,2025-05-16 14:09:00,pay,28.16,0.14,utilities,False,COMPLETED,HCMC,referral
T5719,C100605,2025-05-16 14:53:00,pay,26.34,0.13,health,True,COMPLETED,Hanoi,campaign
T5510,C100588,2025-05-16 15:17:00,pay,24.28,0.12,health,False,COMPLETED,HCMC,organic
T6400,C100683,2025-05-16 16:12:00,topup,43.38,0.04,health,True,COMPLETED,HCMC,organic
T2884,C100308,2025-05-16 16:36:00,pay,69.98,0.35,health,True,COMPLETED,HCMC,paid
T2451,C100270,2025-05-16 17:19:00,transfer,15.92,0.03,education,True,COMPLETED,Hanoi,organic
T6889,C100738,2025-05-16 18:20:00,pay,30.25,0.15,other,True,COMPLETED,HCMC,organic
T6269,C100667,2025-05-16 18:23:00,invest,44.99,0.02,entertainment,False,COMPLETED,Hanoi,paid
T5615,C100597,2025-05-16 18:43:00,pay,65.19,0.33,health,False,COMPLETED,HCMC,paid
T5812,C100622,2025-05-16 19:37:00,bill_pay,34.99,0.1,entertainment,False,COMPLETED,HCMC,paid
T6134,C100650,2025-05-16 20:13:00,invest,64.76,0.03,electronics,False,COMPLETED,CanTho,referral
T5957,C100635,2025-05-16 20:52:00,bill_pay,21.8,0.07,fashion,False,COMPLETED,HCMC,campaign
T5278,C100563,2025-05-16 20:54:00,pay,15.89,0.08,other,False,COMPLETED,HCMC,referral
T7285,C100768,2025-05-16 20:56:00,bill_pay,76.88,0.23,groceries,True,COMPLETED,Hanoi,paid
T6069,C100646,2025-05-16 20:59:00,pay,17.59,0.09,other,True,COMPLETED,Hanoi,paid
T1410,C100162,2025-05-17 10:21:00,transfer,38.28,0.08,transport,False,COMPLETED,HCMC,campaign
T2693,C100293,2025-05-17 11:42:00,pay,39.28,0.2,transport,False,COMPLETED,Hanoi,paid
T5737,C100608,2025-05-17 11:45:00,pay,39.49,0.2,health,False,COMPLETED,Hanoi,paid
T5505,C100588,2025-05-17 11:49:00,bill_pay,49.27,0.15,entertainment,False,COMPLETED,HCMC,organic
T6945,C100743,2025-05-17 12:25:00,bill_pay,14.22,0.04,food_delivery,False,COMPLETED,HaiPhong,organic
T7400,C100780,2025-05-17 12:33:00,transfer,5.79,0.01,education,True,COMPLETED,Hanoi,paid
T5313,C100570,2025-05-17 12:40:00,pay,45.28,0.23,fashion,False,COMPLETED,Hanoi,organic
T351,C100038,2025-05-17 12:46:00,invest,35.88,0.02,electronics,False,COMPLETED,HCMC,organic
T4514,C100481,2025-05-17 13:21:00,pay,7.6,0.04,utilities,True,FAILED,Hanoi,organic
T5352,C100572,2025-05-17 13:26:00,pay,103.22,0.52,health,False,COMPLETED,HCMC,organic
T7277,C100768,2025-05-17 14:37:00,savings,5.79,0.0,utilities,False,COMPLETED,Hanoi,paid
T5736,C100608,2025-05-17 14:37:00,transfer,123.23,0.25,fashion,False,COMPLETED,Hanoi,paid
T1556,C100175,2025-05-17 16:01:00,pay,58.03,0.29,health,False,COMPLETED,HaiPhong,campaign
T3798,C100400,2025-05-17 16:53:00,pay,43.92,0.22,food_delivery,False,COMPLETED,Hanoi,organic
T6978,C100746,2025-05-17 17:12:00,invest,8.82,0.0,other,False,COMPLETED,HaiPhong,organic
T6033,C100642,2025-05-17 17:26:00,transfer,22.09,0.04,fashion,True,COMPLETED,HCMC,organic
T4932,C100527,2025-05-17 18:00:00,pay,61.66,0.31,education,False,COMPLETED,HCMC,organic
T4621,C100492,2025-05-17 18:03:00,pay,24.59,0.12,fashion,False,COMPLETED,Hanoi,organic
T4743,C100505,2025-05-17 18:27:00,transfer,15.09,0.03,food_delivery,False,COMPLETED,HCMC,organic
T7486,C100789,2025-05-17 18:28:00,transfer,14.57,0.03,transport,False,COMPLETED,HCMC,campaign
T7366,C100775,2025-05-17 18:35:00,transfer,44.28,0.09,education,False,COMPLETED,DaNang,organic
T3623,C100383,2025-05-17 19:06:00,pay,16.34,0.08,health,True,COMPLETED,CanTho,organic
T7276,C100767,2025-05-17 19:46:00,transfer,76.74,0.15,education,False,COMPLETED,Hanoi,paid
T6767,C100728,2025-05-17 19:50:00,invest,22.75,0.01,education,True,COMPLETED,HaiPhong,paid
T2870,C100307,2025-05-17 20:05:00,pay,26.46,0.13,entertainment,True,COMPLETED,HCMC,organic
T4540,C100484,2025-05-17 20:09:00,savings,24.89,0.0,health,False,COMPLETED,HCMC,referral
T764,C100081,2025-05-17 20:25:00,transfer,12.77,0.03,transport,True,COMPLETED,HCMC,organic
T6566,C100697,2025-05-17 20:30:00,savings,16.43,0.0,utilities,True,COMPLETED,Hanoi,campaign
T3954,C100414,2025-05-18 09:01:00,transfer,49.0,0.1,education,True,COMPLETED,HCMC,paid
T4057,C100423,2025-05-18 09:06:00,savings,1.62,0.0,health,True,COMPLETED,HCMC,referral
T236,C100031,2025-05-18 09:50:00,pay,30.49,0.15,transport,True,COMPLETED,HCMC,referral
T3882,C100405,2025-05-18 10:10:00,pay,37.76,0.19,health,False,COMPLETED,HCMC,campaign
T4790,C100516,2025-05-18 10:25:00,topup,32.6,0.03,fashion,False,COMPLETED,Hanoi,referral
T7534,C100797,2025-05-18 10:26:00,transfer,82.45,0.16,utilities,False,COMPLETED,DaNang,organic
T3609,C100377,2025-05-18 11:21:00,topup,31.36,0.03,transport,True,COMPLETED,HCMC,referral
T7303,C100769,2025-05-18 12:20:00,pay,35.01,0.18,fashion,True,COMPLETED,Hanoi,organic
T6938,C100743,2025-05-18 12:42:00,transfer,16.08,0.03,utilities,False,COMPLETED,HaiPhong,organic
T2857,C100307,2025-05-18 12:57:00,pay,25.84,0.13,food_delivery,True,COMPLETED,HCMC,organic
T2494,C100272,2025-05-18 13:16:00,pay,17.25,0.09,entertainment,True,COMPLETED,Hanoi,referral
T7097,C100755,2025-05-18 13:23:00,savings,32.48,0.0,fashion,False,COMPLETED,DaNang,paid
T5665,C100602,2025-05-18 13:33:00,savings,23.13,0.0,entertainment,True,COMPLETED,HCMC,paid
T7073,C100753,2025-05-18 14:21:00,savings,13.56,0.0,other,False,COMPLETED,Hanoi,paid
T5015,C100538,2025-05-18 14:35:00,topup,35.29,0.04,food_delivery,False,COMPLETED,HaiPhong,organic
T4462,C100477,2025-05-18 14:44:00,pay,18.55,0.09,education,False,COMPLETED,CanTho,paid
T6998,C100748,2025-05-18 14:59:00,transfer,19.39,0.04,food_delivery,False,COMPLETED,Hanoi,paid
T7642,C100805,2025-05-18 15:58:00,pay,18.22,0.09,electronics,True,COMPLETED,Hanoi,organic
T7346,C100774,2025-05-18 16:12:00,transfer,9.81,0.02,entertainment,False,COMPLETED,CanTho,paid
T2681,C100293,2025-05-18 17:29:00,pay,87.4,0.44,education,False,COMPLETED,Hanoi,paid
T7641,C100803,2025-05-18 17:35:00,bill_pay,17.78,0.05,utilities,False,COMPLETED,Hanoi,paid
T5220,C100556,2025-05-18 18:13:00,bill_pay,44.78,0.13,fashion,False,COMPLETED,Hanoi,paid
T3124,C100331,2025-05-18 19:07:00,invest,46.83,0.02,education,False,COMPLETED,Hanoi,campaign
T4719,C100503,2025-05-18 19:49:00,bill_pay,20.14,0.06,groceries,False,COMPLETED,Hanoi,organic
T5785,C100619,2025-05-18 19:59:00,savings,43.94,0.0,transport,True,COMPLETED,HCMC,referral
T5756,C100614,2025-05-18 20:25:00,transfer,28.89,0.06,education,True,COMPLETED,HCMC,organic
T6063,C100645,2025-05-19 09:01:00,savings,35.2,0.0,education,True,COMPLETED,HCMC,organic
T5133,C100548,2025-05-19 10:25:00,pay,40.68,0.2,groceries,False,COMPLETED,Hanoi,referral
T3511,C100369,2025-05-19 12:09:00,transfer,23.19,0.05,groceries,True,COMPLETED,HCMC,paid
T7367,C100775,2025-05-19 12:26:00,pay,26.41,0.13,food_delivery,False,COMPLETED,DaNang,organic
T6847,C100733,2025-05-19 12:43:00,transfer,27.25,0.05,health,False,COMPLETED,HCMC,paid
T7135,C100757,2025-05-19 14:04:00,transfer,86.26,0.17,transport,True,COMPLETED,Hanoi,referral
T7643,C100805,2025-05-19 14:14:00,topup,32.67,0.03,utilities,True,COMPLETED,Hanoi,organic
T4201,C100438,2025-05-19 14:19:00,pay,11.06,0.06,groceries,False,COMPLETED,HCMC,paid
T5280,C100563,2025-05-19 15:13:00,transfer,6.47,0.01,electronics,False,COMPLETED,HCMC,referral
T7545,C100797,2025-05-19 17:10:00,bill_pay,11.69,0.04,transport,False,COMPLETED,DaNang,organic
T5855,C100626,2025-05-19 17:10:00,transfer,4.24,0.01,other,False,COMPLETED,HCMC,referral
T6729,C100725,2025-05-19 17:31:00,pay,9.06,0.05,entertainment,False,COMPLETED,HCMC,referral
T778,C100085,2025-05-19 17:40:00,invest,4.89,0.0,utilities,False,COMPLETED,HCMC,organic
T3985,C100418,2025-05-19 17:49:00,savings,28.06,0.0,health,True,COMPLETED,CanTho,campaign
T332,C100037,2025-05-19 18:28:00,transfer,14.18,0.03,other,False,COMPLETED,DaNang,paid
T2203,C100249,2025-05-19 18:33:00,transfer,90.15,0.18,entertainment,False,COMPLETED,HCMC,organic
T7004,C100748,2025-05-19 18:38:00,transfer,28.8,0.06,education,False,COMPLETED,Hanoi,paid
T3730,C100391,2025-05-19 19:19:00,savings,88.76,0.0,groceries,True,COMPLETED,HCMC,organic
T4638,C100495,2025-05-19 19:33:00,pay,52.65,0.26,health,False,COMPLETED,Hanoi,organic
T357,C100038,2025-05-19 19:57:00,transfer,26.65,0.05,utilities,True,COMPLETED,HCMC,organic
T5892,C100631,2025-05-19 20:20:00,transfer,13.68,0.03,other,True,COMPLETED,Hanoi,campaign
T6944,C100743,2025-05-19 20:36:00,bill_pay,132.54,0.4,utilities,False,COMPLETED,HaiPhong,organic
T6272,C100668,2025-05-19 20:52:00,bill_pay,28.59,0.09,other,True,COMPLETED,Hanoi,campaign
T6328,C100678,2025-05-19 20:55:00,transfer,23.37,0.05,health,False,COMPLETED,HCMC,referral
T5890,C100631,2025-05-20 09:21:00,transfer,83.03,0.17,transport,True,COMPLETED,Hanoi,campaign
T7435,C100783,2025-05-20 09:22:00,savings,30.11,0.0,food_delivery,True,COMPLETED,Hanoi,paid
T6552,C100696,2025-05-20 09:32:00,savings,8.48,0.0,food_delivery,False,COMPLETED,DaNang,paid
T1685,C100190,2025-05-20 10:10:00,transfer,29.26,0.06,utilities,False,COMPLETED,CanTho,referral
T7252,C100766,2025-05-20 11:05:00,transfer,63.51,0.13,transport,False,COMPLETED,HCMC,campaign
T806,C100085,2025-05-20 11:32:00,savings,40.72,0.0,transport,False,COMPLETED,HCMC,organic
T6948,C100743,2025-05-20 13:08:00,savings,15.29,0.0,utilities,False,COMPLETED,HaiPhong,organic
T2875,C100308,2025-05-20 13:12:00,savings,28.17,0.0,food_delivery,True,COMPLETED,HCMC,paid
T884,C100094,2025-05-20 13:31:00,transfer,7.92,0.02,education,True,COMPLETED,CanTho,paid
T7294,C100769,2025-05-20 13:32:00,transfer,101.49,0.2,health,False,COMPLETED,Hanoi,organic
T7080,C100753,2025-05-20 13:51:00,transfer,21.23,0.04,health,True,COMPLETED,Hanoi,paid
T7321,C100771,2025-05-20 14:23:00,pay,8.21,0.04,electronics,True,COMPLETED,DaNang,paid
T7317,C100769,2025-05-20 14:48:00,savings,161.91,0.0,groceries,False,COMPLETED,Hanoi,organic
T7397,C100780,2025-05-20 15:52:00,pay,26.08,0.13,other,False,COMPLETED,Hanoi,paid
T6204,C100658,2025-05-20 15:56:00,invest,23.02,0.01,utilities,False,COMPLETED,Hanoi,paid
T7100,C100755,2025-05-20 17:32:00,transfer,29.07,0.06,food_delivery,True,COMPLETED,DaNang,paid
T6442,C100685,2025-05-20 17:48:00,savings,35.94,0.0,food_delivery,True,COMPLETED,HCMC,organic
T6473,C100687,2025-05-20 17:49:00,bill_pay,73.54,0.22,health,False,COMPLETED,Hanoi,campaign
T4235,C100440,2025-05-20 17:52:00,transfer,13.9,0.03,groceries,False,COMPLETED,CanTho,campaign
T6040,C100642,2025-05-20 18:20:00,transfer,4.35,0.01,food_delivery,True,COMPLETED,HCMC,organic
T2381,C100266,2025-05-20 18:54:00,transfer,144.33,0.29,transport,False,COMPLETED,Hanoi,organic
T7022,C100750,2025-05-20 19:28:00,savings,23.14,0.0,fashion,False,COMPLETED,HCMC,organic
T7198,C100762,2025-05-20 19:31:00,transfer,96.09,0.19,fashion,True,COMPLETED,Hanoi,organic
T6346,C100679,2025-05-20 20:04:00,pay,20.67,0.1,other,True,COMPLETED,HCMC,referral
T4741,C100505,2025-05-20 20:26:00,transfer,30.03,0.06,transport,False,COMPLETED,HCMC,organic
T3575,C100376,2025-05-20 20:51:00,savings,23.75,0.0,food_delivery,True,COMPLETED,HCMC,paid
T4320,C100452,2025-05-21 09:47:00,transfer,21.52,0.04,health,False,COMPLETED,Hanoi,organic
T6768,C100728,2025-05-21 09:50:00,savings,9.64,0.0,other,False,COMPLETED,HaiPhong,paid
T4103,C100425,2025-05-21 12:13:00,savings,24.99,0.0,transport,False,COMPLETED,HCMC,organic
T7021,C100749,2025-05-21 13:31:00,savings,22.46,0.0,entertainment,False,COMPLETED,HCMC,paid
T6911,C100739,2025-05-21 13:57:00,transfer,16.1,0.03,education,False,COMPLETED,HCMC,referral
T7651,C100813,2025-05-21 14:29:00,pay,19.08,0.1,fashion,True,COMPLETED,HCMC,paid
T1749,C100201,2025-05-21 14:54:00,savings,10.93,0.0,utilities,False,COMPLETED,Hanoi,paid
T4329,C100452,2025-05-21 14:54:00,pay,38.32,0.19,health,True,COMPLETED,Hanoi,organic
T6230,C100661,2025-05-21 15:23:00,invest,25.46,0.01,electronics,False,COMPLETED,HCMC,organic
T4289,C100451,2025-05-21 15:27:00,bill_pay,5.81,0.02,education,False,COMPLETED,Hanoi,organic
T6647,C100714,2025-05-21 15:30:00,savings,40.31,0.0,education,False,COMPLETED,Hanoi,referral
T2728,C100295,2025-05-21 16:17:00,pay,45.66,0.23,fashion,True,COMPLETED,HCMC,paid
T5470,C100583,2025-05-21 18:28:00,transfer,104.19,0.21,transport,False,COMPLETED,HCMC,organic
T3894,C100408,2025-05-21 19:04:00,transfer,21.51,0.04,transport,False,COMPLETED,HaiPhong,organic
T5067,C100542,2025-05-21 19:31:00,savings,16.87,0.0,electronics,True,COMPLETED,HCMC,organic
T6814,C100730,2025-05-21 20:21:00,pay,20.95,0.1,entertainment,True,COMPLETED,DaNang,organic
T4493,C100478,2025-05-21 20:39:00,pay,6.28,0.03,health,False,COMPLETED,HCMC,organic
T7053,C100751,2025-05-22 10:32:00,pay,73.1,0.37,utilities,False,COMPLETED,HCMC,referral
T5845,C100623,2025-05-22 10:57:00,bill_pay,19.8,0.06,education,True,COMPLETED,HCMC,paid
T3345,C100354,2025-05-22 10:59:00,bill_pay,62.4,0.19,entertainment,False,COMPLETED,HCMC,paid
T7037,C100751,2025-05-22 11:30:00,pay,23.44,0.12,groceries,True,COMPLETED,HCMC,referral
T7646,C100805,2025-05-22 11:52:00,savings,30.47,0.0,education,True,COMPLETED,Hanoi,organic
T7667,C100814,2025-05-22 12:23:00,bill_pay,22.32,0.07,health,False,COMPLETED,Hanoi,organic
T6803,C100730,2025-05-22 13:09:00,transfer,70.05,0.14,utilities,True,COMPLETED,DaNang,organic
T3364,C100357,2025-05-22 13:20:00,transfer,29.38,0.06,health,False,COMPLETED,DaNang,campaign
T6277,C100670,2025-05-22 15:07:00,pay,147.52,0.74,groceries,True,COMPLETED,HCMC,paid
T5189,C100552,2025-05-22 15:13:00,pay,7.14,0.04,food_delivery,False,COMPLETED,HCMC,organic
T7143,C100759,2025-05-22 15:21:00,bill_pay,28.74,0.09,transport,False,COMPLETED,HCMC,organic
T5651,C100602,2025-05-22 15:38:00,pay,17.23,0.09,education,True,COMPLETED,HCMC,paid
T5552,C100592,2025-05-22 15:59:00,pay,44.44,0.22,utilities,False,COMPLETED,HCMC,organic
T5191,C100553,2025-05-22 16:50:00,transfer,16.34,0.03,health,True,COMPLETED,HCMC,organic
T2976,C100312,2025-05-22 16:53:00,savings,7.13,0.0,health,True,COMPLETED,HCMC,campaign
T6185,C100658,2025-05-22 16:59:00,transfer,10.62,0.02,food_delivery,False,COMPLETED,Hanoi,paid
T7663,C100813,2025-05-22 17:07:00,transfer,39.89,0.08,electronics,False,COMPLETED,HCMC,paid
T6992,C100746,2025-05-22 17:15:00,pay,46.45,0.23,other,False,COMPLETED,HaiPhong,organic
T4841,C100518,2025-05-22 17:36:00,pay,45.38,0.23,groceries,True,COMPLETED,DaNang,organic
T1352,C100156,2025-05-22 17:56:00,bill_pay,49.65,0.15,groceries,False,COMPLETED,Hanoi,organic
T5282,C100565,2025-05-22 18:24:00,transfer,77.0,0.15,health,True,FAILED,DaNang,organic
T5986,C100636,2025-05-22 18:30:00,pay,27.96,0.14,fashion,False,COMPLETED,DaNang,referral
T3294,C100349,2025-05-22 18:36:00,pay,16.8,0.08,food_delivery,False,COMPLETED,HCMC,organic
T6385,C100681,2025-05-22 19:02:00,bill_pay,19.0,0.06,utilities,False,COMPLETED,HCMC,organic
T5340,C100571,2025-05-22 19:38:00,bill_pay,37.32,0.11,groceries,True,COMPLETED,HCMC,paid
T646,C100068,2025-05-22 20:31:00,savings,45.55,0.0,groceries,False,COMPLETED,HCMC,organic
T6273,C100670,2025-05-22 20:42:00,pay,20.89,0.1,fashion,False,COMPLETED,HCMC,paid
T4176,C100437,2025-05-22 20:50:00,bill_pay,22.84,0.07,transport,False,COMPLETED,DaNang,organic
T7478,C100789,2025-05-22 20:54:00,transfer,49.48,0.1,transport,True,COMPLETED,HCMC,campaign
T2426,C100269,2025-05-22 20:54:00,pay,42.74,0.21,utilities,True,COMPLETED,Hanoi,organic
T2040,C100231,2025-05-23 10:38:00,savings,37.53,0.0,fashion,False,COMPLETED,HCMC,paid
T7731,C100819,2025-05-23 10:55:00,pay,85.85,0.43,other,False,COMPLETED,HCMC,campaign
T6491,C100688,2025-05-23 11:45:00,bill_pay,17.95,0.05,utilities,True,COMPLETED,CanTho,organic
T4733,C100505,2025-05-23 12:06:00,savings,100.6,0.0,entertainment,True,COMPLETED,HCMC,organic
T476,C100045,2025-05-23 12:55:00,savings,44.64,0.0,groceries,False,COMPLETED,CanTho,paid
T5698,C100604,2025-05-23 13:17:00,pay,34.11,0.17,food_delivery,False,COMPLETED,DaNang,organic
T2868,C100307,2025-05-23 13:30:00,pay,48.69,0.24,transport,False,COMPLETED,HCMC,organic
T2609,C100286,2025-05-23 13:33:00,transfer,87.65,0.18,groceries,True,COMPLETED,DaNang,organic
T5364,C100572,2025-05-23 13:42:00,pay,22.71,0.11,utilities,True,COMPLETED,HCMC,organic
T5887,C100631,2025-05-23 14:24:00,pay,23.35,0.12,food_delivery,False,COMPLETED,Hanoi,campaign
T5541,C100590,2025-05-23 14:25:00,transfer,50.73,0.1,groceries,False,COMPLETED,HCMC,paid
T2068,C100236,2025-05-23 14:55:00,pay,62.49,0.31,other,False,COMPLETED,CanTho,organic
T4617,C100492,2025-05-23 15:00:00,pay,75.95,0.38,groceries,False,COMPLETED,Hanoi,organic
T5645,C100601,2025-05-23 15:32:00,savings,97.07,0.0,groceries,True,COMPLETED,Hanoi,organic
T6073,C100646,2025-05-23 15:33:00,transfer,29.32,0.06,electronics,True,COMPLETED,Hanoi,paid
T3614,C100383,2025-05-23 15:47:00,savings,38.52,0.0,entertainment,False,COMPLETED,CanTho,organic
T860,C100093,2025-05-23 16:07:00,bill_pay,59.79,0.18,education,True,COMPLETED,Hanoi,organic
T2917,C100309,2025-05-23 16:13:00,pay,24.24,0.12,health,True,COMPLETED,HCMC,paid
T1249,C100138,2025-05-23 16:20:00,transfer,111.45,0.22,health,False,COMPLETED,Hanoi,organic
T7304,C100769,2025-05-23 16:40:00,bill_pay,17.79,0.05,transport,False,COMPLETED,Hanoi,organic
T4066,C100424,2025-05-23 16:49:00,transfer,9.58,0.02,food_delivery,False,COMPLETED,HaiPhong,organic
T2362,C100265,2025-05-23 17:09:00,invest,21.9,0.01,fashion,False,COMPLETED,Hanoi,organic
T6401,C100683,2025-05-23 17:52:00,pay,63.7,0.32,groceries,False,COMPLETED,HCMC,organic
T5217,C100556,2025-05-23 18:29:00,transfer,19.95,0.04,groceries,False,COMPLETED,Hanoi,paid
T1339,C100154,2025-05-23 19:28:00,transfer,7.8,0.02,health,False,COMPLETED,Hanoi,organic
T7384,C100778,2025-05-24 09:14:00,pay,28.33,0.14,food_delivery,False,COMPLETED,HaiPhong,campaign
T6289,C100670,2025-05-24 09:19:00,invest,65.07,0.03,food_delivery,False,COMPLETED,HCMC,paid
T6630,C100712,2025-05-24 09:19:00,savings,37.98,0.0,transport,False,COMPLETED,CanTho,paid
T5151,C100550,2025-05-24 09:30:00,pay,22.54,0.11,food_delivery,False,COMPLETED,HCMC,paid
T1237,C100134,2025-05-24 09:39:00,pay,44.29,0.22,health,False,COMPLETED,HCMC,organic
T3229,C100341,2025-05-24 09:45:00,pay,43.21,0.22,entertainment,False,COMPLETED,Hanoi,organic
T7436,C100783,2025-05-24 09:54:00,transfer,15.71,0.03,transport,True,COMPLETED,Hanoi,paid
T7440,C100783,2025-05-24 12:05:00,pay,13.13,0.07,health,False,COMPLETED,Hanoi,paid
T6968,C100746,2025-05-24 13:02:00,bill_pay,19.17,0.06,groceries,True,COMPLETED,HaiPhong,organic
T7293,C100769,2025-05-24 13:30:00,pay,24.89,0.12,fashion,True,COMPLETED,Hanoi,organic
T6094,C100647,2025-05-24 14:19:00,bill_pay,61.22,0.18,food_delivery,True,COMPLETED,CanTho,campaign
T7510,C100794,2025-05-24 14:25:00,pay,36.79,0.18,transport,False,COMPLETED,Hanoi,referral
T6138,C100650,2025-05-24 15:52:00,invest,16.33,0.01,fashion,False,COMPLETED,CanTho,referral
T4402,C100465,2025-05-24 16:35:00,pay,36.56,0.18,groceries,False,COMPLETED,Hanoi,paid
T7585,C100799,2025-05-24 16:40:00,pay,27.1,0.14,utilities,True,COMPLETED,HCMC,organic
T3400,C100359,2025-05-24 17:23:00,pay,35.71,0.18,transport,False,COMPLETED,Hanoi,organic
T7146,C100759,2025-05-24 17:46:00,pay,126.25,0.63,utilities,False,COMPLETED,HCMC,organic
T1186,C100131,2025-05-24 17:57:00,pay,29.19,0.15,food_delivery,True,COMPLETED,HCMC,paid
T4645,C100496,2025-05-24 18:17:00,transfer,16.77,0.03,fashion,False,COMPLETED,Hanoi,campaign
T5804,C100622,2025-05-24 19:00:00,savings,12.97,0.0,education,False,COMPLETED,HCMC,paid
T6085,C100646,2025-05-24 19:03:00,pay,26.99,0.13,groceries,True,COMPLETED,Hanoi,paid
T1511,C100171,2025-05-24 19:14:00,pay,28.76,0.14,entertainment,False,COMPLETED,HCMC,organic
T5521,C100589,2025-05-24 19:35:00,bill_pay,35.91,0.11,electronics,True,COMPLETED,HCMC,organic
T7518,C100796,2025-05-24 19:52:00,pay,22.84,0.11,food_delivery,False,COMPLETED,DaNang,organic
T7734,C100819,2025-05-24 20:24:00,bill_pay,20.45,0.06,entertainment,False,COMPLETED,HCMC,campaign
T6411,C100683,2025-05-24 20:32:00,transfer,20.12,0.04,health,False,COMPLETED,HCMC,organic
T4547,C100484,2025-05-24 20:46:00,savings,40.93,0.0,health,False,COMPLETED,HCMC,referral
T5144,C100550,2025-05-25 09:07:00,transfer,14.85,0.03,groceries,True,COMPLETED,HCMC,paid
T1095,C100121,2025-05-25 09:57:00,transfer,36.77,0.07,other,False,COMPLETED,HCMC,organic
T7580,C100799,2025-05-25 10:26:00,pay,11.08,0.06,education,False,COMPLETED,HCMC,organic
T7394,C100780,2025-05-25 10:33:00,pay,29.67,0.15,entertainment,False,COMPLETED,Hanoi,paid
T3983,C100418,2025-05-25 10:41:00,topup,19.5,0.02,electronics,True,COMPLETED,CanTho,campaign
T7542,C100797,2025-05-25 10:49:00,savings,11.06,0.0,entertainment,True,COMPLETED,DaNang,organic
T2393,C100266,2025-05-25 10:52:00,transfer,33.42,0.07,transport,False,COMPLETED,Hanoi,organic
T2997,C100313,2025-05-25 12:45:00,savings,42.34,0.0,food_delivery,True,COMPLETED,DaNang,organic
T7091,C100755,2025-05-25 12:50:00,savings,19.09,0.0,electronics,True,COMPLETED,DaNang,paid
T7126,C100756,2025-05-25 13:34:00,pay,49.48,0.25,transport,False,COMPLETED,HCMC,organic
T4250,C100444,2025-05-25 13:39:00,bill_pay,38.14,0.11,health,True,COMPLETED,Hanoi,organic
T31,C100008,2025-05-25 13:45:00,bill_pay,65.97,0.2,transport,False,COMPLETED,Hanoi,organic
T7503,C100792,2025-05-25 14:02:00,savings,23.44,0.0,fashion,False,COMPLETED,Hanoi,paid
T4759,C100511,2025-05-25 14:37:00,savings,13.56,0.0,fashion,False,COMPLETED,HCMC,organic
T6567,C100697,2025-05-25 14:55:00,pay,19.92,0.1,transport,True,COMPLETED,Hanoi,campaign
T4114,C100427,2025-05-25 15:23:00,transfer,12.91,0.03,other,True,COMPLETED,HCMC,paid
T5708,C100605,2025-05-25 16:05:00,pay,31.02,0.16,utilities,True,COMPLETED,Hanoi,campaign
T5284,C100565,2025-05-25 17:44:00,pay,36.17,0.18,entertainment,True,COMPLETED,DaNang,organic
T4785,C100516,2025-05-25 17:47:00,pay,15.83,0.08,electronics,False,COMPLETED,Hanoi,referral
T7717,C100818,2025-05-25 18:03:00,pay,12.17,0.06,utilities,True,COMPLETED,Hanoi,paid
T1119,C100123,2025-05-25 19:00:00,bill_pay,82.8,0.25,other,False,COMPLETED,Hanoi,organic
T4616,C100492,2025-05-25 19:30:00,pay,11.55,0.06,education,True,COMPLETED,Hanoi,organic
T2237,C100255,2025-05-25 20:09:00,pay,38.62,0.19,electronics,False,COMPLETED,Hanoi,organic
T4981,C100533,2025-05-25 20:57:00,pay,10.18,0.05,electronics,False,COMPLETED,Hanoi,paid
T1057,C100119,2025-05-26 10:03:00,savings,37.82,0.0,groceries,False,COMPLETED,CanTho,organic
T4442,C100475,2025-05-26 10:07:00,pay,23.33,0.12,food_delivery,False,COMPLETED,HCMC,paid
T6161,C100654,2025-05-26 10:19:00,transfer,8.86,0.02,fashion,False,COMPLETED,CanTho,organic
T5851,C100623,2025-05-26 11:27:00,pay,80.42,0.4,transport,False,COMPLETED,HCMC,paid
T7629,C100803,2025-05-26 11:49:00,transfer,11.4,0.02,electronics,True,COMPLETED,Hanoi,paid
T7401,C100780,2025-05-26 12:07:00,savings,76.05,0.0,health,True,COMPLETED,Hanoi,paid
T6263,C100667,2025-05-26 12:52:00,savings,32.75,0.0,entertainment,False,COMPLETED,Hanoi,paid
T1473,C100169,2025-05-26 13:24:00,pay,25.26,0.13,transport,True,COMPLETED,Hanoi,referral
T6321,C100676,2025-05-26 13:32:00,pay,37.58,0.19,other,True,COMPLETED,HCMC,organic
T5294,C100565,2025-05-26 14:06:00,pay,24.61,0.12,education,False,COMPLETED,DaNang,organic
T7230,C100765,2025-05-26 15:45:00,pay,17.04,0.09,health,False,COMPLETED,HCMC,paid
T6736,C100725,2025-05-26 15:54:00,transfer,61.36,0.12,electronics,False,COMPLETED,HCMC,referral
T7183,C100762,2025-05-26 16:01:00,transfer,10.56,0.02,other,True,COMPLETED,Hanoi,organic
T7010,C100749,2025-05-26 16:09:00,savings,14.84,0.0,fashion,False,COMPLETED,HCMC,paid
T7306,C100769,2025-05-26 16:10:00,transfer,17.17,0.03,education,False,COMPLETED,Hanoi,organic
T4257,C100444,2025-05-26 16:20:00,savings,9.43,0.0,fashion,False,COMPLETED,Hanoi,organic
T1621,C100181,2025-05-26 16:49:00,invest,13.27,0.01,other,True,COMPLETED,HCMC,organic
T1189,C100132,2025-05-26 17:03:00,transfer,9.67,0.02,groceries,False,COMPLETED,Hanoi,paid
T4921,C100526,2025-05-26 17:30:00,transfer,10.23,0.02,fashion,False,COMPLETED,HCMC,paid
T7601,C100802,2025-05-26 17:42:00,bill_pay,29.15,0.09,utilities,False,COMPLETED,Hanoi,organic
T1240,C100134,2025-05-26 18:15:00,pay,33.84,0.17,food_delivery,False,COMPLETED,HCMC,organic
T6664,C100718,2025-05-26 18:29:00,bill_pay,39.46,0.12,electronics,False,COMPLETED,HCMC,organic
T6319,C100676,2025-05-26 18:44:00,transfer,20.48,0.04,other,True,COMPLETED,HCMC,organic
T7575,C100798,2025-05-26 19:29:00,savings,5.65,0.0,transport,False,COMPLETED,HCMC,campaign
T3590,C100376,2025-05-26 19:38:00,pay,18.99,0.09,food_delivery,True,COMPLETED,HCMC,paid
T5853,C100623,2025-05-26 19:55:00,transfer,39.69,0.08,transport,False,COMPLETED,HCMC,paid
T7595,C100802,2025-05-26 20:08:00,transfer,95.85,0.19,health,False,COMPLETED,Hanoi,organic
T4024,C100420,2025-05-26 20:27:00,bill_pay,44.66,0.13,groceries,True,COMPLETED,HCMC,organic
T6857,C100734,2025-05-27 09:04:00,bill_pay,21.24,0.06,groceries,True,COMPLETED,HCMC,organic
T7406,C100782,2025-05-27 09:05:00,pay,26.51,0.13,education,True,COMPLETED,HCMC,organic
T6988,C100746,2025-05-27 09:15:00,pay,31.19,0.16,education,True,COMPLETED,HaiPhong,organic
T7054,C100751,2025-05-27 09:33:00,savings,10.74,0.0,food_delivery,False,COMPLETED,HCMC,referral
T5464,C100583,2025-05-27 09:49:00,bill_pay,200.23,0.6,fashion,False,COMPLETED,HCMC,organic
T6896,C100738,2025-05-27 10:00:00,savings,15.06,0.0,groceries,False,COMPLETED,HCMC,organic
T2184,C100249,2025-05-27 10:57:00,transfer,23.82,0.05,entertainment,True,COMPLETED,HCMC,organic
T4122,C100429,2025-05-27 11:26:00,topup,18.63,0.02,electronics,False,COMPLETED,HaiPhong,referral
T7490,C100791,2025-05-27 12:21:00,transfer,9.94,0.02,health,False,COMPLETED,HCMC,referral
T673,C100072,2025-05-27 12:35:00,pay,73.53,0.37,food_delivery,True,COMPLETED,HCMC,organic
T5495,C100584,2025-05-27 13:17:00,invest,14.44,0.01,entertainment,True,COMPLETED,CanTho,organic
T5714,C100605,2025-05-27 13:18:00,transfer,49.99,0.1,food_delivery,False,COMPLETED,Hanoi,campaign
T6376,C100681,2025-05-27 14:15:00,transfer,40.29,0.08,transport,False,COMPLETED,HCMC,organic
T4061,C100424,2025-05-27 14:34:00,savings,20.51,0.0,electronics,False,COMPLETED,HaiPhong,organic
T3578,C100376,2025-05-27 16:55:00,transfer,37.17,0.07,other,False,COMPLETED,HCMC,paid
T2859,C100307,2025-05-27 16:57:00,transfer,23.73,0.05,transport,True,COMPLETED,HCMC,organic
T6609,C100707,2025-05-27 17:22:00,pay,101.77,0.51,education,False,COMPLETED,HCMC,paid
T6509,C100691,2025-05-27 17:48:00,pay,8.49,0.04,groceries,False,COMPLETED,Hanoi,paid
T3037,C100322,2025-05-27 18:12:00,transfer,17.34,0.03,food_delivery,True,COMPLETED,HCMC,paid
T3817,C100401,2025-05-27 18:28:00,pay,77.21,0.39,food_delivery,False,COMPLETED,DaNang,organic
T3799,C100400,2025-05-27 18:45:00,invest,42.08,0.02,education,True,COMPLETED,Hanoi,organic
T4529,C100481,2025-05-27 19:07:00,pay,34.92,0.17,entertainment,False,COMPLETED,Hanoi,organic
T5384,C100575,2025-05-27 19:22:00,topup,25.1,0.03,utilities,True,COMPLETED,HCMC,referral
T5059,C100542,2025-05-27 19:58:00,pay,43.17,0.22,food_delivery,True,COMPLETED,HCMC,organic
T889,C100094,2025-05-27 20:14:00,transfer,11.1,0.02,electronics,True,COMPLETED,CanTho,paid
T422,C100043,2025-05-28 09:27:00,pay,33.73,0.17,fashion,False,COMPLETED,DaNang,paid
T7684,C100814,2025-05-28 09:33:00,transfer,8.54,0.02,electronics,True,COMPLETED,Hanoi,organic
T6292,C100671,2025-05-28 10:09:00,transfer,41.99,0.08,entertainment,False,COMPLETED,Hanoi,paid
T2825,C100301,2025-05-28 10:11:00,pay,21.82,0.11,electronics,False,COMPLETED,HCMC,organic
T3926,C100412,2025-05-28 10:19:00,pay,67.51,0.34,electronics,True,COMPLETED,HaiPhong,paid
T1414,C100162,2025-05-28 10:29:00,pay,7.46,0.04,groceries,False,COMPLETED,HCMC,campaign
T5283,C100565,2025-05-28 11:13:00,bill_pay,42.34,0.13,education,True,COMPLETED,DaNang,organic
T3269,C100343,2025-05-28 11:25:00,transfer,19.56,0.04,health,True,COMPLETED,Hanoi,campaign
T5312,C100570,2025-05-28 11:44:00,transfer,94.95,0.19,transport,False,COMPLETED,Hanoi,organic
T6969,C100746,2025-05-28 12:13:00,savings,31.05,0.0,utilities,False,COMPLETED,HaiPhong,organic
T3781,C100397,2025-05-28 12:54:00,savings,29.62,0.0,transport,True,COMPLETED,HCMC,paid
T7222,C100765,2025-05-28 13:31:00,savings,46.05,0.0,electronics,False,COMPLETED,HCMC,paid
T6275,C100670,2025-05-28 14:30:00,savings,16.44,0.0,utilities,False,COMPLETED,HCMC,paid
T4606,C100489,2025-05-28 14:54:00,pay,35.47,0.18,education,False,COMPLETED,Hanoi,organic
T811,C100086,2025-05-28 15:20:00,transfer,35.44,0.07,electronics,True,COMPLETED,HCMC,organic
T394,C100042,2025-05-28 16:31:00,transfer,50.02,0.1,entertainment,False,COMPLETED,HCMC,organic
T7664,C100814,2025-05-28 16:48:00,pay,95.64,0.48,health,True,COMPLETED,Hanoi,organic
T2957,C100311,2025-05-28 16:54:00,savings,49.89,0.0,other,False,COMPLETED,CanTho,campaign
T5580,C100594,2025-05-28 16:55:00,pay,25.48,0.13,entertainment,False,COMPLETED,Hanoi,referral
T2795,C100299,2025-05-28 16:59:00,pay,14.35,0.07,education,True,COMPLETED,HCMC,organic
T7703,C100818,2025-05-28 17:23:00,transfer,9.33,0.02,fashion,False,COMPLETED,Hanoi,paid
T6780,C100729,2025-05-28 18:39:00,transfer,109.94,0.22,other,False,COMPLETED,Hanoi,paid
T6448,C100686,2025-05-28 18:49:00,transfer,4.42,0.01,food_delivery,True,COMPLETED,CanTho,organic
T6130,C100649,2025-05-28 19:30:00,transfer,11.22,0.02,transport,True,COMPLETED,HCMC,organic
T1150,C100128,2025-05-28 19:47:00,bill_pay,28.38,0.09,transport,True,COMPLETED,HCMC,organic
T6662,C100718,2025-05-28 20:21:00,transfer,59.61,0.12,education,False,COMPLETED,HCMC,organic
T5723,C100605,2025-05-28 20:46:00,invest,35.48,0.02,groceries,False,COMPLETED,Hanoi,campaign
T5250,C100559,2025-05-29 09:18:00,pay,22.08,0.11,health,False,COMPLETED,HCMC,referral
T6597,C100707,2025-05-29 10:00:00,transfer,31.11,0.06,utilities,True,COMPLETED,HCMC,paid
T3131,C100331,2025-05-29 10:20:00,transfer,47.74,0.1,utilities,False,COMPLETED,Hanoi,campaign
T7409,C100782,2025-05-29 10:22:00,bill_pay,56.49,0.17,other,False,COMPLETED,HCMC,organic
T7332,C100771,2025-05-29 10:34:00,topup,10.09,0.01,education,True,COMPLETED,DaNang,paid
T7024,C100750,2025-05-29 10:55:00,savings,45.55,0.0,food_delivery,False,COMPLETED,HCMC,organic
T7362,C100775,2025-05-29 12:25:00,savings,57.8,0.0,food_delivery,False,FAILED,DaNang,organic
T7395,C100780,2025-05-29 12:33:00,bill_pay,9.46,0.03,utilities,False,COMPLETED,Hanoi,paid
T4757,C100511,2025-05-29 12:34:00,pay,90.56,0.45,groceries,False,COMPLETED,HCMC,organic
T6074,C100646,2025-05-29 12:54:00,pay,86.71,0.43,electronics,False,COMPLETED,Hanoi,paid
T1422,C100166,2025-05-29 13:01:00,pay,28.93,0.14,entertainment,True,COMPLETED,HCMC,referral
T4754,C100511,2025-05-29 13:07:00,savings,39.68,0.0,other,True,COMPLETED,HCMC,organic
T3760,C100395,2025-05-29 13:23:00,savings,26.92,0.0,groceries,False,COMPLETED,Hanoi,organic
T7169,C100760,2025-05-29 13:38:00,bill_pay,25.65,0.08,fashion,False,COMPLETED,DaNang,organic
T7286,C100768,2025-05-29 13:48:00,savings,37.31,0.0,education,True,COMPLETED,Hanoi,paid
T7552,C100797,2025-05-29 14:05:00,savings,8.82,0.0,food_delivery,False,COMPLETED,DaNang,organic
T5806,C100622,2025-05-29 14:30:00,savings,21.9,0.0,fashion,True,COMPLETED,HCMC,paid
T1083,C100121,2025-05-29 14:36:00,transfer,65.1,0.13,transport,False,COMPLETED,HCMC,organic
T7380,C100778,2025-05-29 14:54:00,transfer,37.64,0.08,transport,False,COMPLETED,HaiPhong,campaign
T7480,C100789,2025-05-29 15:37:00,pay,20.45,0.1,education,True,COMPLETED,HCMC,campaign
T141,C100022,2025-05-29 15:46:00,topup,19.48,0.02,health,True,COMPLETED,HCMC,organic
T1178,C100131,2025-05-29 16:01:00,savings,20.81,0.0,fashion,True,COMPLETED,HCMC,paid
T5642,C100601,2025-05-29 16:17:00,pay,31.93,0.16,utilities,True,COMPLETED,Hanoi,organic
T6076,C100646,2025-05-29 16:27:00,pay,39.4,0.2,education,True,COMPLETED,Hanoi,paid
T6101,C100647,2025-05-29 16:34:00,transfer,39.93,0.08,education,True,COMPLETED,CanTho,campaign
T2176,C100246,2025-05-29 16:49:00,pay,183.0,0.92,transport,True,COMPLETED,HCMC,referral
T2619,C100286,2025-05-29 17:56:00,savings,14.69,0.0,groceries,True,COMPLETED,DaNang,organic
T1571,C100176,2025-05-29 18:06:00,pay,181.59,0.91,other,True,COMPLETED,Hanoi,referral
T3617,C100383,2025-05-29 18:37:00,savings,41.26,0.0,utilities,True,COMPLETED,CanTho,organic
T6819,C100730,2025-05-29 18:54:00,savings,15.39,0.0,health,False,COMPLETED,DaNang,organic
T1175,C100131,2025-05-29 18:58:00,transfer,25.45,0.05,other,False,COMPLETED,HCMC,paid
T1775,C100202,2025-05-29 19:05:00,transfer,27.15,0.05,other,True,COMPLETED,CanTho,organic
T7824,C100835,2025-05-29 19:16:00,transfer,57.74,0.12,groceries,False,COMPLETED,DaNang,organic
T3970,C100415,2025-05-29 19:37:00,pay,45.24,0.23,food_delivery,False,COMPLETED,HCMC,organic
T3374,C100357,2025-05-29 19:41:00,transfer,49.45,0.1,fashion,True,COMPLETED,DaNang,campaign
T3523,C100370,2025-05-29 20:30:00,transfer,20.04,0.04,utilities,True,COMPLETED,Hanoi,organic
T7325,C100771,2025-05-29 20:48:00,pay,40.53,0.2,transport,False,COMPLETED,DaNang,paid
T7209,C100765,2025-05-30 09:38:00,pay,7.2,0.04,health,False,COMPLETED,HCMC,paid
T5763,C100614,2025-05-30 09:49:00,transfer,18.34,0.04,electronics,False,COMPLETED,HCMC,organic
T76,C100013,2025-05-30 10:02:00,pay,22.47,0.11,other,True,COMPLETED,CanTho,organic
T7553,C100798,2025-05-30 11:56:00,bill_pay,19.7,0.06,other,False,COMPLETED,HCMC,campaign
T7058,C100751,2025-05-30 12:35:00,transfer,74.21,0.15,utilities,False,COMPLETED,HCMC,referral
T2441,C100269,2025-05-30 14:10:00,pay,16.22,0.08,electronics,True,COMPLETED,Hanoi,organic
T3962,C100414,2025-05-30 14:24:00,transfer,17.32,0.03,health,True,COMPLETED,HCMC,paid
T7383,C100778,2025-05-30 14:57:00,pay,12.2,0.06,other,False,COMPLETED,HaiPhong,campaign
T3074,C100329,2025-05-30 15:36:00,transfer,54.46,0.11,groceries,True,COMPLETED,HCMC,organic
T6140,C100650,2025-05-30 16:07:00,transfer,12.45,0.02,groceries,True,COMPLETED,CanTho,referral
T1516,C100173,2025-05-30 16:57:00,bill_pay,13.42,0.04,electronics,False,COMPLETED,HCMC,organic
T4468,C100477,2025-05-30 17:00:00,pay,8.49,0.04,education,True,COMPLETED,CanTho,paid
T6078,C100646,2025-05-30 17:15:00,transfer,59.41,0.12,education,False,COMPLETED,Hanoi,paid
T6458,C100687,2025-05-30 17:45:00,savings,85.52,0.0,other,False,FAILED,Hanoi,campaign
T5179,C100552,2025-05-30 18:03:00,transfer,20.7,0.04,groceries,True,COMPLETED,HCMC,organic
T5779,C100616,2025-05-30 18:25:00,pay,106.02,0.53,utilities,False,COMPLETED,DaNang,campaign
T5789,C100620,2025-05-30 19:03:00,transfer,23.11,0.05,health,False,COMPLETED,HCMC,organic
T7750,C100821,2025-05-30 19:42:00,pay,33.73,0.17,health,False,COMPLETED,HCMC,organic
T3602,C100377,2025-05-30 20:12:00,transfer,101.42,0.2,other,True,COMPLETED,HCMC,referral
T5760,C100614,2025-05-30 20:36:00,transfer,23.65,0.05,groceries,True,COMPLETED,HCMC,organic
T6485,C100688,2025-05-30 20:50:00,pay,48.24,0.24,food_delivery,False,COMPLETED,CanTho,organic
T5128,C100548,2025-05-30 20:52:00,bill_pay,37.99,0.11,transport,False,COMPLETED,Hanoi,referral
T6875,C100735,2025-05-30 20:58:00,pay,32.1,0.16,other,True,COMPLETED,HCMC,organic
T2703,C100294,2025-05-31 09:06:00,pay,22.66,0.11,education,True,COMPLETED,Hanoi,paid
T4970,C100533,2025-05-31 10:09:00,pay,10.79,0.05,health,True,COMPLETED,Hanoi,paid
T4117,C100427,2025-05-31 10:23:00,pay,28.35,0.14,utilities,True,COMPLETED,HCMC,paid
T6620,C100712,2025-05-31 12:06:00,invest,11.34,0.01,utilities,True,COMPLETED,CanTho,paid
T4029,C100420,2025-05-31 12:13:00,pay,16.05,0.08,fashion,False,COMPLETED,HCMC,organic
T7765,C100821,2025-05-31 12:24:00,pay,9.66,0.05,health,True,COMPLETED,HCMC,organic
T7086,C100753,2025-05-31 12:29:00,savings,253.48,0.0,utilities,True,COMPLETED,Hanoi,paid
T3348,C100354,2025-05-31 12:57:00,transfer,16.54,0.03,electronics,False,COMPLETED,HCMC,paid
T7121,C100756,2025-05-31 13:15:00,invest,48.6,0.02,fashion,True,COMPLETED,HCMC,organic
T7166,C100760,2025-05-31 13:19:00,pay,17.5,0.09,transport,True,COMPLETED,DaNang,organic
T7732,C100819,2025-05-31 13:41:00,savings,32.73,0.0,food_delivery,True,COMPLETED,HCMC,campaign
T1897,C100210,2025-05-31 14:35:00,pay,15.84,0.08,fashion,False,COMPLETED,Hanoi,paid
T1334,C100151,2025-05-31 14:45:00,transfer,48.13,0.1,food_delivery,False,COMPLETED,CanTho,paid
T5915,C100633,2025-05-31 15:06:00,pay,14.83,0.07,utilities,False,COMPLETED,HCMC,organic
T1112,C100123,2025-05-31 15:33:00,transfer,90.2,0.18,fashion,False,COMPLETED,Hanoi,organic
T478,C100045,2025-05-31 15:35:00,savings,34.89,0.0,utilities,True,COMPLETED,CanTho,paid
T7,C100003,2025-05-31 16:06:00,pay,81.35,0.41,other,False,COMPLETED,Hanoi,organic
T4778,C100515,2025-05-31 16:10:00,pay,30.64,0.15,health,False,COMPLETED,Hanoi,paid
T2918,C100309,2025-05-31 17:33:00,pay,92.15,0.46,education,False,COMPLETED,HCMC,paid
T4894,C100524,2025-05-31 17:54:00,savings,53.62,0.0,health,True,COMPLETED,HCMC,organic
T5489,C100584,2025-05-31 18:01:00,savings,40.0,0.0,other,False,COMPLETED,CanTho,organic
T4163,C100436,2025-05-31 18:11:00,bill_pay,64.83,0.19,other,False,COMPLETED,HCMC,organic
T5296,C100565,2025-05-31 18:35:00,pay,42.16,0.21,entertainment,False,COMPLETED,DaNang,organic
T6996,C100748,2025-05-31 18:48:00,pay,43.91,0.22,other,False,COMPLETED,Hanoi,paid
T1894,C100210,2025-05-31 19:14:00,transfer,26.56,0.05,food_delivery,True,COMPLETED,Hanoi,paid
T1624,C100184,2025-05-31 19:40:00,savings,19.37,0.0,transport,False,COMPLETED,HaiPhong,organic
T5901,C100631,2025-05-31 20:01:00,transfer,9.97,0.02,other,False,COMPLETED,Hanoi,campaign
T6252,C100666,2025-05-31 20:05:00,transfer,81.47,0.16,electronics,False,COMPLETED,Hanoi,paid
T6710,C100723,2025-05-31 20:11:00,pay,35.76,0.18,electronics,False,COMPLETED,HCMC,referral
T3582,C100376,2025-05-31 20:40:00,savings,36.8,0.0,food_delivery,False,COMPLETED,HCMC,paid
T5514,C100589,2025-06-01 09:30:00,transfer,37.63,0.08,education,True,COMPLETED,HCMC,organic
T1895,C100210,2025-06-01 10:50:00,bill_pay,8.68,0.03,education,False,COMPLETED,Hanoi,paid
T2469,C100271,2025-06-01 11:09:00,pay,16.6,0.08,fashion,True,COMPLETED,HCMC,paid
T7738,C100819,2025-06-01 11:10:00,savings,17.98,0.0,electronics,True,COMPLETED,HCMC,campaign
T2183,C100249,2025-06-01 11:29:00,transfer,39.81,0.08,transport,True,COMPLETED,HCMC,organic
T6697,C100721,2025-06-01 12:07:00,pay,20.05,0.1,other,True,COMPLETED,HCMC,campaign
T4989,C100534,2025-06-01 12:49:00,transfer,40.59,0.08,food_delivery,True,COMPLETED,HaiPhong,organic
T7082,C100753,2025-06-01 12:50:00,savings,147.5,0.0,groceries,False,COMPLETED,Hanoi,paid
T7645,C100805,2025-06-01 13:00:00,savings,69.11,0.0,transport,False,COMPLETED,Hanoi,organic
T6811,C100730,2025-06-01 13:02:00,topup,17.84,0.02,groceries,False,COMPLETED,DaNang,organic
T6870,C100735,2025-06-01 13:47:00,pay,11.01,0.06,groceries,False,COMPLETED,HCMC,organic
T6514,C100691,2025-06-01 14:25:00,savings,18.63,0.0,education,False,COMPLETED,Hanoi,paid
T5741,C100611,2025-06-01 14:30:00,pay,14.37,0.07,entertainment,True,COMPLETED,HCMC,campaign
T7489,C100791,2025-06-01 14:44:00,invest,21.45,0.01,utilities,True,COMPLETED,HCMC,referral
T4162,C100435,2025-06-01 15:21:00,transfer,147.5,0.3,education,False,COMPLETED,Hanoi,paid
T7431,C100783,2025-06-01 15:24:00,savings,132.6,0.0,education,False,COMPLETED,Hanoi,paid
T1893,C100209,2025-06-01 15:42:00,pay,29.44,0.15,food_delivery,False,COMPLETED,CanTho,organic
T425,C100043,2025-06-01 16:05:00,pay,118.41,0.59,fashion,False,COMPLETED,DaNang,paid
T2311,C100260,2025-06-01 16:28:00,pay,20.82,0.1,entertainment,True,COMPLETED,DaNang,organic
T468,C100045,2025-06-01 16:32:00,transfer,21.58,0.04,education,False,COMPLETED,CanTho,paid
T4222,C100440,2025-06-01 16:43:00,pay,8.15,0.04,utilities,False,COMPLETED,CanTho,campaign
T5311,C100570,2025-06-01 17:32:00,pay,50.53,0.25,health,False,COMPLETED,Hanoi,organic
T3676,C100388,2025-06-01 17:47:00,pay,27.33,0.14,entertainment,True,COMPLETED,HCMC,referral
T6504,C100691,2025-06-01 17:47:00,pay,14.16,0.07,utilities,False,COMPLETED,Hanoi,paid
T3467,C100366,2025-06-01 17:51:00,transfer,39.94,0.08,health,False,COMPLETED,Hanoi,organic
T6081,C100646,2025-06-01 17:53:00,pay,30.87,0.15,education,False,COMPLETED,Hanoi,paid
T7536,C100797,2025-06-01 18:05:00,pay,9.95,0.05,fashion,True,COMPLETED,DaNang,organic
T6831,C100732,2025-06-01 20:10:00,savings,20.35,0.0,groceries,False,COMPLETED,Hanoi,paid
T7434,C100783,2025-06-02 09:17:00,transfer,18.34,0.04,utilities,False,COMPLETED,Hanoi,paid
T6838,C100732,2025-06-02 09:24:00,bill_pay,64.33,0.19,education,True,COMPLETED,Hanoi,paid
T4994,C100534,2025-06-02 10:20:00,transfer,47.02,0.09,entertainment,False,COMPLETED,HaiPhong,organic
T6127,C100649,2025-06-02 10:20:00,invest,6.88,0.0,food_delivery,False,COMPLETED,HCMC,organic
T5214,C100556,2025-06-02 11:14:00,transfer,47.26,0.09,education,True,COMPLETED,Hanoi,paid
T2500,C100272,2025-06-02 11:57:00,pay,30.53,0.15,education,False,COMPLETED,Hanoi,referral
T5819,C100622,2025-06-02 12:46:00,pay,13.89,0.07,electronics,True,COMPLETED,HCMC,paid
T3806,C100400,2025-06-02 13:03:00,topup,25.47,0.03,electronics,False,COMPLETED,Hanoi,organic
T5667,C100602,2025-06-02 13:23:00,savings,22.32,0.0,entertainment,True,COMPLETED,HCMC,paid
T6685,C100719,2025-06-02 13:31:00,transfer,21.63,0.04,transport,False,COMPLETED,DaNang,campaign
T7242,C100766,2025-06-02 14:08:00,pay,47.05,0.24,utilities,False,COMPLETED,HCMC,campaign
T2889,C100308,2025-06-02 14:10:00,pay,48.53,0.24,groceries,False,COMPLETED,HCMC,paid
T1242,C100134,2025-06-02 14:38:00,pay,42.39,0.21,education,False,COMPLETED,HCMC,organic
T5567,C100592,2025-06-02 15:40:00,pay,44.83,0.22,electronics,False,COMPLETED,HCMC,organic
T4819,C100517,2025-06-02 16:22:00,savings,71.61,0.0,transport,False,COMPLETED,Hanoi,organic
T7591,C100799,2025-06-02 17:24:00,savings,85.63,0.0,transport,False,COMPLETED,HCMC,organic
T6007,C100637,2025-06-02 17:29:00,pay,10.64,0.05,fashion,False,COMPLETED,Hanoi,organic
T7258,C100766,2025-06-02 17:43:00,topup,50.59,0.05,transport,True,COMPLETED,HCMC,campaign
T6386,C100681,2025-06-02 17:54:00,pay,18.17,0.09,health,False,COMPLETED,HCMC,organic
T3076,C100329,2025-06-02 18:23:00,savings,56.73,0.0,other,True,COMPLETED,HCMC,organic
T7600,C100802,2025-06-02 18:29:00,bill_pay,41.32,0.12,education,False,COMPLETED,Hanoi,organic
T1647,C100186,2025-06-02 18:57:00,savings,10.57,0.0,electronics,False,COMPLETED,HCMC,referral
T5383,C100575,2025-06-02 19:47:00,pay,58.82,0.29,other,True,COMPLETED,HCMC,referral
T6037,C100642,2025-06-02 19:58:00,pay,30.32,0.15,education,True,COMPLETED,HCMC,organic
T4199,C100438,2025-06-02 20:03:00,bill_pay,89.8,0.27,education,False,COMPLETED,HCMC,paid
T246,C100032,2025-06-03 09:00:00,transfer,10.0,0.02,entertainment,False,COMPLETED,Hanoi,paid
T711,C100076,2025-06-03 09:06:00,pay,39.66,0.2,food_delivery,True,COMPLETED,Hanoi,paid
T6665,C100718,2025-06-03 09:29:00,pay,104.15,0.52,education,False,COMPLETED,HCMC,organic
T6278,C100670,2025-06-03 09:29:00,savings,63.56,0.0,food_delivery,True,COMPLETED,HCMC,paid
T6628,C100712,2025-06-03 09:32:00,pay,22.9,0.11,utilities,True,COMPLETED,CanTho,paid
T7483,C100789,2025-06-03 09:45:00,pay,71.11,0.36,entertainment,False,COMPLETED,HCMC,campaign
T161,C100023,2025-06-03 10:11:00,topup,76.36,0.08,health,True,COMPLETED,HCMC,paid
T6203,C100658,2025-06-03 10:20:00,transfer,12.29,0.02,health,True,COMPLETED,Hanoi,paid
T7290,C100769,2025-06-03 10:25:00,pay,30.77,0.15,other,True,COMPLETED,Hanoi,organic
T5677,C100603,2025-06-03 11:45:00,savings,14.66,0.0,utilities,True,COMPLETED,HCMC,organic
T6973,C100746,2025-06-03 11:50:00,pay,28.26,0.14,groceries,False,COMPLETED,HaiPhong,organic
T6905,C100738,2025-06-03 12:50:00,savings,23.51,0.0,health,False,COMPLETED,HCMC,organic
T6495,C100690,2025-06-03 13:13:00,transfer,17.91,0.04,education,True,COMPLETED,HCMC,paid
T7523,C100796,2025-06-03 13:50:00,bill_pay,19.7,0.06,health,True,COMPLETED,DaNang,organic
T5124,C100548,2025-06-03 13:54:00,invest,19.97,0.01,entertainment,True,COMPLETED,Hanoi,referral
T7353,C100775,2025-06-03 14:09:00,pay,35.03,0.18,education,False,COMPLETED,DaNang,organic
T6406,C100683,2025-06-03 14:38:00,pay,73.01,0.37,utilities,False,COMPLETED,HCMC,organic
T2811,C100299,2025-06-03 14:54:00,bill_pay,32.7,0.1,groceries,False,COMPLETED,HCMC,organic
T1850,C100206,2025-06-03 14:57:00,pay,18.31,0.09,transport,True,COMPLETED,Hanoi,paid
T7485,C100789,2025-06-03 15:12:00,pay,8.04,0.04,health,True,COMPLETED,HCMC,campaign
T2660,C100291,2025-06-03 16:21:00,pay,144.7,0.72,groceries,False,COMPLETED,HCMC,organic
T7439,C100783,2025-06-03 16:27:00,transfer,59.03,0.12,fashion,False,COMPLETED,Hanoi,paid
T6635,C100712,2025-06-03 17:18:00,transfer,62.04,0.12,fashion,False,COMPLETED,CanTho,paid
T7273,C100767,2025-06-03 17:35:00,transfer,33.49,0.07,utilities,True,COMPLETED,Hanoi,paid
T4491,C100478,2025-06-03 17:39:00,savings,19.49,0.0,electronics,True,COMPLETED,HCMC,organic
T7578,C100799,2025-06-03 17:44:00,pay,27.35,0.14,transport,True,COMPLETED,HCMC,organic
T4090,C100425,2025-06-03 18:06:00,invest,55.46,0.03,health,True,COMPLETED,HCMC,organic
T5075,C100544,2025-06-03 19:24:00,transfer,38.64,0.08,groceries,True,COMPLETED,DaNang,referral
T6849,C100734,2025-06-03 19:26:00,invest,74.84,0.04,transport,False,COMPLETED,HCMC,organic
T4603,C100489,2025-06-03 19:34:00,transfer,49.87,0.1,fashion,True,COMPLETED,Hanoi,organic
T7112,C100756,2025-06-03 19:51:00,pay,27.88,0.14,health,False,COMPLETED,HCMC,organic
T7229,C100765,2025-06-03 20:21:00,pay,16.95,0.08,food_delivery,True,COMPLETED,HCMC,paid
T6942,C100743,2025-06-03 20:55:00,transfer,68.42,0.14,education,True,COMPLETED,HaiPhong,organic
T6525,C100691,2025-06-03 20:59:00,transfer,19.86,0.04,other,False,COMPLETED,Hanoi,paid
T6675,C100719,2025-06-04 09:26:00,transfer,33.11,0.07,education,True,COMPLETED,DaNang,campaign
T6559,C100696,2025-06-04 10:05:00,topup,88.89,0.09,transport,False,COMPLETED,DaNang,paid
T534,C100052,2025-06-04 10:16:00,pay,34.85,0.17,electronics,True,COMPLETED,HCMC,organic
T1003,C100115,2025-06-04 12:11:00,transfer,22.12,0.04,entertainment,False,COMPLETED,HCMC,referral
T5846,C100623,2025-06-04 12:14:00,transfer,63.42,0.13,health,True,COMPLETED,HCMC,paid
T2137,C100239,2025-06-04 13:13:00,pay,19.8,0.1,food_delivery,False,COMPLETED,HaiPhong,organic
T7698,C100818,2025-06-04 13:55:00,savings,9.88,0.0,utilities,True,FAILED,Hanoi,paid
T6608,C100707,2025-06-04 13:57:00,pay,24.89,0.12,electronics,False,COMPLETED,HCMC,paid
T959,C100107,2025-06-04 14:22:00,pay,20.42,0.1,health,True,COMPLETED,HCMC,referral
T3996,C100419,2025-06-04 14:55:00,pay,47.85,0.24,fashion,False,COMPLETED,Hanoi,referral
T6189,C100658,2025-06-04 14:56:00,transfer,40.26,0.08,groceries,True,COMPLETED,Hanoi,paid
T6797,C100729,2025-06-04 15:21:00,pay,19.64,0.1,other,True,COMPLETED,Hanoi,paid
T2758,C100297,2025-06-04 15:44:00,pay,32.47,0.16,health,False,FAILED,HCMC,referral
T7178,C100761,2025-06-04 16:12:00,transfer,28.66,0.06,groceries,False,COMPLETED,HCMC,organic
T7156,C100760,2025-06-04 16:17:00,bill_pay,35.95,0.11,transport,False,COMPLETED,DaNang,organic
T1439,C100166,2025-06-04 16:35:00,invest,19.96,0.01,education,True,COMPLETED,HCMC,referral
T7349,C100774,2025-06-04 17:24:00,pay,26.53,0.13,food_delivery,False,COMPLETED,CanTho,paid
T6652,C100718,2025-06-04 18:05:00,topup,16.29,0.02,electronics,True,COMPLETED,HCMC,organic
T6641,C100712,2025-06-04 18:25:00,transfer,23.48,0.05,transport,True,COMPLETED,CanTho,paid
T6833,C100732,2025-06-04 18:55:00,transfer,25.21,0.05,health,True,COMPLETED,Hanoi,paid
T1713,C100195,2025-06-04 19:14:00,transfer,10.73,0.02,food_delivery,True,COMPLETED,Hanoi,referral
T6582,C100704,2025-06-04 19:23:00,savings,12.92,0.0,fashion,False,COMPLETED,HaiPhong,paid
T6510,C100691,2025-06-04 20:11:00,pay,20.63,0.1,health,False,COMPLETED,Hanoi,paid
T6642,C100712,2025-06-04 20:23:00,topup,21.95,0.02,health,False,COMPLETED,CanTho,paid
T3282,C100348,2025-06-04 20:37:00,savings,27.85,0.0,entertainment,False,COMPLETED,HCMC,paid
T2261,C100256,2025-06-05 09:03:00,pay,132.57,0.66,other,False,COMPLETED,HCMC,organic
T37,C100009,2025-06-05 09:07:00,pay,31.57,0.16,groceries,True,COMPLETED,Hanoi,organic
T4698,C100501,2025-06-05 09:19:00,savings,14.01,0.0,transport,False,COMPLETED,HCMC,organic
T6021,C100641,2025-06-05 09:55:00,transfer,18.72,0.04,other,True,COMPLETED,CanTho,organic
T5399,C100575,2025-06-05 10:44:00,pay,20.41,0.1,other,True,COMPLETED,HCMC,referral
T4976,C100533,2025-06-05 12:13:00,transfer,82.4,0.16,transport,False,COMPLETED,Hanoi,paid
T399,C100042,2025-06-05 12:22:00,savings,39.23,0.0,groceries,True,COMPLETED,HCMC,organic
T6815,C100730,2025-06-05 12:43:00,pay,16.16,0.08,health,True,COMPLETED,DaNang,organic
T6917,C100739,2025-06-05 12:46:00,bill_pay,20.04,0.06,fashion,True,COMPLETED,HCMC,referral
T7060,C100753,2025-06-05 12:52:00,pay,6.22,0.03,transport,False,COMPLETED,Hanoi,paid
T7298,C100769,2025-06-05 13:11:00,transfer,43.66,0.09,groceries,False,FAILED,Hanoi,organic
T5215,C100556,2025-06-05 13:33:00,savings,53.7,0.0,other,True,FAILED,Hanoi,paid
T6245,C100666,2025-06-05 14:06:00,transfer,14.67,0.03,utilities,True,COMPLETED,Hanoi,paid
T6342,C100679,2025-06-05 15:47:00,pay,12.32,0.06,other,False,COMPLETED,HCMC,referral
T692,C100072,2025-06-05 16:04:00,transfer,29.46,0.06,health,True,COMPLETED,HCMC,organic
T7820,C100835,2025-06-05 17:13:00,transfer,18.6,0.04,electronics,False,COMPLETED,DaNang,organic
T6578,C100704,2025-06-05 17:15:00,savings,17.18,0.0,food_delivery,True,FAILED,HaiPhong,paid
T4602,C100488,2025-06-05 17:19:00,transfer,19.42,0.04,fashion,True,COMPLETED,CanTho,organic
T5221,C100556,2025-06-05 18:12:00,pay,6.22,0.03,electronics,False,FAILED,Hanoi,paid
T1652,C100186,2025-06-05 18:29:00,transfer,3.0,0.01,utilities,True,COMPLETED,HCMC,referral
T7442,C100785,2025-06-05 18:55:00,savings,44.84,0.0,food_delivery,False,COMPLETED,Hanoi,organic
T5431,C100580,2025-06-05 18:55:00,invest,5.94,0.0,food_delivery,True,COMPLETED,Hanoi,referral
T5762,C100614,2025-06-05 19:19:00,transfer,57.42,0.11,transport,False,COMPLETED,HCMC,organic
T7449,C100785,2025-06-05 19:40:00,transfer,42.02,0.08,groceries,False,COMPLETED,Hanoi,organic
T5361,C100572,2025-06-05 19:40:00,pay,20.67,0.1,other,False,COMPLETED,HCMC,organic
T6217,C100660,2025-06-05 19:51:00,savings,32.44,0.0,education,False,COMPLETED,HCMC,organic
T7405,C100782,2025-06-05 20:42:00,transfer,61.94,0.12,education,True,COMPLETED,HCMC,organic
T7633,C100803,2025-06-06 09:42:00,pay,19.99,0.1,utilities,False,COMPLETED,Hanoi,paid
T3574,C100374,2025-06-06 10:19:00,transfer,66.46,0.13,transport,True,COMPLETED,Hanoi,referral
T1064,C100119,2025-06-06 10:27:00,pay,45.12,0.23,fashion,False,COMPLETED,CanTho,organic
T1853,C100208,2025-06-06 10:44:00,bill_pay,25.3,0.08,entertainment,False,COMPLETED,Hanoi,organic
T2827,C100301,2025-06-06 11:00:00,savings,24.64,0.0,other,False,COMPLETED,HCMC,organic
T5405,C100576,2025-06-06 11:29:00,pay,31.74,0.16,electronics,True,COMPLETED,HCMC,referral
T3787,C100397,2025-06-06 11:35:00,bill_pay,27.16,0.08,health,True,COMPLETED,HCMC,paid
T3650,C100386,2025-06-06 12:18:00,pay,55.77,0.28,electronics,False,COMPLETED,HCMC,organic
T7728,C100819,2025-06-06 12:39:00,pay,19.39,0.1,health,False,COMPLETED,HCMC,campaign
T842,C100091,2025-06-06 13:21:00,savings,66.68,0.0,transport,False,COMPLETED,Hanoi,paid
T4298,C100451,2025-06-06 13:21:00,transfer,47.12,0.09,fashion,False,COMPLETED,Hanoi,organic
T6086,C100646,2025-06-06 13:26:00,topup,41.77,0.04,entertainment,True,COMPLETED,Hanoi,paid
T7561,C100798,2025-06-06 13:36:00,bill_pay,60.38,0.18,other,False,COMPLETED,HCMC,campaign
T4482,C100478,2025-06-06 13:43:00,invest,57.25,0.03,transport,False,COMPLETED,HCMC,organic
T3567,C100374,2025-06-06 14:50:00,pay,22.3,0.11,other,True,COMPLETED,Hanoi,referral
T7267,C100767,2025-06-06 15:30:00,savings,38.3,0.0,food_delivery,False,COMPLETED,Hanoi,paid
T6287,C100670,2025-06-06 16:24:00,pay,4.61,0.02,health,False,COMPLETED,HCMC,paid
T5718,C100605,2025-06-06 16:28:00,transfer,6.68,0.01,health,True,COMPLETED,Hanoi,campaign
T2072,C100237,2025-06-06 16:35:00,savings,110.02,0.0,other,False,COMPLETED,HCMC,campaign
T7049,C100751,2025-06-06 17:41:00,topup,27.77,0.03,utilities,False,COMPLETED,HCMC,referral
T2664,C100291,2025-06-06 18:24:00,transfer,44.51,0.09,electronics,True,COMPLETED,HCMC,organic
T6572,C100704,2025-06-06 19:28:00,pay,37.78,0.19,other,False,COMPLETED,HaiPhong,paid
T6522,C100691,2025-06-06 19:28:00,transfer,134.58,0.27,utilities,True,COMPLETED,Hanoi,paid
T7841,C100837,2025-06-06 20:00:00,pay,7.77,0.04,electronics,True,COMPLETED,HaiPhong,organic
T6477,C100687,2025-06-06 20:52:00,invest,18.49,0.01,electronics,True,COMPLETED,Hanoi,campaign
T7211,C100765,2025-06-07 09:36:00,pay,14.79,0.07,utilities,False,COMPLETED,HCMC,paid
T4799,C100516,2025-06-07 10:12:00,transfer,127.47,0.25,fashion,False,COMPLETED,Hanoi,referral
T7098,C100755,2025-06-07 11:05:00,topup,32.36,0.03,groceries,True,COMPLETED,DaNang,paid
T6801,C100730,2025-06-07 11:24:00,savings,30.82,0.0,other,True,COMPLETED,DaNang,organic
T7882,C100841,2025-06-07 12:04:00,savings,11.38,0.0,transport,True,COMPLETED,HCMC,organic
T6564,C100697,2025-06-07 12:07:00,transfer,10.26,0.02,utilities,False,COMPLETED,Hanoi,campaign
T6464,C100687,2025-06-07 12:22:00,savings,54.26,0.0,transport,False,COMPLETED,Hanoi,campaign
T4025,C100420,2025-06-07 12:35:00,transfer,20.58,0.04,fashion,True,COMPLETED,HCMC,organic
T3288,C100348,2025-06-07 12:46:00,pay,28.06,0.14,transport,True,COMPLETED,HCMC,paid
T3544,C100372,2025-06-07 13:03:00,transfer,16.2,0.03,education,True,COMPLETED,HCMC,referral
T5695,C100604,2025-06-07 13:17:00,savings,19.6,0.0,transport,True,COMPLETED,DaNang,organic
T7424,C100783,2025-06-07 14:17:00,pay,6.48,0.03,health,False,COMPLETED,Hanoi,paid
T5264,C100561,2025-06-07 14:26:00,topup,42.75,0.04,entertainment,False,COMPLETED,CanTho,paid
T7066,C100753,2025-06-07 14:29:00,bill_pay,157.74,0.47,utilities,False,FAILED,Hanoi,paid
T7810,C100835,2025-06-07 14:45:00,transfer,70.0,0.14,health,False,COMPLETED,DaNang,organic
T7360,C100775,2025-06-07 15:27:00,pay,12.06,0.06,other,False,COMPLETED,DaNang,organic
T7799,C100832,2025-06-07 16:36:00,pay,66.81,0.33,transport,False,COMPLETED,HCMC,referral
T6856,C100734,2025-06-07 17:10:00,transfer,65.37,0.13,transport,True,COMPLETED,HCMC,organic
T7607,C100802,2025-06-07 17:15:00,transfer,23.64,0.05,fashion,False,COMPLETED,Hanoi,organic
T775,C100081,2025-06-07 17:20:00,pay,17.92,0.09,groceries,False,COMPLETED,HCMC,organic
T3376,C100357,2025-06-07 17:23:00,savings,22.32,0.0,electronics,True,COMPLETED,DaNang,campaign
T1296,C100143,2025-06-07 17:46:00,savings,76.81,0.0,entertainment,True,COMPLETED,HCMC,organic
T2372,C100265,2025-06-07 19:31:00,transfer,65.59,0.13,health,False,COMPLETED,Hanoi,organic
T4891,C100524,2025-06-07 20:01:00,pay,56.83,0.28,electronics,False,COMPLETED,HCMC,organic
T7812,C100835,2025-06-07 20:02:00,pay,12.77,0.06,groceries,False,COMPLETED,DaNang,organic
T2305,C100258,2025-06-07 20:03:00,transfer,65.24,0.13,groceries,True,COMPLETED,HCMC,paid
T6060,C100645,2025-06-07 20:15:00,pay,23.48,0.12,other,False,COMPLETED,HCMC,organic
T6898,C100738,2025-06-08 09:57:00,pay,40.73,0.2,utilities,True,COMPLETED,HCMC,organic
T7333,C100771,2025-06-08 09:58:00,transfer,26.83,0.05,food_delivery,False,COMPLETED,DaNang,paid
T3158,C100334,2025-06-08 10:03:00,transfer,8.25,0.02,electronics,False,COMPLETED,HCMC,organic
T5338,C100571,2025-06-08 10:11:00,transfer,55.3,0.11,food_delivery,False,COMPLETED,HCMC,paid
T7189,C100762,2025-06-08 10:23:00,pay,9.81,0.05,education,False,COMPLETED,Hanoi,organic
T2192,C100249,2025-06-08 12:42:00,invest,25.59,0.01,food_delivery,True,COMPLETED,HCMC,organic
T7251,C100766,2025-06-08 12:54:00,bill_pay,7.49,0.02,groceries,True,COMPLETED,HCMC,campaign
T7139,C100757,2025-06-08 13:04:00,pay,26.82,0.13,transport,False,FAILED,Hanoi,referral
T1454,C100167,2025-06-08 13:08:00,pay,19.86,0.1,electronics,False,COMPLETED,DaNang,paid
T5656,C100602,2025-06-08 13:08:00,pay,16.33,0.08,food_delivery,False,COMPLETED,HCMC,paid
T7410,C100782,2025-06-08 13:09:00,pay,89.81,0.45,entertainment,False,COMPLETED,HCMC,organic
T2125,C100239,2025-06-08 13:12:00,transfer,100.1,0.2,fashion,True,COMPLETED,HaiPhong,organic
T6771,C100728,2025-06-08 13:34:00,bill_pay,11.42,0.03,education,True,COMPLETED,HaiPhong,paid
T768,C100081,2025-06-08 14:01:00,transfer,72.92,0.15,utilities,False,COMPLETED,HCMC,organic
T3209,C100340,2025-06-08 14:53:00,transfer,23.55,0.05,education,False,COMPLETED,HCMC,organic
T3770,C100397,2025-06-08 15:02:00,pay,26.02,0.13,health,True,COMPLETED,HCMC,paid
T6716,C100723,2025-06-08 15:48:00,bill_pay,23.26,0.07,groceries,True,COMPLETED,HCMC,referral
T5333,C100571,2025-06-08 16:32:00,transfer,24.27,0.05,other,False,COMPLETED,HCMC,paid
T5820,C100622,2025-06-08 16:58:00,pay,34.16,0.17,electronics,False,COMPLETED,HCMC,paid
T4973,C100533,2025-06-08 17:00:00,pay,30.22,0.15,groceries,False,COMPLETED,Hanoi,paid
T3819,C100401,2025-06-08 17:01:00,pay,59.61,0.3,utilities,False,COMPLETED,DaNang,organic
T7654,C100813,2025-06-08 18:21:00,pay,16.21,0.08,other,False,COMPLETED,HCMC,paid
T7598,C100802,2025-06-08 19:17:00,transfer,80.19,0.16,transport,False,COMPLETED,Hanoi,organic
T2408,C100267,2025-06-08 19:30:00,pay,45.22,0.23,education,True,COMPLETED,HCMC,organic
T7260,C100766,2025-06-08 19:33:00,transfer,9.45,0.02,food_delivery,False,COMPLETED,HCMC,campaign
T6624,C100712,2025-06-08 19:37:00,savings,11.94,0.0,education,True,COMPLETED,CanTho,paid
T3706,C100390,2025-06-08 20:11:00,transfer,5.16,0.01,utilities,False,COMPLETED,HCMC,paid
T5744,C100611,2025-06-08 20:57:00,pay,31.1,0.16,electronics,False,COMPLETED,HCMC,campaign
T3994,C100419,2025-06-09 09:36:00,pay,34.63,0.17,utilities,True,COMPLETED,Hanoi,referral
T6414,C100683,2025-06-09 09:44:00,transfer,42.28,0.08,utilities,False,COMPLETED,HCMC,organic
T7874,C100839,2025-06-09 09:49:00,transfer,39.85,0.08,utilities,False,COMPLETED,Hanoi,organic
T2478,C100271,2025-06-09 10:20:00,transfer,4.58,0.01,education,False,COMPLETED,HCMC,paid
T1236,C100134,2025-06-09 10:26:00,savings,14.82,0.0,electronics,False,COMPLETED,HCMC,organic
T7266,C100767,2025-06-09 10:31:00,pay,18.57,0.09,electronics,True,COMPLETED,Hanoi,paid
T5921,C100633,2025-06-09 10:40:00,transfer,22.56,0.05,electronics,True,COMPLETED,HCMC,organic
T1120,C100123,2025-06-09 10:40:00,transfer,12.93,0.03,health,True,COMPLETED,Hanoi,organic
T7535,C100797,2025-06-09 10:44:00,transfer,33.24,0.07,fashion,False,COMPLETED,DaNang,organic
T4347,C100458,2025-06-09 10:47:00,bill_pay,22.07,0.07,health,False,COMPLETED,HCMC,referral
T6080,C100646,2025-06-09 10:56:00,transfer,24.77,0.05,other,False,COMPLETED,Hanoi,paid
T4723,C100505,2025-06-09 11:17:00,pay,39.61,0.2,health,True,COMPLETED,HCMC,organic
T4455,C100475,2025-06-09 11:39:00,transfer,10.14,0.02,health,True,COMPLETED,HCMC,paid
T1136,C100128,2025-06-09 12:18:00,pay,153.29,0.77,transport,False,COMPLETED,HCMC,organic
T3640,C100385,2025-06-09 13:21:00,pay,35.36,0.18,transport,False,COMPLETED,Hanoi,referral
T6636,C100712,2025-06-09 13:51:00,pay,13.58,0.07,fashion,False,COMPLETED,CanTho,paid
T5355,C100572,2025-06-09 13:55:00,invest,19.26,0.01,health,False,COMPLETED,HCMC,organic
T6048,C100645,2025-06-09 14:02:00,transfer,19.2,0.04,health,True,COMPLETED,HCMC,organic
T4115,C100427,2025-06-09 16:40:00,savings,14.95,0.0,transport,True,COMPLETED,HCMC,paid
T6335,C100678,2025-06-09 17:11:00,pay,36.02,0.18,fashion,True,COMPLETED,HCMC,referral
T7104,C100755,2025-06-09 17:32:00,pay,18.39,0.09,utilities,True,COMPLETED,DaNang,paid
T6813,C100730,2025-06-09 18:11:00,pay,99.94,0.5,electronics,True,FAILED,DaNang,organic
T1981,C100223,2025-06-09 18:14:00,invest,38.82,0.02,transport,False,FAILED,HCMC,referral
T1548,C100175,2025-06-09 18:35:00,pay,43.04,0.22,transport,True,COMPLETED,HaiPhong,campaign
T3821,C100401,2025-06-09 19:18:00,bill_pay,63.61,0.19,food_delivery,True,COMPLETED,DaNang,organic
T6726,C100725,2025-06-09 19:55:00,pay,47.09,0.24,utilities,True,COMPLETED,HCMC,referral
T6751,C100726,2025-06-09 20:13:00,savings,12.22,0.0,education,False,COMPLETED,Hanoi,organic
T2679,C100293,2025-06-09 20:50:00,transfer,22.73,0.05,health,False,COMPLETED,Hanoi,paid
T7467,C100786,2025-06-09 20:57:00,transfer,6.52,0.01,groceries,True,COMPLETED,HCMC,referral
T1813,C100205,2025-06-10 09:07:00,pay,10.01,0.05,entertainment,False,COMPLETED,HCMC,organic
T7023,C100750,2025-06-10 09:10:00,pay,16.77,0.08,electronics,False,COMPLETED,HCMC,organic
T1539,C100173,2025-06-10 09:54:00,savings,54.32,0.0,electronics,False,COMPLETED,HCMC,organic
T7559,C100798,2025-06-10 10:19:00,invest,17.04,0.01,health,False,COMPLETED,HCMC,campaign
T6656,C100718,2025-06-10 10:20:00,topup,32.81,0.03,utilities,True,COMPLETED,HCMC,organic
T5743,C100611,2025-06-10 10:27:00,pay,46.51,0.23,other,False,COMPLETED,HCMC,campaign
T5225,C100556,2025-06-10 10:30:00,pay,6.63,0.03,food_delivery,False,COMPLETED,Hanoi,paid
T7831,C100837,2025-06-10 10:30:00,pay,8.86,0.04,health,True,COMPLETED,HaiPhong,organic
T7791,C100832,2025-06-10 11:36:00,pay,118.75,0.59,entertainment,True,COMPLETED,HCMC,referral
T2554,C100278,2025-06-10 12:13:00,pay,61.95,0.31,utilities,False,COMPLETED,HCMC,paid
T5207,C100556,2025-06-10 12:25:00,transfer,12.1,0.02,utilities,True,COMPLETED,Hanoi,paid
T6142,C100650,2025-06-10 12:51:00,savings,13.13,0.0,groceries,False,COMPLETED,CanTho,referral
T2741,C100295,2025-06-10 13:11:00,transfer,83.11,0.17,other,False,COMPLETED,HCMC,paid
T6784,C100729,2025-06-10 13:31:00,transfer,16.42,0.03,food_delivery,False,COMPLETED,Hanoi,paid
T5871,C100626,2025-06-10 13:58:00,pay,147.13,0.74,fashion,False,COMPLETED,HCMC,referral
T3975,C100415,2025-06-10 14:15:00,pay,23.21,0.12,entertainment,False,COMPLETED,HCMC,organic
T7238,C100766,2025-06-10 14:43:00,pay,44.99,0.22,entertainment,False,COMPLETED,HCMC,campaign
T5184,C100552,2025-06-10 15:02:00,savings,19.5,0.0,electronics,False,COMPLETED,HCMC,organic
T4232,C100440,2025-06-10 15:06:00,transfer,14.12,0.03,groceries,True,COMPLETED,CanTho,campaign
T4546,C100484,2025-06-10 15:14:00,transfer,33.46,0.07,electronics,False,COMPLETED,HCMC,referral
T3259,C100343,2025-06-10 16:33:00,savings,49.65,0.0,other,True,COMPLETED,Hanoi,campaign
T7548,C100797,2025-06-10 17:54:00,pay,40.77,0.2,health,True,COMPLETED,DaNang,organic
T3662,C100386,2025-06-10 18:30:00,transfer,8.77,0.02,utilities,True,COMPLETED,HCMC,organic
T5999,C100637,2025-06-10 19:23:00,pay,56.29,0.28,electronics,False,COMPLETED,Hanoi,organic
T6779,C100729,2025-06-10 19:27:00,pay,17.05,0.09,fashion,False,COMPLETED,Hanoi,paid
T7072,C100753,2025-06-10 19:39:00,savings,47.56,0.0,entertainment,True,COMPLETED,Hanoi,paid
T7748,C100821,2025-06-10 19:44:00,pay,27.92,0.14,transport,False,COMPLETED,HCMC,organic
T3427,C100360,2025-06-10 20:01:00,transfer,9.09,0.02,groceries,False,COMPLETED,HaiPhong,campaign
T3170,C100337,2025-06-10 20:11:00,pay,72.39,0.36,education,True,COMPLETED,CanTho,referral
T1210,C100132,2025-06-10 20:22:00,pay,10.56,0.05,other,True,FAILED,Hanoi,paid
T1377,C100157,2025-06-11 09:11:00,pay,11.73,0.06,electronics,False,COMPLETED,Hanoi,referral
T1436,C100166,2025-06-11 09:15:00,transfer,22.31,0.04,health,True,COMPLETED,HCMC,referral
T2672,C100291,2025-06-11 09:44:00,savings,13.05,0.0,food_delivery,False,COMPLETED,HCMC,organic
T5844,C100623,2025-06-11 09:52:00,bill_pay,22.75,0.07,electronics,False,COMPLETED,HCMC,paid
T6596,C100707,2025-06-11 09:53:00,bill_pay,37.56,0.11,health,True,COMPLETED,HCMC,paid
T4887,C100524,2025-06-11 09:57:00,bill_pay,15.09,0.05,education,False,COMPLETED,HCMC,organic
T7247,C100766,2025-06-11 10:20:00,transfer,30.59,0.06,education,False,COMPLETED,HCMC,campaign
T5686,C100603,2025-06-11 10:22:00,bill_pay,28.05,0.08,transport,False,COMPLETED,HCMC,organic
T2307,C100258,2025-06-11 10:22:00,pay,25.84,0.13,fashion,False,COMPLETED,HCMC,paid
T4615,C100489,2025-06-11 10:31:00,transfer,53.77,0.11,transport,False,COMPLETED,Hanoi,organic
T7329,C100771,2025-06-11 10:49:00,pay,56.16,0.28,fashion,True,COMPLETED,DaNang,paid
T6590,C100706,2025-06-11 11:46:00,transfer,52.68,0.11,other,False,COMPLETED,Hanoi,referral
T7897,C100846,2025-06-11 11:56:00,transfer,15.46,0.03,transport,False,COMPLETED,Hanoi,organic
T7573,C100798,2025-06-11 12:14:00,bill_pay,39.59,0.12,entertainment,True,COMPLETED,HCMC,campaign
T2189,C100249,2025-06-11 12:46:00,savings,65.08,0.0,education,False,COMPLETED,HCMC,organic
T530,C100049,2025-06-11 12:57:00,pay,47.9,0.24,fashion,False,COMPLETED,HCMC,referral
T3488,C100367,2025-06-11 13:13:00,savings,12.3,0.0,food_delivery,True,COMPLETED,HCMC,paid
T6438,C100685,2025-06-11 13:16:00,savings,27.38,0.0,education,False,COMPLETED,HCMC,organic
T7814,C100835,2025-06-11 13:39:00,transfer,4.32,0.01,entertainment,False,COMPLETED,DaNang,organic
T5864,C100626,2025-06-11 13:40:00,pay,34.01,0.17,education,False,COMPLETED,HCMC,referral
T2247,C100256,2025-06-11 13:42:00,pay,14.09,0.07,health,True,COMPLETED,HCMC,organic
T798,C100085,2025-06-11 14:21:00,transfer,35.65,0.07,electronics,False,COMPLETED,HCMC,organic
T7614,C100803,2025-06-11 14:30:00,savings,36.77,0.0,health,False,COMPLETED,Hanoi,paid
T7451,C100785,2025-06-11 15:25:00,pay,32.93,0.16,utilities,False,COMPLETED,Hanoi,organic
T7836,C100837,2025-06-11 15:42:00,pay,10.88,0.05,fashion,True,COMPLETED,HaiPhong,organic
T6231,C100661,2025-06-11 15:44:00,pay,59.94,0.3,health,False,COMPLETED,HCMC,organic
T1250,C100138,2025-06-11 16:03:00,bill_pay,14.58,0.04,entertainment,True,COMPLETED,Hanoi,organic
T3644,C100386,2025-06-11 16:40:00,pay,20.4,0.1,entertainment,False,COMPLETED,HCMC,organic
T7593,C100802,2025-06-11 17:20:00,savings,49.83,0.0,food_delivery,True,COMPLETED,Hanoi,organic
T6997,C100748,2025-06-11 17:27:00,transfer,43.22,0.09,education,False,COMPLETED,Hanoi,paid
T3634,C100385,2025-06-11 17:39:00,topup,67.51,0.07,groceries,True,COMPLETED,Hanoi,referral
T4931,C100527,2025-06-11 17:50:00,transfer,26.16,0.05,fashion,True,COMPLETED,HCMC,organic
T4852,C100520,2025-06-11 18:03:00,bill_pay,52.6,0.16,food_delivery,False,COMPLETED,HCMC,organic
T6000,C100637,2025-06-11 19:11:00,pay,65.61,0.33,food_delivery,False,COMPLETED,Hanoi,organic
T861,C100093,2025-06-11 19:14:00,transfer,46.05,0.09,utilities,False,COMPLETED,Hanoi,organic
T6375,C100681,2025-06-11 19:20:00,savings,21.28,0.0,fashion,False,COMPLETED,HCMC,organic
T7083,C100753,2025-06-11 19:29:00,savings,37.27,0.0,health,True,COMPLETED,Hanoi,paid
T5503,C100588,2025-06-11 19:31:00,savings,47.52,0.0,groceries,True,COMPLETED,HCMC,organic
T5824,C100622,2025-06-11 19:35:00,transfer,103.18,0.21,entertainment,True,COMPLETED,HCMC,paid
T7740,C100820,2025-06-11 19:39:00,transfer,46.36,0.09,electronics,True,COMPLETED,Hanoi,organic
T7491,C100791,2025-06-11 19:59:00,bill_pay,6.77,0.02,entertainment,False,COMPLETED,HCMC,referral
T7632,C100803,2025-06-11 20:09:00,savings,73.13,0.0,transport,False,COMPLETED,Hanoi,paid
T4995,C100534,2025-06-11 20:24:00,topup,20.71,0.02,other,True,COMPLETED,HaiPhong,organic
T7096,C100755,2025-06-11 20:41:00,savings,43.95,0.0,entertainment,True,COMPLETED,DaNang,paid
T1035,C100118,2025-06-11 20:44:00,bill_pay,40.47,0.12,transport,False,COMPLETED,Hanoi,organic
T7525,C100796,2025-06-11 20:45:00,pay,26.72,0.13,groceries,False,COMPLETED,DaNang,organic
T4934,C100527,2025-06-12 09:26:00,savings,26.88,0.0,utilities,True,COMPLETED,HCMC,organic
T7818,C100835,2025-06-12 09:26:00,transfer,41.74,0.08,groceries,True,COMPLETED,DaNang,organic
T3352,C100354,2025-06-12 09:56:00,pay,11.12,0.06,entertainment,True,COMPLETED,HCMC,paid
T5996,C100637,2025-06-12 10:33:00,pay,84.11,0.42,fashion,False,COMPLETED,Hanoi,organic
T7866,C100839,2025-06-12 10:55:00,transfer,25.43,0.05,utilities,True,COMPLETED,Hanoi,organic
T2280,C100257,2025-06-12 11:16:00,pay,43.03,0.22,transport,False,COMPLETED,DaNang,paid
T6402,C100683,2025-06-12 11:42:00,pay,44.51,0.22,utilities,True,COMPLETED,HCMC,organic
T7830,C100837,2025-06-12 12:02:00,pay,90.88,0.45,health,False,COMPLETED,HaiPhong,organic
T3783,C100397,2025-06-12 12:27:00,topup,47.86,0.05,utilities,True,FAILED,HCMC,paid
T3656,C100386,2025-06-12 12:57:00,transfer,13.2,0.03,health,False,COMPLETED,HCMC,organic
T3865,C100405,2025-06-12 13:06:00,savings,44.17,0.0,other,False,COMPLETED,HCMC,campaign
T7707,C100818,2025-06-12 13:16:00,transfer,47.04,0.09,utilities,True,COMPLETED,Hanoi,paid
T5586,C100594,2025-06-12 13:37:00,transfer,34.62,0.07,entertainment,False,COMPLETED,Hanoi,referral
T3276,C100346,2025-06-12 13:38:00,bill_pay,13.57,0.04,other,False,COMPLETED,HCMC,organic
T354,C100038,2025-06-12 14:55:00,savings,37.57,0.0,electronics,False,COMPLETED,HCMC,organic
T6692,C100721,2025-06-12 15:57:00,pay,29.7,0.15,fashion,True,COMPLETED,HCMC,campaign
T7309,C100769,2025-06-12 16:07:00,savings,58.27,0.0,groceries,False,COMPLETED,Hanoi,organic
T2334,C100261,2025-06-12 16:30:00,pay,4.13,0.02,electronics,False,COMPLETED,HCMC,organic
T5837,C100623,2025-06-12 16:59:00,transfer,20.49,0.04,fashion,True,COMPLETED,HCMC,paid
T5380,C100575,2025-06-12 17:00:00,transfer,18.27,0.04,electronics,True,COMPLETED,HCMC,referral
T6431,C100685,2025-06-12 17:43:00,transfer,33.79,0.07,utilities,True,COMPLETED,HCMC,organic
T7038,C100751,2025-06-12 17:57:00,transfer,48.2,0.1,entertainment,True,COMPLETED,HCMC,referral
T4701,C100501,2025-06-12 18:05:00,pay,26.51,0.13,transport,True,COMPLETED,HCMC,organic
T6541,C100695,2025-06-12 18:57:00,transfer,70.57,0.14,groceries,False,COMPLETED,HCMC,organic
T3136,C100331,2025-06-12 19:04:00,transfer,6.78,0.01,entertainment,False,COMPLETED,Hanoi,campaign
T7289,C100769,2025-06-12 19:43:00,pay,4.75,0.02,education,True,COMPLETED,Hanoi,organic
T960,C100107,2025-06-12 19:58:00,transfer,27.99,0.06,utilities,False,COMPLETED,HCMC,referral
T7856,C100839,2025-06-12 20:08:00,transfer,66.59,0.13,groceries,False,COMPLETED,Hanoi,organic
T3032,C100320,2025-06-12 20:43:00,pay,51.71,0.26,entertainment,True,COMPLETED,CanTho,organic
T7739,C100820,2025-06-13 09:28:00,pay,19.37,0.1,transport,False,COMPLETED,Hanoi,organic
T6379,C100681,2025-06-13 09:33:00,pay,13.36,0.07,health,True,COMPLETED,HCMC,organic
T1201,C100132,2025-06-13 09:44:00,savings,15.58,0.0,fashion,True,COMPLETED,Hanoi,paid
T6462,C100687,2025-06-13 10:08:00,bill_pay,13.74,0.04,education,False,COMPLETED,Hanoi,campaign
T4875,C100523,2025-06-13 10:43:00,savings,13.26,0.0,transport,True,COMPLETED,HCMC,referral
T6279,C100670,2025-06-13 10:49:00,transfer,29.95,0.06,health,True,COMPLETED,HCMC,paid
T4093,C100425,2025-06-13 11:10:00,pay,38.75,0.19,electronics,False,FAILED,HCMC,organic
T4374,C100460,2025-06-13 11:13:00,pay,43.79,0.22,fashion,False,COMPLETED,HCMC,organic
T5185,C100552,2025-06-13 11:58:00,pay,65.49,0.33,education,True,COMPLETED,HCMC,organic
T6545,C100695,2025-06-13 12:21:00,savings,27.74,0.0,education,False,COMPLETED,HCMC,organic
T2472,C100271,2025-06-13 12:44:00,transfer,18.68,0.04,education,False,COMPLETED,HCMC,paid
T3473,C100366,2025-06-13 12:51:00,pay,18.06,0.09,food_delivery,True,COMPLETED,Hanoi,organic
T7689,C100817,2025-06-13 13:21:00,pay,29.8,0.15,fashion,False,COMPLETED,Hanoi,organic
T5797,C100620,2025-06-13 14:03:00,transfer,30.06,0.06,transport,False,COMPLETED,HCMC,organic
T7320,C100771,2025-06-13 14:07:00,pay,34.48,0.17,education,True,COMPLETED,DaNang,paid
T6640,C100712,2025-06-13 14:21:00,bill_pay,28.4,0.09,electronics,False,COMPLETED,CanTho,paid
T1386,C100157,2025-06-13 15:05:00,transfer,45.11,0.09,health,True,FAILED,Hanoi,referral
T5347,C100571,2025-06-13 15:10:00,transfer,22.41,0.04,food_delivery,True,COMPLETED,HCMC,paid
T3935,C100413,2025-06-13 16:13:00,pay,84.75,0.42,electronics,False,COMPLETED,HCMC,paid
T4148,C100435,2025-06-13 16:39:00,topup,165.06,0.17,other,False,COMPLETED,Hanoi,paid
T6220,C100660,2025-06-13 16:43:00,savings,14.81,0.0,utilities,False,COMPLETED,HCMC,organic
T6769,C100728,2025-06-13 17:09:00,pay,24.98,0.12,other,False,COMPLETED,HaiPhong,paid
T3724,C100391,2025-06-13 18:19:00,pay,28.79,0.14,food_delivery,False,COMPLETED,HCMC,organic
T4896,C100524,2025-06-13 18:34:00,pay,49.98,0.25,groceries,False,COMPLETED,HCMC,organic
T2777,C100298,2025-06-13 19:41:00,transfer,125.43,0.25,other,False,COMPLETED,DaNang,organic
T6900,C100738,2025-06-13 19:48:00,transfer,134.52,0.27,entertainment,True,COMPLETED,HCMC,organic
T7314,C100769,2025-06-13 20:06:00,pay,31.93,0.16,education,False,FAILED,Hanoi,organic
T7160,C100760,2025-06-13 20:24:00,pay,14.3,0.07,groceries,False,COMPLETED,DaNang,organic
T5142,C100550,2025-06-13 20:32:00,pay,23.37,0.12,education,False,COMPLETED,HCMC,paid
T4746,C100505,2025-06-14 09:00:00,transfer,7.88,0.02,transport,False,COMPLETED,HCMC,organic
T7136,C100757,2025-06-14 09:16:00,transfer,21.75,0.04,groceries,True,COMPLETED,Hanoi,referral
T5519,C100589,2025-06-14 09:34:00,transfer,59.72,0.12,utilities,False,COMPLETED,HCMC,organic
T4319,C100452,2025-06-14 09:34:00,transfer,75.81,0.15,fashion,False,COMPLETED,Hanoi,organic
T4296,C100451,2025-06-14 09:38:00,transfer,53.83,0.11,utilities,True,COMPLETED,Hanoi,organic
T4639,C100495,2025-06-14 10:22:00,pay,67.13,0.34,groceries,False,COMPLETED,Hanoi,organic
T108,C100020,2025-06-14 10:37:00,pay,47.93,0.24,groceries,False,COMPLETED,CanTho,paid
T7446,C100785,2025-06-14 11:28:00,pay,20.52,0.1,fashion,False,COMPLETED,Hanoi,organic
T2482,C100271,2025-06-14 11:39:00,pay,46.76,0.23,food_delivery,False,COMPLETED,HCMC,paid
T3307,C100351,2025-06-14 11:53:00,pay,23.69,0.12,transport,False,COMPLETED,CanTho,paid
T5998,C100637,2025-06-14 11:59:00,transfer,64.19,0.13,groceries,True,COMPLETED,Hanoi,organic
T7756,C100821,2025-06-14 12:22:00,savings,8.79,0.0,other,True,COMPLETED,HCMC,organic
T6655,C100718,2025-06-14 12:33:00,pay,21.24,0.11,fashion,False,COMPLETED,HCMC,organic
T5584,C100594,2025-06-14 13:04:00,transfer,47.38,0.09,transport,True,COMPLETED,Hanoi,referral
T3021,C100320,2025-06-14 13:13:00,pay,67.45,0.34,electronics,False,COMPLETED,CanTho,organic
T2916,C100309,2025-06-14 13:15:00,transfer,25.43,0.05,utilities,True,COMPLETED,HCMC,paid
T7733,C100819,2025-06-14 13:33:00,pay,30.96,0.15,groceries,True,COMPLETED,HCMC,campaign
T677,C100072,2025-06-14 13:44:00,savings,55.39,0.0,transport,False,COMPLETED,HCMC,organic
T3398,C100359,2025-06-14 13:46:00,transfer,7.02,0.01,food_delivery,False,COMPLETED,Hanoi,organic
T4687,C100500,2025-06-14 13:47:00,bill_pay,28.47,0.09,health,True,COMPLETED,HCMC,campaign
T5997,C100637,2025-06-14 14:16:00,pay,42.5,0.21,education,True,COMPLETED,Hanoi,organic
T4278,C100451,2025-06-14 14:26:00,savings,57.4,0.0,fashion,False,COMPLETED,Hanoi,organic
T7127,C100757,2025-06-14 14:50:00,bill_pay,19.69,0.06,health,True,COMPLETED,Hanoi,referral
T7427,C100783,2025-06-14 15:59:00,savings,10.35,0.0,education,False,COMPLETED,Hanoi,paid
T4414,C100466,2025-06-14 16:44:00,pay,18.79,0.09,health,True,COMPLETED,HCMC,paid
T3751,C100395,2025-06-14 16:46:00,topup,53.79,0.05,transport,False,COMPLETED,Hanoi,organic
T7110,C100756,2025-06-14 17:26:00,topup,92.29,0.09,other,False,COMPLETED,HCMC,organic
T5886,C100631,2025-06-14 17:31:00,transfer,15.86,0.03,utilities,False,COMPLETED,Hanoi,campaign
T7327,C100771,2025-06-14 17:54:00,pay,37.49,0.19,fashion,True,COMPLETED,DaNang,paid
T2737,C100295,2025-06-14 18:12:00,bill_pay,113.19,0.34,entertainment,False,COMPLETED,HCMC,paid
T3068,C100327,2025-06-14 18:23:00,transfer,20.22,0.04,groceries,False,FAILED,Hanoi,organic
T4185,C100437,2025-06-14 18:34:00,transfer,24.75,0.05,education,True,COMPLETED,DaNang,organic
T6339,C100678,2025-06-14 18:57:00,transfer,47.08,0.09,utilities,True,COMPLETED,HCMC,referral
T6445,C100685,2025-06-14 19:36:00,pay,33.85,0.17,food_delivery,True,COMPLETED,HCMC,organic
T3152,C100334,2025-06-14 19:38:00,transfer,75.85,0.15,transport,False,COMPLETED,HCMC,organic
T197,C100025,2025-06-14 19:45:00,transfer,64.14,0.13,groceries,True,COMPLETED,CanTho,paid
T7291,C100769,2025-06-15 10:07:00,pay,35.05,0.18,health,False,FAILED,Hanoi,organic
T4933,C100527,2025-06-15 10:10:00,savings,128.63,0.0,utilities,True,COMPLETED,HCMC,organic
T7323,C100771,2025-06-15 10:16:00,invest,26.68,0.01,fashion,False,COMPLETED,DaNang,paid
T4285,C100451,2025-06-15 10:19:00,transfer,81.44,0.16,other,False,COMPLETED,Hanoi,organic
T5631,C100601,2025-06-15 11:33:00,transfer,20.03,0.04,fashion,True,COMPLETED,Hanoi,organic
T5327,C100571,2025-06-15 11:35:00,transfer,19.9,0.04,food_delivery,False,COMPLETED,HCMC,paid
T6705,C100721,2025-06-15 11:59:00,bill_pay,63.66,0.19,other,False,COMPLETED,HCMC,campaign
T7404,C100782,2025-06-15 12:25:00,pay,32.16,0.16,health,True,COMPLETED,HCMC,organic
T3429,C100363,2025-06-15 12:45:00,transfer,22.26,0.04,electronics,True,COMPLETED,HCMC,paid
T6693,C100721,2025-06-15 13:14:00,bill_pay,24.52,0.07,education,True,COMPLETED,HCMC,campaign
T5742,C100611,2025-06-15 13:20:00,bill_pay,82.45,0.25,education,False,COMPLETED,HCMC,campaign
T4897,C100524,2025-06-15 13:40:00,pay,24.25,0.12,transport,False,COMPLETED,HCMC,organic
T6561,C100697,2025-06-15 14:46:00,pay,8.38,0.04,utilities,True,COMPLETED,Hanoi,campaign
T6372,C100681,2025-06-15 15:55:00,pay,20.44,0.1,utilities,True,COMPLETED,HCMC,organic
T1337,C100154,2025-06-15 16:21:00,savings,42.68,0.0,fashion,False,FAILED,Hanoi,organic
T3469,C100366,2025-06-15 16:38:00,transfer,27.37,0.05,health,False,COMPLETED,Hanoi,organic
T6972,C100746,2025-06-15 16:47:00,savings,56.43,0.0,education,False,COMPLETED,HaiPhong,organic
T2783,C100298,2025-06-15 16:55:00,invest,159.53,0.08,health,False,COMPLETED,DaNang,organic
T6577,C100704,2025-06-15 17:01:00,transfer,12.03,0.02,utilities,False,COMPLETED,HaiPhong,paid
T668,C100068,2025-06-15 17:14:00,pay,33.85,0.17,electronics,False,COMPLETED,HCMC,organic
T7199,C100762,2025-06-15 17:39:00,savings,40.31,0.0,electronics,True,COMPLETED,Hanoi,organic
T1109,C100123,2025-06-15 17:49:00,savings,33.44,0.0,entertainment,True,COMPLETED,Hanoi,organic
T7902,C100846,2025-06-15 17:50:00,savings,24.26,0.0,other,False,COMPLETED,Hanoi,organic
T6443,C100685,2025-06-15 18:01:00,pay,61.46,0.31,entertainment,False,COMPLETED,HCMC,organic
T7443,C100785,2025-06-15 18:27:00,transfer,20.99,0.04,other,False,COMPLETED,Hanoi,organic
T4607,C100489,2025-06-15 18:43:00,pay,49.17,0.25,electronics,False,COMPLETED,Hanoi,organic
T5902,C100631,2025-06-15 19:24:00,invest,14.81,0.01,other,True,COMPLETED,Hanoi,campaign
T7793,C100832,2025-06-15 19:54:00,pay,67.5,0.34,food_delivery,True,COMPLETED,HCMC,referral
T6915,C100739,2025-06-15 20:19:00,transfer,24.46,0.05,other,False,COMPLETED,HCMC,referral
T2385,C100266,2025-06-15 20:31:00,invest,10.17,0.01,entertainment,True,COMPLETED,Hanoi,organic
T1763,C100202,2025-06-16 09:13:00,transfer,27.34,0.05,health,True,COMPLETED,CanTho,organic
T3399,C100359,2025-06-16 09:14:00,pay,33.4,0.17,education,True,COMPLETED,Hanoi,organic
T7090,C100755,2025-06-16 09:36:00,pay,56.81,0.28,utilities,False,COMPLETED,DaNang,paid
T7416,C100782,2025-06-16 09:52:00,invest,28.43,0.01,electronics,False,COMPLETED,HCMC,organic
T6918,C100739,2025-06-16 10:16:00,pay,38.41,0.19,food_delivery,False,COMPLETED,HCMC,referral
T5484,C100584,2025-06-16 10:32:00,pay,20.89,0.1,education,False,COMPLETED,CanTho,organic
T2983,C100313,2025-06-16 10:41:00,pay,26.68,0.13,groceries,False,COMPLETED,DaNang,organic
T5517,C100589,2025-06-16 10:43:00,topup,42.17,0.04,electronics,False,COMPLETED,HCMC,organic
T6910,C100739,2025-06-16 10:59:00,bill_pay,26.72,0.08,transport,True,COMPLETED,HCMC,referral
T7365,C100775,2025-06-16 11:16:00,pay,30.16,0.15,transport,True,COMPLETED,DaNang,organic
T7900,C100846,2025-06-16 11:23:00,bill_pay,19.06,0.06,education,False,COMPLETED,Hanoi,organic
T4524,C100481,2025-06-16 11:31:00,bill_pay,11.71,0.04,fashion,False,COMPLETED,Hanoi,organic
T7108,C100755,2025-06-16 12:04:00,transfer,18.96,0.04,fashion,False,COMPLETED,DaNang,paid
T1979,C100223,2025-06-16 12:43:00,savings,5.95,0.0,entertainment,False,COMPLETED,HCMC,referral
T535,C100052,2025-06-16 13:05:00,topup,99.28,0.1,entertainment,False,COMPLETED,HCMC,organic
T6178,C100658,2025-06-16 13:39:00,savings,140.03,0.0,food_delivery,True,COMPLETED,Hanoi,paid
T7947,C100849,2025-06-16 14:17:00,transfer,71.45,0.14,health,False,COMPLETED,Hanoi,referral
T6295,C100671,2025-06-16 15:02:00,invest,43.14,0.02,food_delivery,True,COMPLETED,Hanoi,paid
T5860,C100626,2025-06-16 16:24:00,pay,20.01,0.1,utilities,False,COMPLETED,HCMC,referral
T7669,C100814,2025-06-16 17:08:00,transfer,24.84,0.05,fashion,True,COMPLETED,Hanoi,organic
T4843,C100520,2025-06-16 17:10:00,transfer,7.89,0.02,education,False,COMPLETED,HCMC,organic
T7649,C100810,2025-06-16 17:23:00,pay,75.56,0.38,utilities,False,COMPLETED,DaNang,organic
T5334,C100571,2025-06-16 17:26:00,pay,15.76,0.08,transport,True,COMPLETED,HCMC,paid
T1151,C100128,2025-06-16 18:03:00,transfer,12.74,0.03,other,False,COMPLETED,HCMC,organic
T4577,C100486,2025-06-16 18:14:00,pay,20.83,0.1,electronics,True,COMPLETED,HCMC,paid
T5524,C100589,2025-06-16 18:25:00,transfer,19.99,0.04,education,False,COMPLETED,HCMC,organic
T6090,C100646,2025-06-16 20:11:00,pay,21.82,0.11,groceries,True,COMPLETED,Hanoi,paid
T7539,C100797,2025-06-16 20:40:00,savings,23.71,0.0,food_delivery,False,COMPLETED,DaNang,organic
T6471,C100687,2025-06-17 09:02:00,transfer,70.34,0.14,transport,False,COMPLETED,Hanoi,campaign
T7471,C100789,2025-06-17 09:16:00,bill_pay,21.2,0.06,transport,True,COMPLETED,HCMC,campaign
T4356,C100459,2025-06-17 09:17:00,transfer,21.98,0.04,education,False,COMPLETED,Hanoi,campaign
T3334,C100353,2025-06-17 09:44:00,pay,23.25,0.12,education,False,COMPLETED,HaiPhong,paid
T5658,C100602,2025-06-17 09:59:00,pay,78.89,0.39,education,True,COMPLETED,HCMC,paid
T7763,C100821,2025-06-17 10:14:00,topup,35.97,0.04,utilities,True,COMPLETED,HCMC,organic
T5523,C100589,2025-06-17 10:50:00,topup,23.47,0.02,education,False,COMPLETED,HCMC,organic
T4142,C100435,2025-06-17 11:29:00,pay,41.52,0.21,education,False,FAILED,Hanoi,paid
T1815,C100205,2025-06-17 11:31:00,pay,92.61,0.46,groceries,False,COMPLETED,HCMC,organic
T7834,C100837,2025-06-17 12:52:00,bill_pay,62.47,0.19,food_delivery,False,COMPLETED,HaiPhong,organic
T5608,C100595,2025-06-17 12:53:00,transfer,9.55,0.02,health,False,COMPLETED,HCMC,referral
T5277,C100563,2025-06-17 13:44:00,pay,70.52,0.35,fashion,False,COMPLETED,HCMC,referral
T7869,C100839,2025-06-17 13:50:00,pay,152.17,0.76,utilities,True,COMPLETED,Hanoi,organic
T6733,C100725,2025-06-17 13:59:00,topup,31.86,0.03,fashion,False,COMPLETED,HCMC,referral
T5255,C100559,2025-06-17 14:47:00,pay,31.64,0.16,electronics,True,FAILED,HCMC,referral
T4345,C100458,2025-06-17 15:33:00,transfer,5.06,0.01,education,False,COMPLETED,HCMC,referral
T4381,C100460,2025-06-17 16:08:00,bill_pay,45.12,0.14,transport,True,COMPLETED,HCMC,organic
T2112,C100238,2025-06-17 17:20:00,pay,25.81,0.13,transport,False,COMPLETED,HCMC,paid
T6721,C100725,2025-06-17 17:57:00,bill_pay,50.27,0.15,groceries,False,COMPLETED,HCMC,referral
T5070,C100542,2025-06-17 18:15:00,pay,41.64,0.21,transport,False,COMPLETED,HCMC,organic
T7849,C100837,2025-06-17 18:28:00,pay,13.81,0.07,food_delivery,False,COMPLETED,HaiPhong,organic
T3757,C100395,2025-06-17 18:48:00,pay,55.4,0.28,utilities,True,COMPLETED,Hanoi,organic
T7207,C100762,2025-06-17 20:40:00,pay,15.11,0.08,other,False,COMPLETED,Hanoi,organic
T7745,C100821,2025-06-17 20:42:00,transfer,46.31,0.09,groceries,False,COMPLETED,HCMC,organic
T4848,C100520,2025-06-18 09:33:00,transfer,46.02,0.09,food_delivery,False,COMPLETED,HCMC,organic
T6809,C100730,2025-06-18 11:01:00,pay,19.72,0.1,education,True,FAILED,DaNang,organic
T7529,C100796,2025-06-18 11:35:00,bill_pay,57.35,0.17,health,False,COMPLETED,DaNang,organic
T3204,C100340,2025-06-18 11:56:00,pay,44.76,0.22,utilities,True,COMPLETED,HCMC,organic
T4622,C100494,2025-06-18 12:04:00,bill_pay,37.34,0.11,groceries,False,COMPLETED,HCMC,paid
T66,C100012,2025-06-18 13:12:00,pay,118.05,0.59,fashion,False,COMPLETED,HCMC,organic
T7877,C100839,2025-06-18 13:41:00,savings,8.31,0.0,transport,False,COMPLETED,Hanoi,organic
T1127,C100125,2025-06-18 13:52:00,pay,70.01,0.35,health,False,COMPLETED,HCMC,referral
T7033,C100750,2025-06-18 13:55:00,transfer,25.56,0.05,groceries,True,COMPLETED,HCMC,organic
T7532,C100797,2025-06-18 14:03:00,pay,14.04,0.07,electronics,False,COMPLETED,DaNang,organic
T6991,C100746,2025-06-18 14:04:00,transfer,31.53,0.06,food_delivery,False,COMPLETED,HaiPhong,organic
T7193,C100762,2025-06-18 14:37:00,transfer,33.97,0.07,education,False,COMPLETED,Hanoi,organic
T5891,C100631,2025-06-18 15:32:00,transfer,22.97,0.05,fashion,False,COMPLETED,Hanoi,campaign
T7938,C100849,2025-06-18 15:57:00,topup,51.33,0.05,groceries,False,COMPLETED,Hanoi,referral
T6928,C100740,2025-06-18 16:28:00,transfer,20.74,0.04,utilities,False,COMPLETED,HaiPhong,campaign
T7414,C100782,2025-06-18 16:31:00,pay,29.1,0.15,transport,True,COMPLETED,HCMC,organic
T6478,C100687,2025-06-18 17:20:00,topup,69.73,0.07,electronics,False,COMPLETED,Hanoi,campaign
T2041,C100231,2025-06-18 18:04:00,savings,105.0,0.0,health,False,COMPLETED,HCMC,paid
T7769,C100823,2025-06-18 18:11:00,pay,11.45,0.06,other,False,COMPLETED,HCMC,campaign
T1885,C100209,2025-06-18 18:12:00,invest,18.66,0.01,groceries,True,COMPLETED,CanTho,organic
T88,C100013,2025-06-18 18:16:00,bill_pay,55.16,0.17,food_delivery,False,COMPLETED,CanTho,organic
T7730,C100819,2025-06-18 18:19:00,pay,17.61,0.09,transport,False,COMPLETED,HCMC,campaign
T7411,C100782,2025-06-18 18:40:00,pay,142.68,0.71,other,True,COMPLETED,HCMC,organic
T7851,C100839,2025-06-18 19:11:00,transfer,40.38,0.08,electronics,False,COMPLETED,Hanoi,organic
T8015,C100858,2025-06-18 19:49:00,pay,52.4,0.26,electronics,True,COMPLETED,Hanoi,referral
T5171,C100551,2025-06-18 19:53:00,pay,6.55,0.03,health,False,COMPLETED,Hanoi,paid
T1676,C100190,2025-06-18 20:31:00,pay,36.94,0.18,electronics,False,COMPLETED,CanTho,referral
T6247,C100666,2025-06-18 20:39:00,pay,25.23,0.13,health,False,COMPLETED,Hanoi,paid
T7302,C100769,2025-06-18 20:39:00,savings,52.07,0.0,health,True,COMPLETED,Hanoi,organic
T800,C100085,2025-06-18 20:54:00,pay,38.37,0.19,other,False,COMPLETED,HCMC,organic
T7028,C100750,2025-06-18 20:54:00,pay,6.45,0.03,other,True,COMPLETED,HCMC,organic
T4597,C100488,2025-06-18 20:56:00,pay,12.7,0.06,other,False,COMPLETED,CanTho,organic
T6919,C100739,2025-06-19 09:03:00,pay,19.65,0.1,other,True,COMPLETED,HCMC,referral
T6465,C100687,2025-06-19 09:44:00,savings,25.9,0.0,utilities,True,COMPLETED,Hanoi,campaign
T7962,C100851,2025-06-19 09:53:00,savings,6.21,0.0,education,False,COMPLETED,Hanoi,organic
T7505,C100793,2025-06-19 10:03:00,savings,30.42,0.0,groceries,False,COMPLETED,Hanoi,paid
T5628,C100601,2025-06-19 10:32:00,pay,34.12,0.17,electronics,False,COMPLETED,Hanoi,organic
T5632,C100601,2025-06-19 10:56:00,savings,15.78,0.0,utilities,True,COMPLETED,Hanoi,organic
T7622,C100803,2025-06-19 11:13:00,transfer,9.26,0.02,other,False,COMPLETED,Hanoi,paid
T7749,C100821,2025-06-19 11:22:00,transfer,29.41,0.06,fashion,False,COMPLETED,HCMC,organic
T7825,C100835,2025-06-19 11:28:00,pay,94.53,0.47,entertainment,True,COMPLETED,DaNang,organic
T5784,C100619,2025-06-19 11:29:00,transfer,60.25,0.12,fashion,True,COMPLETED,HCMC,referral
T7771,C100828,2025-06-19 12:10:00,bill_pay,43.2,0.13,entertainment,False,COMPLETED,Hanoi,organic
T2162,C100246,2025-06-19 12:48:00,pay,20.3,0.1,entertainment,False,COMPLETED,HCMC,referral
T7200,C100762,2025-06-19 12:51:00,invest,63.76,0.03,fashion,False,COMPLETED,Hanoi,organic
T7906,C100846,2025-06-19 13:01:00,savings,60.51,0.0,other,False,COMPLETED,Hanoi,organic
T7008,C100748,2025-06-19 13:02:00,pay,17.66,0.09,electronics,True,COMPLETED,Hanoi,paid
T7092,C100755,2025-06-19 13:21:00,savings,39.06,0.0,food_delivery,True,COMPLETED,DaNang,paid
T6730,C100725,2025-06-19 14:01:00,transfer,27.35,0.05,education,True,COMPLETED,HCMC,referral
T7924,C100848,2025-06-19 14:07:00,savings,41.51,0.0,other,False,COMPLETED,Hanoi,organic
T2406,C100267,2025-06-19 14:17:00,pay,16.29,0.08,fashion,True,COMPLETED,HCMC,organic
T2829,C100304,2025-06-19 14:22:00,pay,14.77,0.07,electronics,True,COMPLETED,HCMC,organic
T5588,C100594,2025-06-19 14:24:00,pay,26.15,0.13,transport,True,COMPLETED,Hanoi,referral
T3729,C100391,2025-06-19 14:30:00,savings,45.41,0.0,electronics,False,FAILED,HCMC,organic
T4474,C100477,2025-06-19 14:43:00,pay,37.25,0.19,groceries,True,COMPLETED,CanTho,paid
T1040,C100118,2025-06-19 15:06:00,pay,29.05,0.15,electronics,True,COMPLETED,Hanoi,organic
T6420,C100685,2025-06-19 16:21:00,savings,15.44,0.0,groceries,True,COMPLETED,HCMC,organic
T5543,C100590,2025-06-19 16:29:00,savings,29.12,0.0,utilities,False,COMPLETED,HCMC,paid
T7914,C100846,2025-06-19 17:14:00,pay,25.93,0.13,education,True,COMPLETED,Hanoi,organic
T7392,C100780,2025-06-19 17:22:00,transfer,123.26,0.25,electronics,True,COMPLETED,Hanoi,paid
T7784,C100832,2025-06-19 18:14:00,pay,15.88,0.08,fashion,False,COMPLETED,HCMC,referral
T2669,C100291,2025-06-19 20:07:00,savings,17.91,0.0,education,False,COMPLETED,HCMC,organic
T7305,C100769,2025-06-19 20:23:00,savings,35.38,0.0,health,False,COMPLETED,Hanoi,organic
T7937,C100849,2025-06-19 20:25:00,pay,9.36,0.05,transport,False,COMPLETED,Hanoi,referral
T210,C100028,2025-06-19 20:50:00,pay,41.2,0.21,education,False,COMPLETED,DaNang,organic
T951,C100107,2025-06-20 09:32:00,transfer,92.3,0.18,entertainment,True,COMPLETED,HCMC,referral
T5445,C100581,2025-06-20 10:08:00,pay,23.77,0.12,fashion,False,COMPLETED,HCMC,referral
T7191,C100762,2025-06-20 10:24:00,pay,42.94,0.21,fashion,False,COMPLETED,Hanoi,organic
T4820,C100517,2025-06-20 10:30:00,pay,4.52,0.02,health,True,COMPLETED,Hanoi,organic
T1163,C100129,2025-06-20 10:51:00,pay,113.03,0.57,education,True,COMPLETED,HCMC,organic
T7710,C100818,2025-06-20 10:54:00,pay,58.08,0.29,other,False,COMPLETED,Hanoi,paid
T7223,C100765,2025-06-20 11:06:00,transfer,28.08,0.06,electronics,False,COMPLETED,HCMC,paid
T2504,C100274,2025-06-20 11:30:00,bill_pay,26.7,0.08,education,False,COMPLETED,HCMC,organic
T3827,C100403,2025-06-20 11:30:00,savings,10.18,0.0,fashion,True,FAILED,HCMC,paid
T6511,C100691,2025-06-20 12:52:00,transfer,23.6,0.05,education,False,COMPLETED,Hanoi,paid
T7566,C100798,2025-06-20 12:56:00,transfer,32.22,0.06,food_delivery,True,COMPLETED,HCMC,campaign
T1555,C100175,2025-06-20 13:02:00,transfer,39.21,0.08,transport,True,COMPLETED,HaiPhong,campaign
T7997,C100858,2025-06-20 13:21:00,pay,32.74,0.16,education,True,COMPLETED,Hanoi,referral
T6575,C100704,2025-06-20 13:29:00,transfer,27.57,0.06,electronics,True,COMPLETED,HaiPhong,paid
T3061,C100327,2025-06-20 13:31:00,transfer,48.18,0.1,electronics,False,COMPLETED,Hanoi,organic
T7815,C100835,2025-06-20 14:12:00,transfer,69.69,0.14,food_delivery,False,COMPLETED,DaNang,organic
T2366,C100265,2025-06-20 14:25:00,bill_pay,22.75,0.07,health,True,COMPLETED,Hanoi,organic
T4916,C100526,2025-06-20 14:26:00,pay,30.14,0.15,education,False,COMPLETED,HCMC,paid
T6687,C100721,2025-06-20 14:41:00,savings,27.22,0.0,fashion,False,COMPLETED,HCMC,campaign
T2891,C100308,2025-06-20 15:33:00,topup,33.49,0.03,groceries,True,COMPLETED,HCMC,paid
T7299,C100769,2025-06-20 17:01:00,savings,15.34,0.0,entertainment,False,COMPLETED,Hanoi,organic
T7444,C100785,2025-06-20 17:39:00,transfer,126.03,0.25,health,True,COMPLETED,Hanoi,organic
T660,C100068,2025-06-20 18:00:00,savings,75.67,0.0,other,False,COMPLETED,HCMC,organic
T598,C100058,2025-06-20 18:07:00,pay,47.26,0.24,other,True,COMPLETED,Hanoi,referral
T6622,C100712,2025-06-20 18:12:00,pay,12.99,0.06,food_delivery,False,COMPLETED,CanTho,paid
T6727,C100725,2025-06-20 18:24:00,pay,65.41,0.33,fashion,False,COMPLETED,HCMC,referral
T4601,C100488,2025-06-20 18:26:00,pay,54.92,0.27,fashion,True,COMPLETED,CanTho,organic
T4255,C100444,2025-06-20 18:50:00,transfer,9.53,0.02,food_delivery,True,COMPLETED,Hanoi,organic
T5162,C100551,2025-06-20 18:54:00,pay,41.54,0.21,food_delivery,True,COMPLETED,Hanoi,paid
T7280,C100768,2025-06-20 18:58:00,pay,72.94,0.36,other,False,COMPLETED,Hanoi,paid
T7776,C100828,2025-06-20 19:52:00,pay,52.74,0.26,other,False,COMPLETED,Hanoi,organic
T6887,C100738,2025-06-20 20:02:00,transfer,80.52,0.16,entertainment,False,COMPLETED,HCMC,organic
T1522,C100173,2025-06-20 20:34:00,pay,79.34,0.4,fashion,False,COMPLETED,HCMC,organic
T4567,C100485,2025-06-21 09:12:00,pay,14.12,0.07,food_delivery,False,COMPLETED,HCMC,organic
T587,C100056,2025-06-21 09:32:00,transfer,20.36,0.04,electronics,False,COMPLETED,DaNang,paid
T2634,C100287,2025-06-21 09:55:00,transfer,34.07,0.07,utilities,False,COMPLETED,CanTho,organic
T5780,C100619,2025-06-21 10:19:00,transfer,112.34,0.22,education,False,COMPLETED,HCMC,referral
T7423,C100783,2025-06-21 10:26:00,pay,32.03,0.16,entertainment,False,COMPLETED,Hanoi,paid
T7009,C100749,2025-06-21 10:42:00,savings,32.3,0.0,transport,True,COMPLETED,HCMC,paid
T5597,C100595,2025-06-21 11:05:00,pay,78.06,0.39,groceries,False,COMPLETED,HCMC,referral
T6709,C100721,2025-06-21 11:05:00,pay,23.11,0.12,groceries,True,COMPLETED,HCMC,campaign
T5117,C100548,2025-06-21 11:15:00,bill_pay,12.35,0.04,education,True,COMPLETED,Hanoi,referral
T2726,C100295,2025-06-21 11:18:00,pay,10.15,0.05,transport,True,COMPLETED,HCMC,paid
T7747,C100821,2025-06-21 11:59:00,transfer,33.25,0.07,utilities,False,COMPLETED,HCMC,organic
T7781,C100828,2025-06-21 12:45:00,topup,36.37,0.04,entertainment,False,COMPLETED,Hanoi,organic
T4254,C100444,2025-06-21 12:48:00,pay,133.43,0.67,other,False,COMPLETED,Hanoi,organic
T7013,C100749,2025-06-21 12:53:00,transfer,11.85,0.02,electronics,False,COMPLETED,HCMC,paid
T5612,C100595,2025-06-21 13:42:00,transfer,27.91,0.06,groceries,True,COMPLETED,HCMC,referral
T5953,C100635,2025-06-21 14:22:00,savings,18.93,0.0,entertainment,True,COMPLETED,HCMC,campaign
T7501,C100792,2025-06-21 14:26:00,savings,50.09,0.0,transport,False,COMPLETED,Hanoi,paid
T6023,C100641,2025-06-21 15:17:00,bill_pay,47.7,0.14,electronics,False,COMPLETED,CanTho,organic
T6748,C100726,2025-06-21 16:02:00,savings,31.18,0.0,groceries,True,COMPLETED,Hanoi,organic
T5270,C100563,2025-06-21 16:21:00,pay,62.82,0.31,education,False,COMPLETED,HCMC,referral
T1734,C100198,2025-06-21 16:36:00,pay,35.25,0.18,groceries,False,COMPLETED,DaNang,organic
T7497,C100792,2025-06-21 17:17:00,pay,22.67,0.11,education,False,COMPLETED,Hanoi,paid
T7796,C100832,2025-06-21 17:45:00,pay,12.06,0.06,utilities,False,COMPLETED,HCMC,referral
T1232,C100133,2025-06-21 17:49:00,transfer,60.85,0.12,health,False,COMPLETED,Hanoi,referral
T4400,C100465,2025-06-21 17:56:00,transfer,12.49,0.02,utilities,False,COMPLETED,Hanoi,paid
T6728,C100725,2025-06-21 18:00:00,pay,6.79,0.03,groceries,False,COMPLETED,HCMC,referral
T3568,C100374,2025-06-21 18:02:00,transfer,164.54,0.33,transport,False,COMPLETED,Hanoi,referral
T8018,C100859,2025-06-21 18:11:00,bill_pay,55.24,0.17,electronics,False,COMPLETED,HaiPhong,paid
T5377,C100575,2025-06-21 18:12:00,pay,40.62,0.2,education,True,COMPLETED,HCMC,referral
T6737,C100725,2025-06-21 18:23:00,bill_pay,33.08,0.1,groceries,False,COMPLETED,HCMC,referral
T4273,C100448,2025-06-21 18:28:00,savings,24.37,0.0,groceries,True,COMPLETED,Hanoi,organic
T7616,C100803,2025-06-21 18:47:00,pay,19.38,0.1,health,False,COMPLETED,Hanoi,paid
T7045,C100751,2025-06-21 18:53:00,transfer,23.33,0.05,utilities,True,COMPLETED,HCMC,referral
T7437,C100783,2025-06-21 19:05:00,savings,67.77,0.0,entertainment,True,COMPLETED,Hanoi,paid
T4987,C100534,2025-06-21 19:07:00,pay,79.45,0.4,food_delivery,False,COMPLETED,HaiPhong,organic
T6399,C100683,2025-06-21 19:45:00,pay,34.61,0.17,groceries,True,COMPLETED,HCMC,organic
T6673,C100719,2025-06-21 19:56:00,pay,35.18,0.18,entertainment,False,COMPLETED,DaNang,campaign
T6327,C100678,2025-06-21 20:04:00,pay,27.0,0.14,entertainment,False,COMPLETED,HCMC,referral
T5639,C100601,2025-06-21 20:10:00,savings,3.47,0.0,utilities,False,COMPLETED,Hanoi,organic
T7388,C100780,2025-06-21 20:13:00,pay,65.41,0.33,education,False,COMPLETED,Hanoi,paid
T6756,C100727,2025-06-21 20:13:00,transfer,11.25,0.02,food_delivery,False,COMPLETED,Hanoi,referral
T6507,C100691,2025-06-21 20:16:00,savings,30.32,0.0,health,True,COMPLETED,Hanoi,paid
T5733,C100608,2025-06-21 20:49:00,invest,10.2,0.01,groceries,True,COMPLETED,Hanoi,paid
T3483,C100366,2025-06-21 20:49:00,pay,27.54,0.14,other,False,COMPLETED,Hanoi,organic
T7337,C100771,2025-06-21 20:56:00,pay,67.66,0.34,electronics,True,COMPLETED,DaNang,paid
T387,C100042,2025-06-22 09:03:00,pay,36.54,0.18,food_delivery,True,COMPLETED,HCMC,organic
T2447,C100270,2025-06-22 09:37:00,pay,2.81,0.01,fashion,False,COMPLETED,Hanoi,organic
T7712,C100818,2025-06-22 09:39:00,invest,20.48,0.01,utilities,False,COMPLETED,Hanoi,paid
T6031,C100641,2025-06-22 10:10:00,pay,54.28,0.27,entertainment,True,COMPLETED,CanTho,organic
T5259,C100561,2025-06-22 10:22:00,pay,11.32,0.06,transport,False,COMPLETED,CanTho,paid
T6378,C100681,2025-06-22 10:44:00,pay,13.45,0.07,food_delivery,True,COMPLETED,HCMC,organic
T6284,C100670,2025-06-22 10:52:00,bill_pay,39.18,0.12,fashion,True,COMPLETED,HCMC,paid
T7264,C100766,2025-06-22 11:23:00,transfer,47.95,0.1,food_delivery,False,COMPLETED,HCMC,campaign
T8099,C100868,2025-06-22 11:38:00,topup,4.79,0.0,entertainment,False,COMPLETED,Hanoi,referral
T2768,C100298,2025-06-22 13:53:00,pay,14.53,0.07,groceries,False,COMPLETED,DaNang,organic
T6452,C100686,2025-06-22 13:58:00,invest,47.42,0.02,fashion,True,COMPLETED,CanTho,organic
T5556,C100592,2025-06-22 14:03:00,savings,17.79,0.0,health,False,COMPLETED,HCMC,organic
T7811,C100835,2025-06-22 14:15:00,transfer,30.48,0.06,health,False,COMPLETED,DaNang,organic
T2590,C100279,2025-06-22 15:03:00,bill_pay,19.54,0.06,food_delivery,False,COMPLETED,Hanoi,paid
T7372,C100775,2025-06-22 15:32:00,transfer,14.5,0.03,transport,True,COMPLETED,DaNang,organic
T6812,C100730,2025-06-22 16:00:00,transfer,25.79,0.05,fashion,False,COMPLETED,DaNang,organic
T6560,C100696,2025-06-22 16:05:00,savings,22.05,0.0,other,False,COMPLETED,DaNang,paid
T2319,C100261,2025-06-22 16:33:00,bill_pay,24.5,0.07,food_delivery,True,COMPLETED,HCMC,organic
T7695,C100817,2025-06-22 17:31:00,pay,11.87,0.06,groceries,False,COMPLETED,Hanoi,organic
T6168,C100654,2025-06-22 18:12:00,pay,60.77,0.3,health,True,COMPLETED,CanTho,organic
T7059,C100753,2025-06-22 18:57:00,transfer,32.29,0.06,health,True,COMPLETED,Hanoi,paid
T6637,C100712,2025-06-22 20:04:00,pay,26.56,0.13,education,True,COMPLETED,CanTho,paid
T2947,C100311,2025-06-22 20:06:00,transfer,34.55,0.07,utilities,True,FAILED,CanTho,campaign
T7356,C100775,2025-06-22 20:45:00,pay,50.41,0.25,other,False,COMPLETED,DaNang,organic
T2207,C100252,2025-06-22 20:58:00,pay,120.85,0.6,health,False,COMPLETED,DaNang,paid
T8069,C100865,2025-06-23 09:10:00,pay,14.33,0.07,other,False,COMPLETED,DaNang,organic
T7118,C100756,2025-06-23 09:12:00,pay,86.39,0.43,entertainment,False,COMPLETED,HCMC,organic
T7766,C100821,2025-06-23 10:03:00,pay,55.61,0.28,utilities,False,COMPLETED,HCMC,organic
T2631,C100287,2025-06-23 10:22:00,transfer,51.93,0.1,entertainment,True,COMPLETED,CanTho,organic
T3828,C100403,2025-06-23 10:42:00,transfer,35.98,0.07,health,True,COMPLETED,HCMC,paid
T4784,C100516,2025-06-23 10:55:00,pay,44.84,0.22,health,False,FAILED,Hanoi,referral
T2927,C100310,2025-06-23 11:23:00,bill_pay,25.92,0.08,electronics,True,COMPLETED,HCMC,paid
T8002,C100858,2025-06-23 11:28:00,transfer,335.94,0.67,electronics,True,COMPLETED,Hanoi,referral
T6460,C100687,2025-06-23 11:43:00,pay,51.52,0.26,education,False,COMPLETED,Hanoi,campaign
T7774,C100828,2025-06-23 12:18:00,pay,27.2,0.14,utilities,True,COMPLETED,Hanoi,organic
T6651,C100718,2025-06-23 12:23:00,pay,50.4,0.25,groceries,False,COMPLETED,HCMC,organic
T5946,C100635,2025-06-23 12:29:00,transfer,20.47,0.04,other,True,FAILED,HCMC,campaign
T6873,C100735,2025-06-23 12:35:00,bill_pay,21.48,0.06,fashion,False,COMPLETED,HCMC,organic
T1661,C100186,2025-06-23 12:43:00,pay,9.12,0.05,entertainment,True,COMPLETED,HCMC,referral
T7005,C100748,2025-06-23 13:00:00,pay,21.31,0.11,entertainment,False,COMPLETED,Hanoi,paid
T958,C100107,2025-06-23 13:07:00,transfer,42.84,0.09,transport,False,COMPLETED,HCMC,referral
T4982,C100533,2025-06-23 14:45:00,pay,14.55,0.07,food_delivery,True,COMPLETED,Hanoi,paid
T5826,C100622,2025-06-23 15:32:00,savings,29.57,0.0,entertainment,False,COMPLETED,HCMC,paid
T7879,C100841,2025-06-23 15:46:00,pay,13.05,0.07,entertainment,True,COMPLETED,HCMC,organic
T3940,C100414,2025-06-23 15:59:00,bill_pay,57.19,0.17,utilities,False,COMPLETED,HCMC,paid
T4969,C100533,2025-06-23 16:08:00,pay,14.61,0.07,education,False,COMPLETED,Hanoi,paid
T565,C100054,2025-06-23 16:32:00,transfer,48.98,0.1,electronics,False,COMPLETED,DaNang,paid
T6034,C100642,2025-06-23 16:54:00,transfer,18.9,0.04,electronics,False,COMPLETED,HCMC,organic
T6834,C100732,2025-06-23 17:12:00,pay,67.05,0.34,electronics,True,COMPLETED,Hanoi,paid
T2600,C100284,2025-06-23 17:36:00,transfer,37.07,0.07,electronics,True,COMPLETED,HaiPhong,paid
T7904,C100846,2025-06-23 17:48:00,transfer,16.4,0.03,electronics,True,COMPLETED,Hanoi,organic
T2843,C100305,2025-06-23 18:11:00,bill_pay,22.05,0.07,electronics,False,COMPLETED,Hanoi,campaign
T3085,C100329,2025-06-23 18:36:00,bill_pay,29.99,0.09,utilities,False,COMPLETED,HCMC,organic
T7531,C100796,2025-06-23 19:45:00,pay,31.2,0.16,education,False,COMPLETED,DaNang,organic
T8016,C100859,2025-06-23 19:54:00,savings,41.56,0.0,other,False,COMPLETED,HaiPhong,paid
T8066,C100865,2025-06-23 20:09:00,transfer,30.08,0.06,education,True,COMPLETED,DaNang,organic
T7043,C100751,2025-06-23 20:37:00,savings,49.34,0.0,food_delivery,False,COMPLETED,HCMC,referral
T7588,C100799,2025-06-24 09:02:00,transfer,43.73,0.09,other,True,COMPLETED,HCMC,organic
T3532,C100370,2025-06-24 09:30:00,transfer,42.75,0.09,utilities,False,COMPLETED,Hanoi,organic
T5045,C100542,2025-06-24 09:47:00,transfer,53.19,0.11,entertainment,False,COMPLETED,HCMC,organic
T5508,C100588,2025-06-24 09:54:00,transfer,63.83,0.13,groceries,False,COMPLETED,HCMC,organic
T6946,C100743,2025-06-24 10:13:00,pay,44.15,0.22,entertainment,False,COMPLETED,HaiPhong,organic
T7941,C100849,2025-06-24 10:22:00,pay,24.34,0.12,education,False,COMPLETED,Hanoi,referral
T6858,C100734,2025-06-24 10:36:00,savings,16.42,0.0,utilities,False,FAILED,HCMC,organic
T7828,C100837,2025-06-24 11:04:00,pay,27.2,0.14,education,True,FAILED,HaiPhong,organic
T7777,C100828,2025-06-24 11:07:00,transfer,13.35,0.03,other,True,COMPLETED,Hanoi,organic
T2194,C100249,2025-06-24 11:35:00,pay,16.8,0.08,groceries,False,COMPLETED,HCMC,organic
T7533,C100797,2025-06-24 12:10:00,savings,63.55,0.0,entertainment,True,COMPLETED,DaNang,organic
T7779,C100828,2025-06-24 12:18:00,pay,34.07,0.17,utilities,False,COMPLETED,Hanoi,organic
T7236,C100765,2025-06-24 13:03:00,pay,26.4,0.13,food_delivery,False,COMPLETED,HCMC,paid
T6821,C100730,2025-06-24 13:05:00,transfer,38.45,0.08,education,True,COMPLETED,DaNang,organic
T8006,C100858,2025-06-24 13:23:00,savings,39.06,0.0,fashion,True,COMPLETED,Hanoi,referral
T4997,C100534,2025-06-24 13:29:00,transfer,18.72,0.04,education,True,COMPLETED,HaiPhong,organic
T2856,C100307,2025-06-24 13:31:00,invest,46.27,0.02,other,True,COMPLETED,HCMC,organic
T7344,C100772,2025-06-24 14:18:00,transfer,19.5,0.04,food_delivery,False,COMPLETED,HCMC,referral
T4595,C100488,2025-06-24 14:25:00,transfer,26.8,0.05,utilities,False,COMPLETED,CanTho,organic
T6337,C100678,2025-06-24 14:46:00,pay,30.81,0.15,food_delivery,False,COMPLETED,HCMC,referral
T4895,C100524,2025-06-24 14:49:00,transfer,32.01,0.06,transport,True,COMPLETED,HCMC,organic
T1623,C100184,2025-06-24 14:52:00,bill_pay,30.21,0.09,groceries,True,COMPLETED,HaiPhong,organic
T7253,C100766,2025-06-24 15:11:00,transfer,17.03,0.03,transport,True,COMPLETED,HCMC,campaign
T7819,C100835,2025-06-24 15:39:00,pay,48.15,0.24,transport,True,COMPLETED,DaNang,organic
T7579,C100799,2025-06-24 15:58:00,transfer,30.45,0.06,entertainment,False,COMPLETED,HCMC,organic
T1611,C100179,2025-06-24 16:16:00,pay,23.39,0.12,education,False,COMPLETED,HCMC,paid
T6209,C100660,2025-06-24 16:18:00,savings,7.69,0.0,transport,False,COMPLETED,HCMC,organic
T3266,C100343,2025-06-24 16:28:00,savings,32.94,0.0,utilities,False,COMPLETED,Hanoi,campaign
T7926,C100848,2025-06-24 16:50:00,pay,53.22,0.27,groceries,False,COMPLETED,Hanoi,organic
T7611,C100802,2025-06-24 17:12:00,pay,13.61,0.07,transport,False,COMPLETED,Hanoi,organic
T2678,C100293,2025-06-24 17:15:00,transfer,19.46,0.04,utilities,True,COMPLETED,Hanoi,paid
T3031,C100320,2025-06-24 17:23:00,pay,21.11,0.11,food_delivery,False,COMPLETED,CanTho,organic
T5755,C100614,2025-06-24 17:52:00,invest,5.67,0.0,transport,True,FAILED,HCMC,organic
T7755,C100821,2025-06-24 18:02:00,topup,84.77,0.08,entertainment,False,COMPLETED,HCMC,organic
T1927,C100217,2025-06-24 18:25:00,pay,37.97,0.19,fashion,True,COMPLETED,HCMC,paid
T8058,C100865,2025-06-24 18:50:00,pay,13.49,0.07,health,False,COMPLETED,DaNang,organic
T398,C100042,2025-06-24 19:01:00,transfer,23.21,0.05,other,True,COMPLETED,HCMC,organic
T3767,C100395,2025-06-24 19:11:00,transfer,55.79,0.11,fashion,True,COMPLETED,Hanoi,organic
T6679,C100719,2025-06-24 19:20:00,pay,67.3,0.34,other,True,COMPLETED,DaNang,campaign
T5729,C100605,2025-06-24 19:43:00,transfer,22.33,0.04,food_delivery,True,COMPLETED,Hanoi,campaign
T5497,C100584,2025-06-24 19:51:00,transfer,18.41,0.04,fashion,False,COMPLETED,CanTho,organic
T7172,C100761,2025-06-24 20:00:00,topup,20.84,0.02,other,False,COMPLETED,HCMC,organic
T763,C100081,2025-06-24 20:27:00,pay,51.41,0.26,electronics,False,COMPLETED,HCMC,organic
T8054,C100864,2025-06-24 20:36:00,pay,15.39,0.08,fashion,False,COMPLETED,HCMC,organic
T3238,C100341,2025-06-24 20:42:00,transfer,34.08,0.07,other,False,COMPLETED,Hanoi,organic
T7807,C100835,2025-06-24 20:48:00,bill_pay,26.65,0.08,transport,True,COMPLETED,DaNang,organic
T1145,C100128,2025-06-24 20:54:00,savings,19.21,0.0,utilities,True,COMPLETED,HCMC,organic
T7281,C100768,2025-06-25 10:07:00,transfer,23.83,0.05,education,False,COMPLETED,Hanoi,paid
T3719,C100391,2025-06-25 10:31:00,pay,137.65,0.69,transport,True,COMPLETED,HCMC,organic
T6190,C100658,2025-06-25 12:45:00,invest,40.13,0.02,health,True,COMPLETED,Hanoi,paid
T7129,C100757,2025-06-25 12:49:00,transfer,14.83,0.03,education,True,COMPLETED,Hanoi,referral
T1316,C100144,2025-06-25 13:02:00,pay,16.76,0.08,food_delivery,False,COMPLETED,HCMC,organic
T1361,C100156,2025-06-25 13:09:00,pay,15.24,0.08,education,True,COMPLETED,Hanoi,organic
T4776,C100515,2025-06-25 13:30:00,transfer,20.66,0.04,other,True,COMPLETED,Hanoi,paid
T7459,C100785,2025-06-25 13:51:00,pay,35.18,0.18,fashion,False,COMPLETED,Hanoi,organic
T22,C100008,2025-06-25 14:35:00,invest,67.17,0.03,health,False,COMPLETED,Hanoi,organic
T5614,C100597,2025-06-25 14:39:00,pay,71.38,0.36,other,False,COMPLETED,HCMC,paid
T3790,C100400,2025-06-25 14:45:00,transfer,7.02,0.01,electronics,True,COMPLETED,Hanoi,organic
T7699,C100818,2025-06-25 14:46:00,pay,52.96,0.26,other,True,FAILED,Hanoi,paid
T3256,C100343,2025-06-25 15:05:00,pay,10.13,0.05,electronics,True,COMPLETED,Hanoi,campaign
T754,C100081,2025-06-25 15:06:00,pay,20.99,0.1,groceries,False,COMPLETED,HCMC,organic
T5843,C100623,2025-06-25 15:13:00,transfer,46.31,0.09,other,False,COMPLETED,HCMC,paid
T2399,C100267,2025-06-25 15:22:00,savings,15.2,0.0,other,True,COMPLETED,HCMC,organic
T7109,C100756,2025-06-25 15:23:00,transfer,122.78,0.25,electronics,False,COMPLETED,HCMC,organic
T6363,C100681,2025-06-25 16:10:00,savings,12.17,0.0,entertainment,True,COMPLETED,HCMC,organic
T2764,C100297,2025-06-25 16:16:00,pay,37.57,0.19,entertainment,False,COMPLETED,HCMC,referral
T6581,C100704,2025-06-25 16:23:00,pay,52.02,0.26,entertainment,True,COMPLETED,HaiPhong,paid
T3303,C100351,2025-06-25 16:26:00,savings,32.34,0.0,fashion,False,COMPLETED,CanTho,paid
T5852,C100623,2025-06-25 16:28:00,transfer,20.41,0.04,groceries,True,COMPLETED,HCMC,paid
T6871,C100735,2025-06-25 16:30:00,savings,20.67,0.0,utilities,True,COMPLETED,HCMC,organic
T7746,C100821,2025-06-25 17:03:00,savings,35.96,0.0,health,True,COMPLETED,HCMC,organic
T1861,C100208,2025-06-25 17:22:00,pay,12.16,0.06,utilities,True,COMPLETED,Hanoi,organic
T1882,C100209,2025-06-25 18:02:00,savings,21.79,0.0,other,True,COMPLETED,CanTho,organic
T6492,C100690,2025-06-25 18:13:00,transfer,82.67,0.17,utilities,False,COMPLETED,HCMC,paid
T377,C100039,2025-06-25 18:38:00,transfer,7.42,0.01,groceries,False,COMPLETED,HCMC,referral
T6713,C100723,2025-06-25 18:39:00,savings,25.18,0.0,groceries,True,COMPLETED,HCMC,referral
T1293,C100143,2025-06-25 19:01:00,pay,48.27,0.24,transport,True,COMPLETED,HCMC,organic
T8103,C100869,2025-06-25 19:11:00,pay,15.09,0.08,other,False,COMPLETED,HCMC,referral
T1827,C100205,2025-06-25 19:46:00,pay,83.21,0.42,entertainment,True,COMPLETED,HCMC,organic
T3210,C100340,2025-06-25 20:05:00,transfer,55.47,0.11,other,False,COMPLETED,HCMC,organic
T7250,C100766,2025-06-25 20:14:00,pay,8.32,0.04,food_delivery,False,COMPLETED,HCMC,campaign
T6506,C100691,2025-06-25 20:33:00,pay,35.39,0.18,food_delivery,False,COMPLETED,Hanoi,paid
T7778,C100828,2025-06-26 09:34:00,transfer,31.54,0.06,electronics,True,COMPLETED,Hanoi,organic
T2265,C100257,2025-06-26 09:44:00,pay,3.72,0.02,groceries,False,COMPLETED,DaNang,paid
T8119,C100869,2025-06-26 09:48:00,pay,29.13,0.15,transport,False,COMPLETED,HCMC,referral
T7802,C100834,2025-06-26 10:29:00,savings,20.1,0.0,education,True,COMPLETED,Hanoi,organic
T913,C100097,2025-06-26 11:18:00,pay,19.15,0.1,electronics,True,COMPLETED,HCMC,paid
T2102,C100238,2025-06-26 11:29:00,pay,8.05,0.04,entertainment,False,COMPLETED,HCMC,paid
T5511,C100589,2025-06-26 11:50:00,transfer,29.92,0.06,other,False,FAILED,HCMC,organic
T7415,C100782,2025-06-26 12:41:00,pay,42.69,0.21,food_delivery,False,COMPLETED,HCMC,organic
T2047,C100233,2025-06-26 13:29:00,savings,17.88,0.0,health,False,COMPLETED,HaiPhong,organic
T7759,C100821,2025-06-26 14:01:00,pay,18.02,0.09,fashion,False,COMPLETED,HCMC,organic
T911,C100097,2025-06-26 14:31:00,bill_pay,15.63,0.05,electronics,False,COMPLETED,HCMC,paid
T5322,C100570,2025-06-26 15:06:00,transfer,28.69,0.06,food_delivery,False,COMPLETED,Hanoi,organic
T7432,C100783,2025-06-26 15:14:00,pay,7.72,0.04,other,False,COMPLETED,Hanoi,paid
T6947,C100743,2025-06-26 15:25:00,savings,46.25,0.0,transport,False,COMPLETED,HaiPhong,organic
T7295,C100769,2025-06-26 16:40:00,pay,5.17,0.03,groceries,False,COMPLETED,Hanoi,organic
T3743,C100395,2025-06-26 16:55:00,topup,25.13,0.03,education,True,COMPLETED,Hanoi,organic
T8030,C100864,2025-06-26 17:07:00,transfer,31.73,0.06,electronics,False,COMPLETED,HCMC,organic
T7537,C100797,2025-06-26 17:37:00,savings,25.96,0.0,transport,True,COMPLETED,DaNang,organic
T3149,C100334,2025-06-26 18:41:00,pay,20.01,0.1,food_delivery,True,COMPLETED,HCMC,organic
T4006,C100419,2025-06-26 18:52:00,pay,31.3,0.16,other,False,COMPLETED,Hanoi,referral
T3579,C100376,2025-06-26 18:57:00,bill_pay,8.16,0.02,food_delivery,True,COMPLETED,HCMC,paid
T6672,C100719,2025-06-26 19:12:00,transfer,6.88,0.01,entertainment,False,COMPLETED,DaNang,campaign
T7318,C100771,2025-06-26 19:58:00,savings,23.58,0.0,entertainment,False,COMPLETED,DaNang,paid
T5042,C100541,2025-06-26 20:26:00,bill_pay,15.18,0.05,transport,False,COMPLETED,HCMC,organic
T7063,C100753,2025-06-26 20:52:00,transfer,23.62,0.05,entertainment,False,COMPLETED,Hanoi,paid
T7087,C100753,2025-06-27 09:01:00,transfer,44.92,0.09,food_delivery,True,COMPLETED,Hanoi,paid
T7335,C100771,2025-06-27 09:01:00,transfer,31.55,0.06,electronics,False,COMPLETED,DaNang,paid
T6212,C100660,2025-06-27 10:05:00,savings,29.17,0.0,other,False,FAILED,HCMC,organic
T8023,C100859,2025-06-27 10:57:00,bill_pay,69.95,0.21,utilities,False,COMPLETED,HaiPhong,paid
T6409,C100683,2025-06-27 11:06:00,transfer,21.89,0.04,entertainment,True,COMPLETED,HCMC,organic
T7847,C100837,2025-06-27 11:11:00,transfer,16.96,0.03,education,False,COMPLETED,HaiPhong,organic
T3147,C100334,2025-06-27 11:36:00,savings,18.85,0.0,electronics,True,COMPLETED,HCMC,organic
T2667,C100291,2025-06-27 11:53:00,transfer,30.59,0.06,health,False,COMPLETED,HCMC,organic
T6725,C100725,2025-06-27 12:26:00,pay,38.68,0.19,health,True,COMPLETED,HCMC,referral
T4942,C100527,2025-06-27 12:31:00,pay,10.71,0.05,entertainment,False,COMPLETED,HCMC,organic
T6133,C100650,2025-06-27 12:54:00,bill_pay,76.1,0.23,food_delivery,False,COMPLETED,CanTho,referral
T8025,C100859,2025-06-27 13:21:00,bill_pay,65.08,0.2,other,False,COMPLETED,HaiPhong,paid
T7549,C100797,2025-06-27 13:42:00,topup,37.47,0.04,utilities,True,COMPLETED,DaNang,organic
T7729,C100819,2025-06-27 13:49:00,savings,55.16,0.0,utilities,True,COMPLETED,HCMC,campaign
T2632,C100287,2025-06-27 13:59:00,transfer,36.28,0.07,transport,False,COMPLETED,CanTho,organic
T7270,C100767,2025-06-27 14:32:00,pay,39.01,0.2,electronics,False,COMPLETED,Hanoi,paid
T8148,C100874,2025-06-27 15:08:00,invest,22.83,0.01,health,False,COMPLETED,HCMC,paid
T8080,C100866,2025-06-27 16:08:00,pay,77.31,0.39,transport,True,COMPLETED,Hanoi,paid
T8033,C100864,2025-06-27 16:36:00,transfer,21.73,0.04,fashion,True,COMPLETED,HCMC,organic
T8182,C100875,2025-06-27 17:28:00,pay,52.96,0.26,other,False,COMPLETED,CanTho,organic
T6317,C100676,2025-06-27 17:30:00,pay,99.65,0.5,food_delivery,False,COMPLETED,HCMC,organic
T8167,C100875,2025-06-27 18:22:00,pay,15.61,0.08,health,True,COMPLETED,CanTho,organic
T4141,C100435,2025-06-27 18:28:00,transfer,17.0,0.03,utilities,True,COMPLETED,Hanoi,paid
T3244,C100342,2025-06-27 18:53:00,pay,21.23,0.11,transport,True,COMPLETED,HCMC,organic
T7602,C100802,2025-06-27 19:04:00,transfer,46.57,0.09,health,True,COMPLETED,Hanoi,organic
T4792,C100516,2025-06-27 20:08:00,topup,12.66,0.01,health,True,COMPLETED,Hanoi,referral
T4467,C100477,2025-06-28 09:01:00,pay,21.31,0.11,other,False,COMPLETED,CanTho,paid
T5014,C100538,2025-06-28 09:20:00,savings,7.05,0.0,fashion,False,COMPLETED,HaiPhong,organic
T6079,C100646,2025-06-28 09:42:00,pay,31.58,0.16,other,False,COMPLETED,Hanoi,paid
T1844,C100206,2025-06-28 09:44:00,savings,33.69,0.0,fashion,True,COMPLETED,Hanoi,paid
T2063,C100236,2025-06-28 10:20:00,savings,33.53,0.0,food_delivery,False,COMPLETED,CanTho,organic
T89,C100013,2025-06-28 10:26:00,transfer,7.63,0.02,food_delivery,True,COMPLETED,CanTho,organic
T8198,C100879,2025-06-28 10:40:00,transfer,41.78,0.08,utilities,True,COMPLETED,HCMC,organic
T7417,C100782,2025-06-28 10:59:00,transfer,25.25,0.05,utilities,True,COMPLETED,HCMC,organic
T3936,C100413,2025-06-28 11:14:00,pay,14.01,0.07,electronics,False,COMPLETED,HCMC,paid
T6051,C100645,2025-06-28 12:27:00,pay,9.29,0.05,electronics,False,COMPLETED,HCMC,organic
T6982,C100746,2025-06-28 12:48:00,pay,38.7,0.19,education,True,COMPLETED,HaiPhong,organic
T4239,C100440,2025-06-28 12:52:00,transfer,33.16,0.07,other,False,COMPLETED,CanTho,campaign
T5008,C100537,2025-06-28 12:59:00,transfer,18.21,0.04,transport,False,COMPLETED,DaNang,organic
T6832,C100732,2025-06-28 13:02:00,pay,9.36,0.05,fashion,True,COMPLETED,Hanoi,paid
T6678,C100719,2025-06-28 13:18:00,pay,158.69,0.79,groceries,False,COMPLETED,DaNang,campaign
T358,C100038,2025-06-28 13:43:00,pay,30.19,0.15,entertainment,False,COMPLETED,HCMC,organic
T6356,C100679,2025-06-28 14:16:00,invest,74.07,0.04,fashion,True,COMPLETED,HCMC,referral
T72,C100013,2025-06-28 14:21:00,transfer,16.89,0.03,groceries,False,COMPLETED,CanTho,organic
T3891,C100405,2025-06-28 14:40:00,pay,3.54,0.02,transport,False,COMPLETED,HCMC,campaign
T7896,C100844,2025-06-28 14:40:00,transfer,43.4,0.09,food_delivery,True,COMPLETED,CanTho,organic
T1220,C100133,2025-06-28 15:32:00,topup,9.67,0.01,other,True,COMPLETED,Hanoi,referral
T7705,C100818,2025-06-28 15:36:00,savings,56.82,0.0,transport,False,COMPLETED,Hanoi,paid
T3809,C100400,2025-06-28 15:44:00,pay,49.73,0.25,food_delivery,True,FAILED,Hanoi,organic
T7770,C100823,2025-06-28 15:53:00,transfer,141.24,0.28,education,False,COMPLETED,HCMC,campaign
T4488,C100478,2025-06-28 15:57:00,pay,17.55,0.09,utilities,True,COMPLETED,HCMC,organic
T6238,C100665,2025-06-28 16:09:00,savings,21.22,0.0,electronics,True,COMPLETED,Hanoi,paid
T7131,C100757,2025-06-28 16:16:00,topup,24.5,0.02,groceries,False,COMPLETED,Hanoi,referral
T7042,C100751,2025-06-28 16:19:00,invest,98.77,0.05,groceries,False,COMPLETED,HCMC,referral
T7197,C100762,2025-06-28 16:26:00,transfer,22.36,0.04,education,False,COMPLETED,Hanoi,organic
T7592,C100799,2025-06-28 16:30:00,pay,29.19,0.15,food_delivery,True,COMPLETED,HCMC,organic
T4777,C100515,2025-06-28 17:45:00,savings,107.32,0.0,health,True,FAILED,Hanoi,paid
T6878,C100735,2025-06-28 18:16:00,transfer,38.84,0.08,electronics,False,COMPLETED,HCMC,organic
T5939,C100634,2025-06-28 18:27:00,invest,39.61,0.02,fashion,False,COMPLETED,HCMC,paid
T6316,C100676,2025-06-28 18:32:00,pay,23.28,0.12,utilities,False,COMPLETED,HCMC,organic
T7581,C100799,2025-06-28 18:46:00,savings,14.93,0.0,utilities,True,COMPLETED,HCMC,organic
T7676,C100814,2025-06-28 18:46:00,pay,32.52,0.16,entertainment,False,COMPLETED,Hanoi,organic
T7718,C100819,2025-06-28 19:16:00,pay,5.28,0.03,groceries,True,FAILED,HCMC,campaign
T6976,C100746,2025-06-28 19:31:00,pay,51.97,0.26,groceries,False,COMPLETED,HaiPhong,organic
T6539,C100695,2025-06-28 19:57:00,pay,26.44,0.13,education,False,COMPLETED,HCMC,organic
T8068,C100865,2025-06-28 20:10:00,pay,55.78,0.28,entertainment,False,COMPLETED,DaNang,organic
T3742,C100395,2025-06-28 20:28:00,transfer,20.64,0.04,electronics,True,COMPLETED,Hanoi,organic
T6198,C100658,2025-06-28 20:49:00,savings,55.62,0.0,education,True,COMPLETED,Hanoi,paid
T7470,C100789,2025-06-28 20:57:00,transfer,41.38,0.08,food_delivery,False,COMPLETED,HCMC,campaign
T7915,C100846,2025-06-29 10:00:00,pay,32.05,0.16,groceries,False,COMPLETED,Hanoi,organic
T5156,C100550,2025-06-29 10:07:00,transfer,13.14,0.03,groceries,False,COMPLETED,HCMC,paid
T7464,C100786,2025-06-29 12:36:00,transfer,11.88,0.02,education,False,COMPLETED,HCMC,referral
T6447,C100686,2025-06-29 13:20:00,savings,33.87,0.0,health,False,COMPLETED,CanTho,organic
T5368,C100574,2025-06-29 13:26:00,savings,46.11,0.0,other,True,COMPLETED,Hanoi,paid
T3190,C100338,2025-06-29 13:55:00,transfer,13.48,0.03,fashion,True,COMPLETED,HCMC,paid
T7946,C100849,2025-06-29 14:04:00,transfer,37.71,0.08,transport,True,COMPLETED,Hanoi,referral
T6304,C100671,2025-06-29 14:04:00,transfer,28.05,0.06,food_delivery,False,COMPLETED,Hanoi,paid
T6929,C100740,2025-06-29 14:04:00,savings,60.86,0.0,transport,False,COMPLETED,HaiPhong,campaign
T4838,C100518,2025-06-29 14:27:00,bill_pay,26.33,0.08,education,False,FAILED,DaNang,organic
T5467,C100583,2025-06-29 14:32:00,pay,59.77,0.3,transport,True,COMPLETED,HCMC,organic
T7665,C100814,2025-06-29 15:16:00,bill_pay,31.68,0.1,electronics,True,COMPLETED,Hanoi,organic
T7983,C100852,2025-06-29 15:23:00,invest,48.94,0.02,transport,False,COMPLETED,HCMC,campaign
T4535,C100484,2025-06-29 15:43:00,pay,40.4,0.2,education,False,COMPLETED,HCMC,referral
T5098,C100546,2025-06-29 16:02:00,pay,39.5,0.2,health,False,COMPLETED,HCMC,paid
T7808,C100835,2025-06-29 16:26:00,transfer,16.57,0.03,health,False,COMPLETED,DaNang,organic
T2965,C100312,2025-06-29 16:52:00,transfer,27.81,0.06,food_delivery,False,COMPLETED,HCMC,campaign
T7800,C100834,2025-06-29 17:11:00,pay,14.87,0.07,education,False,COMPLETED,Hanoi,organic
T7218,C100765,2025-06-29 17:12:00,pay,35.54,0.18,entertainment,True,COMPLETED,HCMC,paid
T2950,C100311,2025-06-29 18:01:00,pay,16.23,0.08,food_delivery,False,COMPLETED,CanTho,campaign
T6422,C100685,2025-06-29 18:05:00,invest,21.1,0.01,groceries,False,COMPLETED,HCMC,organic
T7358,C100775,2025-06-29 18:41:00,bill_pay,32.76,0.1,fashion,True,COMPLETED,DaNang,organic
T5449,C100581,2025-06-29 19:41:00,pay,33.13,0.17,education,False,COMPLETED,HCMC,referral
T6246,C100666,2025-06-29 19:58:00,pay,39.27,0.2,fashion,False,COMPLETED,Hanoi,paid
T5833,C100623,2025-06-29 20:02:00,pay,17.32,0.09,health,True,COMPLETED,HCMC,paid
T2616,C100286,2025-06-29 20:03:00,transfer,60.32,0.12,other,False,COMPLETED,DaNang,organic
T8154,C100874,2025-06-29 20:11:00,pay,5.59,0.03,fashion,False,COMPLETED,HCMC,paid
T7125,C100756,2025-06-29 20:34:00,transfer,30.23,0.06,other,False,COMPLETED,HCMC,organic
T8008,C100858,2025-06-30 09:14:00,pay,122.23,0.61,transport,True,COMPLETED,Hanoi,referral
T6218,C100660,2025-06-30 09:32:00,transfer,63.33,0.13,food_delivery,True,COMPLETED,HCMC,organic
T4436,C100475,2025-06-30 09:43:00,invest,53.08,0.03,other,True,COMPLETED,HCMC,paid
T331,C100037,2025-06-30 09:50:00,pay,16.49,0.08,fashion,True,COMPLETED,DaNang,paid
T7590,C100799,2025-06-30 10:04:00,transfer,72.2,0.14,other,False,COMPLETED,HCMC,organic
T7909,C100846,2025-06-30 10:44:00,invest,32.77,0.02,transport,False,COMPLETED,Hanoi,organic
T5807,C100622,2025-06-30 11:32:00,transfer,21.24,0.04,health,False,COMPLETED,HCMC,paid
T5095,C100546,2025-06-30 11:39:00,transfer,68.26,0.14,other,True,COMPLETED,HCMC,paid
T2770,C100298,2025-06-30 12:15:00,bill_pay,29.68,0.09,entertainment,False,COMPLETED,DaNang,organic
T1582,C100176,2025-06-30 12:53:00,transfer,14.95,0.03,education,True,COMPLETED,Hanoi,referral
T7390,C100780,2025-06-30 13:33:00,invest,52.72,0.03,fashion,False,COMPLETED,Hanoi,paid
T7558,C100798,2025-06-30 14:46:00,transfer,43.57,0.09,education,True,COMPLETED,HCMC,campaign
T6865,C100734,2025-06-30 14:56:00,invest,34.99,0.02,electronics,False,COMPLETED,HCMC,organic
T3896,C100408,2025-06-30 14:58:00,topup,47.57,0.05,transport,True,COMPLETED,HaiPhong,organic
T4532,C100481,2025-06-30 15:14:00,savings,39.24,0.0,food_delivery,False,COMPLETED,Hanoi,organic
T504,C100048,2025-06-30 15:18:00,transfer,46.12,0.09,entertainment,False,COMPLETED,HCMC,organic
T6580,C100704,2025-06-30 15:39:00,pay,29.96,0.15,entertainment,True,COMPLETED,HaiPhong,paid
T6225,C100661,2025-06-30 15:43:00,pay,33.71,0.17,entertainment,True,COMPLETED,HCMC,organic
T1487,C100169,2025-06-30 15:54:00,pay,97.88,0.49,food_delivery,True,COMPLETED,Hanoi,referral
T6362,C100681,2025-06-30 16:06:00,transfer,7.62,0.02,fashion,False,COMPLETED,HCMC,organic
T7963,C100851,2025-06-30 16:11:00,topup,25.29,0.03,groceries,False,COMPLETED,Hanoi,organic
T7029,C100750,2025-06-30 18:03:00,pay,19.6,0.1,health,False,COMPLETED,HCMC,organic
T7513,C100794,2025-06-30 18:13:00,transfer,75.87,0.15,education,False,COMPLETED,Hanoi,referral
T7844,C100837,2025-06-30 18:29:00,pay,17.18,0.09,education,False,COMPLETED,HaiPhong,organic
T5093,C100546,2025-06-30 18:29:00,pay,59.53,0.3,utilities,True,COMPLETED,HCMC,paid
T3466,C100366,2025-06-30 18:45:00,transfer,34.86,0.07,health,False,COMPLETED,Hanoi,organic
T6338,C100678,2025-06-30 19:43:00,pay,48.06,0.24,electronics,False,COMPLETED,HCMC,referral
T6606,C100707,2025-07-01 09:10:00,transfer,24.18,0.05,food_delivery,False,COMPLETED,HCMC,paid
T5123,C100548,2025-07-01 09:11:00,transfer,16.37,0.03,other,False,COMPLETED,Hanoi,referral
T5426,C100578,2025-07-01 09:17:00,transfer,22.58,0.05,food_delivery,True,COMPLETED,Hanoi,organic
T4576,C100486,2025-07-01 09:19:00,pay,21.49,0.11,food_delivery,True,COMPLETED,HCMC,paid
T7061,C100753,2025-07-01 09:41:00,savings,16.56,0.0,groceries,True,COMPLETED,Hanoi,paid
T6589,C100706,2025-07-01 09:44:00,pay,12.31,0.06,utilities,False,COMPLETED,Hanoi,referral
T1447,C100167,2025-07-01 10:32:00,pay,37.65,0.19,food_delivery,False,COMPLETED,DaNang,paid
T4473,C100477,2025-07-01 11:40:00,pay,13.61,0.07,entertainment,True,COMPLETED,CanTho,paid
T4227,C100440,2025-07-01 11:41:00,pay,56.54,0.28,electronics,False,COMPLETED,CanTho,campaign
T7873,C100839,2025-07-01 11:51:00,pay,27.16,0.14,health,True,COMPLETED,Hanoi,organic
T7987,C100852,2025-07-01 12:37:00,savings,10.46,0.0,entertainment,True,COMPLETED,HCMC,campaign
T7428,C100783,2025-07-01 12:56:00,topup,62.24,0.06,education,True,COMPLETED,Hanoi,paid
T5673,C100603,2025-07-01 13:07:00,savings,95.47,0.0,utilities,False,COMPLETED,HCMC,organic
T6280,C100670,2025-07-01 13:50:00,pay,80.76,0.4,entertainment,True,COMPLETED,HCMC,paid
T7040,C100751,2025-07-01 16:11:00,savings,26.95,0.0,transport,False,COMPLETED,HCMC,referral
T7368,C100775,2025-07-01 16:30:00,transfer,21.11,0.04,other,False,COMPLETED,DaNang,organic
T2985,C100313,2025-07-01 16:58:00,transfer,9.47,0.02,other,False,COMPLETED,DaNang,organic
T7876,C100839,2025-07-01 17:01:00,transfer,55.21,0.11,entertainment,False,COMPLETED,Hanoi,organic
T3328,C100353,2025-07-01 17:17:00,pay,39.36,0.2,utilities,False,COMPLETED,HaiPhong,paid
T8117,C100869,2025-07-01 17:25:00,pay,80.23,0.4,education,False,COMPLETED,HCMC,referral
T6103,C100647,2025-07-01 17:46:00,bill_pay,17.08,0.05,groceries,True,COMPLETED,CanTho,campaign
T7569,C100798,2025-07-01 18:03:00,transfer,7.66,0.02,other,False,COMPLETED,HCMC,campaign
T7071,C100753,2025-07-01 19:25:00,pay,11.43,0.06,utilities,False,COMPLETED,Hanoi,paid
T3838,C100403,2025-07-01 19:31:00,transfer,76.29,0.15,food_delivery,True,COMPLETED,HCMC,paid
T7516,C100796,2025-07-01 19:34:00,invest,33.81,0.02,entertainment,False,COMPLETED,DaNang,organic
T6862,C100734,2025-07-01 20:19:00,pay,101.16,0.51,other,False,COMPLETED,HCMC,organic
T4669,C100497,2025-07-01 20:31:00,pay,62.72,0.31,utilities,False,COMPLETED,HaiPhong,organic
T3581,C100376,2025-07-02 09:16:00,savings,34.24,0.0,education,False,COMPLETED,HCMC,paid
T4309,C100452,2025-07-02 09:18:00,pay,17.41,0.09,fashion,False,COMPLETED,Hanoi,organic
T53,C100009,2025-07-02 09:38:00,invest,22.14,0.01,transport,True,COMPLETED,Hanoi,organic
T1682,C100190,2025-07-02 10:05:00,pay,22.98,0.11,groceries,True,COMPLETED,CanTho,referral
T2322,C100261,2025-07-02 10:13:00,transfer,104.28,0.21,health,True,COMPLETED,HCMC,organic
T5600,C100595,2025-07-02 10:22:00,transfer,17.65,0.04,education,False,COMPLETED,HCMC,referral
T7469,C100789,2025-07-02 10:47:00,topup,53.24,0.05,other,False,COMPLETED,HCMC,campaign
T8137,C100872,2025-07-02 10:58:00,pay,3.67,0.02,education,False,COMPLETED,HCMC,organic
T6765,C100728,2025-07-02 11:32:00,transfer,21.78,0.04,education,False,COMPLETED,HaiPhong,paid
T6391,C100683,2025-07-02 11:50:00,pay,20.27,0.1,utilities,False,COMPLETED,HCMC,organic
T8153,C100874,2025-07-02 11:52:00,transfer,15.87,0.03,groceries,True,COMPLETED,HCMC,paid
T3631,C100385,2025-07-02 11:55:00,invest,79.64,0.04,health,True,COMPLETED,Hanoi,referral
T8284,C100886,2025-07-02 12:13:00,savings,70.14,0.0,education,False,COMPLETED,Hanoi,campaign
T7342,C100772,2025-07-02 12:52:00,savings,54.19,0.0,health,False,COMPLETED,HCMC,referral
T6436,C100685,2025-07-02 14:01:00,savings,48.45,0.0,entertainment,True,COMPLETED,HCMC,organic
T3858,C100404,2025-07-02 14:07:00,transfer,77.8,0.16,health,True,COMPLETED,HCMC,organic
T5722,C100605,2025-07-02 14:12:00,pay,37.58,0.19,groceries,False,COMPLETED,Hanoi,campaign
T1388,C100157,2025-07-02 15:02:00,pay,28.85,0.14,other,True,COMPLETED,Hanoi,referral
T2243,C100256,2025-07-02 15:15:00,pay,27.29,0.14,electronics,False,COMPLETED,HCMC,organic
T6043,C100642,2025-07-02 15:37:00,pay,43.02,0.22,groceries,False,COMPLETED,HCMC,organic
T105,C100017,2025-07-02 16:13:00,transfer,41.79,0.08,entertainment,True,COMPLETED,HCMC,organic
T7973,C100852,2025-07-02 16:40:00,invest,19.86,0.01,fashion,False,COMPLETED,HCMC,campaign
T554,C100053,2025-07-02 17:44:00,pay,16.07,0.08,food_delivery,False,COMPLETED,Hanoi,paid
T2915,C100309,2025-07-02 17:54:00,bill_pay,50.24,0.15,electronics,False,COMPLETED,HCMC,paid
T7377,C100777,2025-07-02 18:11:00,transfer,38.55,0.08,groceries,True,COMPLETED,Hanoi,paid
T3199,C100340,2025-07-02 18:20:00,bill_pay,11.59,0.03,entertainment,True,COMPLETED,HCMC,organic
T2676,C100293,2025-07-02 19:05:00,savings,12.49,0.0,health,True,COMPLETED,Hanoi,paid
T7357,C100775,2025-07-02 19:14:00,pay,19.66,0.1,transport,True,COMPLETED,DaNang,organic
T8223,C100879,2025-07-02 19:42:00,pay,8.83,0.04,other,False,COMPLETED,HCMC,organic
T6526,C100692,2025-07-02 20:03:00,transfer,60.36,0.12,transport,False,COMPLETED,HCMC,paid
T2331,C100261,2025-07-02 20:07:00,transfer,28.65,0.06,other,True,COMPLETED,HCMC,organic
T6680,C100719,2025-07-02 20:09:00,transfer,99.15,0.2,food_delivery,True,COMPLETED,DaNang,campaign
T7379,C100778,2025-07-02 20:46:00,topup,109.3,0.11,groceries,False,COMPLETED,HaiPhong,campaign
T492,C100046,2025-07-02 20:46:00,pay,19.34,0.1,food_delivery,True,COMPLETED,Hanoi,organic
T3151,C100334,2025-07-02 20:54:00,transfer,15.24,0.03,transport,False,COMPLETED,HCMC,organic
T8038,C100864,2025-07-03 09:36:00,bill_pay,53.13,0.16,utilities,True,FAILED,HCMC,organic
T7982,C100852,2025-07-03 10:07:00,topup,14.9,0.01,education,True,COMPLETED,HCMC,campaign
T5308,C100565,2025-07-03 10:08:00,transfer,22.1,0.04,other,False,COMPLETED,DaNang,organic
T6999,C100748,2025-07-03 10:22:00,pay,17.61,0.09,groceries,True,COMPLETED,Hanoi,paid
T4420,C100467,2025-07-03 10:31:00,transfer,13.33,0.03,entertainment,True,COMPLETED,Hanoi,organic
T8266,C100886,2025-07-03 10:50:00,transfer,41.46,0.08,groceries,False,COMPLETED,Hanoi,campaign
T5413,C100576,2025-07-03 10:53:00,pay,23.61,0.12,education,False,COMPLETED,HCMC,referral
T3099,C100330,2025-07-03 11:27:00,pay,40.27,0.2,fashion,True,FAILED,CanTho,paid
T6565,C100697,2025-07-03 12:01:00,savings,27.49,0.0,transport,False,COMPLETED,Hanoi,campaign
T6449,C100686,2025-07-03 12:57:00,pay,53.22,0.27,electronics,True,COMPLETED,CanTho,organic
T5229,C100556,2025-07-03 13:13:00,transfer,76.84,0.15,utilities,False,COMPLETED,Hanoi,paid
T8127,C100872,2025-07-03 13:14:00,transfer,43.81,0.09,health,False,COMPLETED,HCMC,organic
T5858,C100626,2025-07-03 13:17:00,pay,5.1,0.03,food_delivery,False,COMPLETED,HCMC,referral
T7760,C100821,2025-07-03 13:21:00,topup,12.27,0.01,transport,True,COMPLETED,HCMC,organic
T7950,C100849,2025-07-03 13:41:00,transfer,99.83,0.2,groceries,True,COMPLETED,Hanoi,referral
T7117,C100756,2025-07-03 13:44:00,bill_pay,24.68,0.07,education,False,COMPLETED,HCMC,organic
T5908,C100633,2025-07-03 14:17:00,transfer,54.05,0.11,health,True,COMPLETED,HCMC,organic
T8036,C100864,2025-07-03 14:58:00,bill_pay,18.67,0.06,health,False,COMPLETED,HCMC,organic
T5374,C100575,2025-07-03 15:19:00,savings,7.93,0.0,electronics,True,COMPLETED,HCMC,referral
T3986,C100418,2025-07-03 15:20:00,transfer,18.72,0.04,groceries,False,COMPLETED,CanTho,campaign
T8267,C100886,2025-07-03 15:41:00,pay,302.72,1.51,electronics,True,COMPLETED,Hanoi,campaign
T8204,C100879,2025-07-03 15:54:00,pay,20.07,0.1,health,False,COMPLETED,HCMC,organic
T6881,C100735,2025-07-03 16:13:00,pay,90.09,0.45,other,False,COMPLETED,HCMC,organic
T7174,C100761,2025-07-03 16:15:00,transfer,16.49,0.03,other,True,COMPLETED,HCMC,organic
T6744,C100725,2025-07-03 16:21:00,transfer,37.2,0.07,entertainment,False,COMPLETED,HCMC,referral
T5971,C100636,2025-07-03 16:39:00,invest,12.51,0.01,health,True,COMPLETED,DaNang,referral
T2338,C100263,2025-07-03 16:57:00,savings,103.08,0.0,groceries,True,COMPLETED,HCMC,organic
T8214,C100879,2025-07-03 18:33:00,transfer,62.68,0.13,education,False,COMPLETED,HCMC,organic
T4281,C100451,2025-07-03 18:57:00,pay,7.23,0.04,utilities,True,COMPLETED,Hanoi,organic
T7751,C100821,2025-07-03 19:00:00,transfer,5.24,0.01,utilities,False,FAILED,HCMC,organic
T8178,C100875,2025-07-03 19:01:00,pay,17.97,0.09,groceries,False,COMPLETED,CanTho,organic
T7934,C100849,2025-07-03 19:14:00,topup,15.11,0.02,electronics,True,COMPLETED,Hanoi,referral
T5758,C100614,2025-07-03 19:20:00,transfer,46.15,0.09,transport,False,COMPLETED,HCMC,organic
T7107,C100755,2025-07-03 19:23:00,transfer,56.8,0.11,groceries,True,COMPLETED,DaNang,paid
T8122,C100869,2025-07-03 19:31:00,pay,46.24,0.23,groceries,False,COMPLETED,HCMC,referral
T159,C100023,2025-07-04 09:37:00,savings,23.26,0.0,fashion,False,COMPLETED,HCMC,paid
T7994,C100858,2025-07-04 10:12:00,pay,25.08,0.13,fashion,False,COMPLETED,Hanoi,referral
T5186,C100552,2025-07-04 10:23:00,transfer,37.59,0.08,electronics,False,COMPLETED,HCMC,organic
T7155,C100760,2025-07-04 11:42:00,transfer,44.86,0.09,utilities,False,COMPLETED,DaNang,organic
T8049,C100864,2025-07-04 11:53:00,transfer,12.99,0.03,other,False,COMPLETED,HCMC,organic
T4489,C100478,2025-07-04 11:58:00,transfer,15.9,0.03,health,True,COMPLETED,HCMC,organic
T1489,C100169,2025-07-04 12:04:00,transfer,127.35,0.25,health,False,COMPLETED,Hanoi,referral
T4853,C100520,2025-07-04 12:33:00,pay,20.36,0.1,transport,True,COMPLETED,HCMC,organic
T6154,C100651,2025-07-04 12:35:00,transfer,10.5,0.02,health,True,FAILED,HCMC,referral
T827,C100088,2025-07-04 13:53:00,transfer,46.24,0.09,fashion,True,COMPLETED,HCMC,organic
T816,C100086,2025-07-04 13:57:00,pay,13.36,0.07,utilities,False,COMPLETED,HCMC,organic
T1321,C100144,2025-07-04 13:59:00,pay,28.71,0.14,electronics,False,COMPLETED,HCMC,organic
T7336,C100771,2025-07-04 14:18:00,pay,55.86,0.28,fashion,False,COMPLETED,DaNang,paid
T7240,C100766,2025-07-04 14:43:00,pay,22.1,0.11,transport,False,COMPLETED,HCMC,campaign
T1013,C100117,2025-07-04 14:45:00,pay,31.06,0.16,fashion,False,COMPLETED,HCMC,organic
T7786,C100832,2025-07-04 16:56:00,pay,21.29,0.11,groceries,True,COMPLETED,HCMC,referral
T1911,C100214,2025-07-04 17:04:00,pay,47.6,0.24,electronics,True,COMPLETED,CanTho,organic
T2351,C100264,2025-07-04 17:09:00,transfer,7.03,0.01,transport,True,COMPLETED,HCMC,organic
T5421,C100578,2025-07-04 17:25:00,pay,6.17,0.03,fashion,False,COMPLETED,Hanoi,organic
T5021,C100538,2025-07-04 17:26:00,savings,28.71,0.0,electronics,True,COMPLETED,HaiPhong,organic
T5835,C100623,2025-07-04 18:25:00,pay,43.7,0.22,utilities,False,COMPLETED,HCMC,paid
T6959,C100745,2025-07-04 18:27:00,invest,18.5,0.01,other,False,COMPLETED,HaiPhong,organic
T6843,C100733,2025-07-04 18:50:00,pay,19.71,0.1,utilities,True,COMPLETED,HCMC,paid
T1354,C100156,2025-07-04 18:59:00,transfer,9.09,0.02,fashion,False,COMPLETED,Hanoi,organic
T8281,C100886,2025-07-04 19:28:00,transfer,133.3,0.27,groceries,False,COMPLETED,Hanoi,campaign
T3780,C100397,2025-07-04 19:41:00,bill_pay,55.26,0.17,food_delivery,False,COMPLETED,HCMC,paid
T1740,C100200,2025-07-04 20:05:00,bill_pay,14.61,0.04,entertainment,False,COMPLETED,CanTho,organic
T8173,C100875,2025-07-04 20:22:00,transfer,44.77,0.09,other,False,COMPLETED,CanTho,organic
T4689,C100500,2025-07-04 20:28:00,pay,43.32,0.22,transport,True,COMPLETED,HCMC,campaign
T5704,C100604,2025-07-04 20:47:00,pay,23.49,0.12,food_delivery,False,FAILED,DaNang,organic
T7412,C100782,2025-07-04 20:50:00,transfer,7.78,0.02,utilities,False,COMPLETED,HCMC,organic
T8053,C100864,2025-07-05 09:03:00,pay,32.09,0.16,utilities,True,COMPLETED,HCMC,organic
T7650,C100813,2025-07-05 09:26:00,transfer,23.17,0.05,utilities,False,COMPLETED,HCMC,paid
T3835,C100403,2025-07-05 09:27:00,transfer,74.32,0.15,utilities,False,COMPLETED,HCMC,paid
T8095,C100867,2025-07-05 09:48:00,pay,9.9,0.05,transport,False,COMPLETED,HCMC,referral
T7716,C100818,2025-07-05 10:07:00,pay,13.73,0.07,food_delivery,True,COMPLETED,Hanoi,paid
T4561,C100485,2025-07-05 10:35:00,pay,23.61,0.12,fashion,False,COMPLETED,HCMC,organic
T6661,C100718,2025-07-05 10:41:00,pay,62.11,0.31,utilities,False,COMPLETED,HCMC,organic
T6806,C100730,2025-07-05 10:55:00,savings,32.25,0.0,other,False,COMPLETED,DaNang,organic
T5842,C100623,2025-07-05 11:04:00,transfer,59.91,0.12,electronics,False,COMPLETED,HCMC,paid
T5664,C100602,2025-07-05 11:52:00,pay,100.67,0.5,entertainment,False,COMPLETED,HCMC,paid
T4483,C100478,2025-07-05 12:00:00,transfer,34.39,0.07,entertainment,True,COMPLETED,HCMC,organic
T8181,C100875,2025-07-05 12:37:00,pay,34.96,0.17,education,True,COMPLETED,CanTho,organic
T8083,C100866,2025-07-05 12:44:00,savings,6.56,0.0,transport,False,COMPLETED,Hanoi,paid
T4238,C100440,2025-07-05 13:27:00,pay,18.98,0.09,transport,False,COMPLETED,CanTho,campaign
T8341,C100892,2025-07-05 13:32:00,pay,57.67,0.29,utilities,False,COMPLETED,Hanoi,organic
T8163,C100875,2025-07-05 14:05:00,transfer,19.32,0.04,fashion,False,COMPLETED,CanTho,organic
T5747,C100611,2025-07-05 14:05:00,invest,30.33,0.02,fashion,True,COMPLETED,HCMC,campaign
T8146,C100874,2025-07-05 14:27:00,savings,75.13,0.0,other,True,COMPLETED,HCMC,paid
T5629,C100601,2025-07-05 14:30:00,bill_pay,25.03,0.08,electronics,False,COMPLETED,Hanoi,organic
T8202,C100879,2025-07-05 14:51:00,transfer,20.55,0.04,entertainment,False,COMPLETED,HCMC,organic
T1115,C100123,2025-07-05 15:05:00,pay,7.11,0.04,utilities,False,COMPLETED,Hanoi,organic
T7508,C100793,2025-07-05 15:20:00,transfer,15.35,0.03,entertainment,False,COMPLETED,Hanoi,paid
T8250,C100881,2025-07-05 15:35:00,pay,59.72,0.3,electronics,False,COMPLETED,Hanoi,paid
T8164,C100875,2025-07-05 15:46:00,bill_pay,35.11,0.11,transport,True,COMPLETED,CanTho,organic
T7685,C100816,2025-07-05 16:21:00,transfer,82.73,0.17,electronics,False,COMPLETED,Hanoi,organic
T7956,C100851,2025-07-05 16:26:00,transfer,15.15,0.03,entertainment,True,FAILED,Hanoi,organic
T8201,C100879,2025-07-05 16:42:00,topup,141.84,0.14,electronics,True,COMPLETED,HCMC,organic
T7693,C100817,2025-07-05 16:50:00,pay,12.33,0.06,electronics,False,COMPLETED,Hanoi,organic
T5761,C100614,2025-07-05 17:21:00,bill_pay,68.06,0.2,health,False,COMPLETED,HCMC,organic
T7124,C100756,2025-07-05 17:53:00,savings,12.14,0.0,health,False,COMPLETED,HCMC,organic
T7878,C100839,2025-07-05 18:01:00,savings,15.43,0.0,health,False,COMPLETED,Hanoi,organic
T7736,C100819,2025-07-05 18:06:00,pay,22.12,0.11,education,False,COMPLETED,HCMC,campaign
T6547,C100695,2025-07-05 18:21:00,transfer,45.26,0.09,health,True,COMPLETED,HCMC,organic
T1711,C100195,2025-07-05 18:31:00,transfer,16.48,0.03,other,False,COMPLETED,Hanoi,referral
T6830,C100732,2025-07-05 18:46:00,bill_pay,57.87,0.17,health,False,COMPLETED,Hanoi,paid
T7850,C100839,2025-07-05 19:02:00,invest,38.66,0.02,entertainment,True,COMPLETED,Hanoi,organic
T1565,C100175,2025-07-05 19:16:00,transfer,13.55,0.03,other,True,COMPLETED,HaiPhong,campaign
T8226,C100880,2025-07-05 19:27:00,pay,10.36,0.05,transport,True,COMPLETED,CanTho,referral
T5894,C100631,2025-07-05 19:42:00,pay,48.3,0.24,entertainment,False,COMPLETED,Hanoi,campaign
T4825,C100518,2025-07-05 20:32:00,transfer,66.92,0.13,other,False,COMPLETED,DaNang,organic
T5558,C100592,2025-07-05 20:33:00,transfer,80.16,0.16,other,False,COMPLETED,HCMC,organic
T4283,C100451,2025-07-05 20:55:00,transfer,24.14,0.05,utilities,False,COMPLETED,Hanoi,organic
T7648,C100810,2025-07-06 09:16:00,savings,13.79,0.0,utilities,False,COMPLETED,DaNang,organic
T7976,C100852,2025-07-06 09:18:00,pay,3.84,0.02,entertainment,True,COMPLETED,HCMC,campaign
T5195,C100553,2025-07-06 09:44:00,pay,65.94,0.33,food_delivery,False,COMPLETED,HCMC,organic
T6787,C100729,2025-07-06 09:46:00,pay,25.27,0.13,health,False,COMPLETED,Hanoi,paid
T8043,C100864,2025-07-06 10:00:00,invest,89.08,0.04,other,True,COMPLETED,HCMC,organic
T6433,C100685,2025-07-06 10:14:00,savings,11.93,0.0,electronics,False,COMPLETED,HCMC,organic
T7845,C100837,2025-07-06 11:07:00,transfer,25.12,0.05,entertainment,False,COMPLETED,HaiPhong,organic
T7208,C100765,2025-07-06 11:27:00,pay,57.15,0.29,entertainment,False,COMPLETED,HCMC,paid
T2577,C100279,2025-07-06 11:27:00,pay,92.56,0.46,health,True,COMPLETED,Hanoi,paid
T7219,C100765,2025-07-06 11:43:00,pay,61.74,0.31,fashion,False,COMPLETED,HCMC,paid
T7429,C100783,2025-07-06 12:29:00,transfer,18.65,0.04,transport,False,COMPLETED,Hanoi,paid
T7477,C100789,2025-07-06 12:40:00,pay,20.77,0.1,electronics,False,COMPLETED,HCMC,campaign
T8079,C100866,2025-07-06 12:47:00,topup,75.31,0.08,groceries,False,COMPLETED,Hanoi,paid
T6584,C100706,2025-07-06 13:18:00,savings,26.86,0.0,electronics,False,COMPLETED,Hanoi,referral
T8308,C100887,2025-07-06 13:32:00,pay,2.48,0.01,fashion,False,COMPLETED,Hanoi,organic
T3998,C100419,2025-07-06 13:35:00,transfer,28.39,0.06,fashion,True,COMPLETED,Hanoi,referral
T7062,C100753,2025-07-06 13:51:00,transfer,13.8,0.03,food_delivery,False,COMPLETED,Hanoi,paid
T6951,C100745,2025-07-06 14:16:00,pay,11.31,0.06,transport,False,COMPLETED,HaiPhong,organic
T1087,C100121,2025-07-06 14:36:00,pay,91.95,0.46,utilities,True,COMPLETED,HCMC,organic
T7998,C100858,2025-07-06 14:44:00,savings,7.76,0.0,fashion,False,COMPLETED,Hanoi,referral
T6456,C100687,2025-07-06 15:08:00,savings,24.82,0.0,transport,False,COMPLETED,Hanoi,campaign
T7056,C100751,2025-07-06 15:11:00,pay,55.03,0.28,transport,True,COMPLETED,HCMC,referral
T5786,C100619,2025-07-06 15:29:00,pay,28.96,0.14,transport,False,COMPLETED,HCMC,referral
T7106,C100755,2025-07-06 16:09:00,invest,20.01,0.01,groceries,True,COMPLETED,DaNang,paid
T7582,C100799,2025-07-06 16:11:00,pay,13.06,0.07,electronics,True,COMPLETED,HCMC,organic
T6377,C100681,2025-07-06 17:53:00,transfer,27.66,0.06,groceries,True,COMPLETED,HCMC,organic
T6013,C100637,2025-07-06 18:11:00,transfer,18.76,0.04,health,False,COMPLETED,Hanoi,organic
T3263,C100343,2025-07-06 18:34:00,pay,12.77,0.06,utilities,True,COMPLETED,Hanoi,campaign
T7636,C100803,2025-07-06 18:57:00,savings,14.77,0.0,education,True,COMPLETED,Hanoi,paid
T5212,C100556,2025-07-06 19:12:00,pay,13.08,0.07,utilities,False,COMPLETED,Hanoi,paid
T1466,C100167,2025-07-06 19:34:00,savings,14.51,0.0,utilities,False,COMPLETED,DaNang,paid
T5697,C100604,2025-07-06 19:38:00,bill_pay,42.77,0.13,entertainment,False,COMPLETED,DaNang,organic
T6469,C100687,2025-07-06 19:39:00,bill_pay,18.18,0.05,education,True,COMPLETED,Hanoi,campaign
T6544,C100695,2025-07-06 20:07:00,savings,41.47,0.0,transport,False,COMPLETED,HCMC,organic
T7952,C100851,2025-07-06 20:22:00,bill_pay,80.84,0.24,health,False,COMPLETED,Hanoi,organic
T5692,C100603,2025-07-06 20:31:00,transfer,34.2,0.07,transport,False,COMPLETED,HCMC,organic
T4062,C100424,2025-07-06 20:52:00,pay,80.27,0.4,education,False,COMPLETED,HaiPhong,organic
T7426,C100783,2025-07-07 09:20:00,pay,42.61,0.21,utilities,True,COMPLETED,Hanoi,paid
T157,C100023,2025-07-07 09:27:00,pay,24.38,0.12,groceries,True,COMPLETED,HCMC,paid
T933,C100106,2025-07-07 09:47:00,transfer,14.65,0.03,transport,True,COMPLETED,CanTho,campaign
T6903,C100738,2025-07-07 10:09:00,transfer,21.5,0.04,groceries,False,COMPLETED,HCMC,organic
T5717,C100605,2025-07-07 10:15:00,pay,31.75,0.16,transport,True,COMPLETED,Hanoi,campaign
T7894,C100841,2025-07-07 10:23:00,invest,8.73,0.0,health,False,COMPLETED,HCMC,organic
T4167,C100436,2025-07-07 10:26:00,pay,28.84,0.14,utilities,False,COMPLETED,HCMC,organic
T7398,C100780,2025-07-07 10:58:00,transfer,85.25,0.17,other,True,COMPLETED,Hanoi,paid
T7284,C100768,2025-07-07 10:58:00,savings,18.86,0.0,food_delivery,True,COMPLETED,Hanoi,paid
T4780,C100515,2025-07-07 11:04:00,pay,28.54,0.14,food_delivery,False,COMPLETED,Hanoi,paid
T611,C100058,2025-07-07 11:22:00,savings,76.21,0.0,education,False,COMPLETED,Hanoi,referral
T7375,C100775,2025-07-07 11:34:00,pay,11.2,0.06,electronics,False,COMPLETED,DaNang,organic
T8451,C100900,2025-07-07 12:27:00,savings,26.72,0.0,other,False,COMPLETED,Hanoi,paid
T1532,C100173,2025-07-07 12:29:00,savings,32.92,0.0,utilities,False,COMPLETED,HCMC,organic
T8184,C100875,2025-07-07 12:57:00,topup,35.3,0.04,fashion,False,FAILED,CanTho,organic
T7494,C100792,2025-07-07 13:07:00,pay,8.32,0.04,utilities,False,COMPLETED,Hanoi,paid
T4960,C100530,2025-07-07 13:32:00,pay,12.42,0.06,education,False,COMPLETED,HCMC,paid
T6754,C100726,2025-07-07 13:52:00,pay,36.08,0.18,groceries,True,COMPLETED,Hanoi,organic
T7861,C100839,2025-07-07 14:11:00,savings,18.6,0.0,fashion,False,COMPLETED,Hanoi,organic
T547,C100053,2025-07-07 14:14:00,pay,24.82,0.12,other,False,COMPLETED,Hanoi,paid
T872,C100093,2025-07-07 14:20:00,transfer,118.58,0.24,entertainment,True,COMPLETED,Hanoi,organic
T7892,C100841,2025-07-07 15:01:00,savings,49.38,0.0,entertainment,False,COMPLETED,HCMC,organic
T5116,C100548,2025-07-07 15:12:00,savings,70.31,0.0,groceries,True,COMPLETED,Hanoi,referral
T2823,C100301,2025-07-07 15:35:00,savings,7.28,0.0,education,False,COMPLETED,HCMC,organic
T4996,C100534,2025-07-07 15:36:00,pay,69.41,0.35,other,True,COMPLETED,HaiPhong,organic
T8107,C100869,2025-07-07 16:18:00,pay,20.39,0.1,food_delivery,False,COMPLETED,HCMC,referral
T6528,C100692,2025-07-07 16:25:00,bill_pay,19.96,0.06,education,False,COMPLETED,HCMC,paid
T7936,C100849,2025-07-07 16:38:00,bill_pay,28.03,0.08,other,True,COMPLETED,Hanoi,referral
T5382,C100575,2025-07-07 16:41:00,transfer,172.11,0.34,utilities,False,FAILED,HCMC,referral
T7213,C100765,2025-07-07 16:42:00,transfer,17.47,0.03,groceries,False,COMPLETED,HCMC,paid
T7382,C100778,2025-07-07 16:42:00,pay,16.17,0.08,fashion,True,COMPLETED,HaiPhong,campaign
T8251,C100881,2025-07-07 17:36:00,transfer,12.58,0.03,health,True,COMPLETED,Hanoi,paid
T8042,C100864,2025-07-07 18:04:00,pay,20.34,0.1,utilities,False,COMPLETED,HCMC,organic
T6300,C100671,2025-07-07 18:05:00,transfer,49.16,0.1,education,False,COMPLETED,Hanoi,paid
T6298,C100671,2025-07-07 18:11:00,pay,28.64,0.14,transport,True,COMPLETED,Hanoi,paid
T335,C100037,2025-07-07 19:37:00,transfer,13.92,0.03,other,True,COMPLETED,DaNang,paid
T5140,C100548,2025-07-07 20:48:00,savings,38.18,0.0,education,False,COMPLETED,Hanoi,referral
T8365,C100893,2025-07-08 09:00:00,savings,71.82,0.0,electronics,False,COMPLETED,Hanoi,organic
T5685,C100603,2025-07-08 09:04:00,transfer,40.54,0.08,groceries,False,COMPLETED,HCMC,organic
T7567,C100798,2025-07-08 09:09:00,pay,68.29,0.34,education,False,COMPLETED,HCMC,campaign
T7458,C100785,2025-07-08 10:05:00,transfer,28.5,0.06,food_delivery,False,COMPLETED,Hanoi,organic
T6062,C100645,2025-07-08 10:33:00,pay,50.83,0.25,groceries,False,COMPLETED,HCMC,organic
T7171,C100761,2025-07-08 10:56:00,transfer,13.2,0.03,fashion,False,COMPLETED,HCMC,organic
T6380,C100681,2025-07-08 11:32:00,pay,32.46,0.16,education,True,COMPLETED,HCMC,organic
T8270,C100886,2025-07-08 11:50:00,transfer,12.42,0.02,fashion,False,COMPLETED,Hanoi,campaign
T7315,C100769,2025-07-08 12:02:00,savings,23.48,0.0,other,True,FAILED,Hanoi,organic
T5949,C100635,2025-07-08 12:03:00,pay,24.96,0.12,groceries,True,COMPLETED,HCMC,campaign
T6381,C100681,2025-07-08 12:23:00,bill_pay,14.44,0.04,other,False,COMPLETED,HCMC,organic
T7848,C100837,2025-07-08 12:25:00,transfer,34.16,0.07,food_delivery,True,COMPLETED,HaiPhong,organic
T3265,C100343,2025-07-08 12:48:00,pay,30.28,0.15,education,True,COMPLETED,Hanoi,campaign
T4697,C100501,2025-07-08 13:04:00,transfer,6.25,0.01,health,False,COMPLETED,HCMC,organic
T8177,C100875,2025-07-08 13:18:00,savings,5.27,0.0,electronics,False,COMPLETED,CanTho,organic
T6901,C100738,2025-07-08 13:30:00,transfer,13.84,0.03,transport,False,COMPLETED,HCMC,organic
T7014,C100749,2025-07-08 15:05:00,pay,13.03,0.07,transport,False,COMPLETED,HCMC,paid
T6867,C100735,2025-07-08 15:18:00,pay,62.42,0.31,transport,False,COMPLETED,HCMC,organic
T5968,C100635,2025-07-08 15:24:00,bill_pay,24.66,0.07,groceries,True,COMPLETED,HCMC,campaign
T6314,C100676,2025-07-08 15:42:00,bill_pay,24.68,0.07,electronics,False,COMPLETED,HCMC,organic
T7816,C100835,2025-07-08 15:56:00,pay,43.21,0.22,entertainment,True,COMPLETED,DaNang,organic
T5057,C100542,2025-07-08 17:19:00,pay,45.03,0.23,transport,False,COMPLETED,HCMC,organic
T7898,C100846,2025-07-08 18:22:00,invest,13.61,0.01,fashion,False,COMPLETED,Hanoi,organic
T306,C100036,2025-07-08 18:31:00,transfer,68.94,0.14,utilities,True,COMPLETED,Hanoi,campaign
T6440,C100685,2025-07-08 19:11:00,pay,25.19,0.13,groceries,True,COMPLETED,HCMC,organic
T1373,C100157,2025-07-08 19:18:00,transfer,30.25,0.06,food_delivery,True,COMPLETED,Hanoi,referral
T1235,C100134,2025-07-08 20:14:00,topup,12.24,0.01,other,True,FAILED,HCMC,organic
T7961,C100851,2025-07-08 20:20:00,savings,6.19,0.0,electronics,True,COMPLETED,Hanoi,organic
T6785,C100729,2025-07-08 20:32:00,transfer,16.12,0.03,other,False,COMPLETED,Hanoi,paid
T8232,C100880,2025-07-08 20:40:00,savings,26.94,0.0,education,True,COMPLETED,CanTho,referral
T6739,C100725,2025-07-08 20:53:00,pay,71.72,0.36,health,True,COMPLETED,HCMC,referral
T5959,C100635,2025-07-08 20:55:00,invest,14.63,0.01,education,True,COMPLETED,HCMC,campaign
T7214,C100765,2025-07-09 09:55:00,transfer,62.09,0.12,fashion,True,COMPLETED,HCMC,paid
T5320,C100570,2025-07-09 10:01:00,transfer,15.19,0.03,fashion,False,COMPLETED,Hanoi,organic
T7753,C100821,2025-07-09 10:20:00,transfer,33.39,0.07,groceries,False,FAILED,HCMC,organic
T6891,C100738,2025-07-09 11:06:00,pay,30.21,0.15,education,False,COMPLETED,HCMC,organic
T4292,C100451,2025-07-09 11:37:00,topup,20.11,0.02,other,True,COMPLETED,Hanoi,organic
T6534,C100695,2025-07-09 11:52:00,pay,26.69,0.13,health,False,FAILED,HCMC,organic
T3526,C100370,2025-07-09 11:55:00,pay,86.0,0.43,utilities,True,COMPLETED,Hanoi,organic
T8157,C100874,2025-07-09 12:04:00,topup,10.72,0.01,groceries,True,COMPLETED,HCMC,paid
T3002,C100313,2025-07-09 12:27:00,transfer,70.96,0.14,groceries,False,COMPLETED,DaNang,organic
T682,C100072,2025-07-09 12:39:00,transfer,27.58,0.06,entertainment,False,FAILED,HCMC,organic
T7697,C100818,2025-07-09 13:11:00,transfer,59.28,0.12,food_delivery,False,COMPLETED,Hanoi,paid
T5676,C100603,2025-07-09 13:15:00,pay,87.73,0.44,other,False,COMPLETED,HCMC,organic
T3722,C100391,2025-07-09 13:43:00,pay,75.91,0.38,electronics,False,COMPLETED,HCMC,organic
T77,C100013,2025-07-09 13:46:00,transfer,80.35,0.16,other,True,COMPLETED,CanTho,organic
T8277,C100886,2025-07-09 13:54:00,pay,58.91,0.29,fashion,False,COMPLETED,Hanoi,campaign
T1005,C100115,2025-07-09 13:54:00,savings,60.98,0.0,food_delivery,False,COMPLETED,HCMC,referral
T6132,C100650,2025-07-09 14:10:00,transfer,35.59,0.07,food_delivery,False,COMPLETED,CanTho,referral
T8128,C100872,2025-07-09 14:39:00,savings,79.77,0.0,electronics,True,COMPLETED,HCMC,organic
T8020,C100859,2025-07-09 15:01:00,savings,52.04,0.0,health,False,COMPLETED,HaiPhong,paid
T2005,C100229,2025-07-09 15:19:00,savings,46.68,0.0,entertainment,False,COMPLETED,HCMC,paid
T4837,C100518,2025-07-09 15:41:00,pay,26.15,0.13,groceries,False,COMPLETED,DaNang,organic
T5134,C100548,2025-07-09 15:53:00,pay,8.46,0.04,food_delivery,False,COMPLETED,Hanoi,referral
T5072,C100542,2025-07-09 16:05:00,savings,6.78,0.0,groceries,True,COMPLETED,HCMC,organic
T6955,C100745,2025-07-09 16:31:00,savings,96.09,0.0,entertainment,False,COMPLETED,HaiPhong,organic
T1282,C100142,2025-07-09 16:32:00,pay,15.81,0.08,utilities,True,COMPLETED,HaiPhong,paid
T6421,C100685,2025-07-09 16:39:00,bill_pay,16.16,0.05,food_delivery,False,COMPLETED,HCMC,organic
T8072,C100865,2025-07-09 16:41:00,pay,47.77,0.24,other,False,COMPLETED,DaNang,organic
T8259,C100883,2025-07-09 16:44:00,pay,37.38,0.19,groceries,True,COMPLETED,CanTho,organic
T7541,C100797,2025-07-09 17:21:00,transfer,7.3,0.01,groceries,False,COMPLETED,DaNang,organic
T2909,C100309,2025-07-09 17:26:00,pay,29.12,0.15,other,False,COMPLETED,HCMC,paid
T6993,C100746,2025-07-09 18:38:00,pay,17.32,0.09,entertainment,False,COMPLETED,HaiPhong,organic
T2520,C100275,2025-07-09 19:09:00,savings,163.86,0.0,education,False,COMPLETED,Hanoi,paid
T2473,C100271,2025-07-09 19:33:00,invest,12.07,0.01,entertainment,False,COMPLETED,HCMC,paid
T4925,C100527,2025-07-09 19:41:00,pay,26.33,0.13,transport,False,COMPLETED,HCMC,organic
T8074,C100865,2025-07-09 19:41:00,pay,23.46,0.12,education,False,COMPLETED,DaNang,organic
T5233,C100556,2025-07-09 19:42:00,transfer,34.0,0.07,health,True,COMPLETED,Hanoi,paid
T1277,C100140,2025-07-10 09:05:00,pay,19.87,0.1,groceries,False,COMPLETED,HaiPhong,paid
T2073,C100237,2025-07-10 09:15:00,topup,47.25,0.05,health,True,COMPLETED,HCMC,campaign
T4457,C100475,2025-07-10 09:35:00,topup,19.21,0.02,other,False,COMPLETED,HCMC,paid
T6667,C100718,2025-07-10 10:06:00,pay,12.1,0.06,food_delivery,False,COMPLETED,HCMC,organic
T571,C100056,2025-07-10 10:15:00,transfer,9.08,0.02,fashion,False,COMPLETED,DaNang,paid
T3843,C100403,2025-07-10 10:19:00,pay,30.93,0.15,utilities,False,COMPLETED,HCMC,paid
T7326,C100771,2025-07-10 11:10:00,pay,180.67,0.9,education,True,COMPLETED,DaNang,paid
T8073,C100865,2025-07-10 11:28:00,pay,18.88,0.09,electronics,False,COMPLETED,DaNang,organic
T3234,C100341,2025-07-10 12:04:00,pay,42.71,0.21,entertainment,False,COMPLETED,Hanoi,organic
T6104,C100647,2025-07-10 12:19:00,pay,28.87,0.14,utilities,False,COMPLETED,CanTho,campaign
T6233,C100665,2025-07-10 12:19:00,pay,15.45,0.08,food_delivery,True,COMPLETED,Hanoi,paid
T8200,C100879,2025-07-10 12:22:00,savings,19.87,0.0,education,False,COMPLETED,HCMC,organic
T8109,C100869,2025-07-10 12:28:00,transfer,49.05,0.1,groceries,False,COMPLETED,HCMC,referral
T7916,C100846,2025-07-10 13:02:00,pay,53.22,0.27,education,False,COMPLETED,Hanoi,organic
T3515,C100369,2025-07-10 13:33:00,pay,229.84,1.15,health,True,COMPLETED,HCMC,paid
T4404,C100465,2025-07-10 13:38:00,bill_pay,40.02,0.12,health,True,COMPLETED,Hanoi,paid
T3502,C100367,2025-07-10 14:08:00,pay,69.32,0.35,fashion,False,COMPLETED,HCMC,paid
T3803,C100400,2025-07-10 14:25:00,transfer,66.35,0.13,utilities,True,COMPLETED,Hanoi,organic
T6158,C100651,2025-07-10 15:07:00,pay,8.32,0.04,entertainment,False,COMPLETED,HCMC,referral
T6701,C100721,2025-07-10 15:16:00,transfer,77.03,0.15,groceries,True,COMPLETED,HCMC,campaign
T4480,C100478,2025-07-10 15:24:00,transfer,25.85,0.05,health,False,COMPLETED,HCMC,organic
T6691,C100721,2025-07-10 15:40:00,pay,66.22,0.33,groceries,True,COMPLETED,HCMC,campaign
T7577,C100798,2025-07-10 16:01:00,transfer,38.08,0.08,electronics,False,COMPLETED,HCMC,campaign
T2556,C100278,2025-07-10 16:04:00,transfer,22.29,0.04,food_delivery,False,COMPLETED,HCMC,paid
T8326,C100890,2025-07-10 16:14:00,invest,38.52,0.02,fashion,True,COMPLETED,DaNang,organic
T4593,C100488,2025-07-10 16:43:00,bill_pay,15.9,0.05,education,True,COMPLETED,CanTho,organic
T7279,C100768,2025-07-10 16:50:00,invest,18.79,0.01,entertainment,False,COMPLETED,Hanoi,paid
T810,C100086,2025-07-10 17:11:00,transfer,30.02,0.06,transport,False,COMPLETED,HCMC,organic
T8339,C100892,2025-07-10 17:23:00,transfer,20.56,0.04,education,False,COMPLETED,Hanoi,organic
T36,C100009,2025-07-10 17:29:00,transfer,33.46,0.07,electronics,False,COMPLETED,Hanoi,organic
T5944,C100635,2025-07-10 17:32:00,transfer,36.51,0.07,other,False,COMPLETED,HCMC,campaign
T7225,C100765,2025-07-10 17:33:00,savings,322.77,0.0,transport,False,COMPLETED,HCMC,paid
T7858,C100839,2025-07-10 18:07:00,invest,121.37,0.06,entertainment,True,COMPLETED,Hanoi,organic
T7546,C100797,2025-07-10 18:21:00,pay,35.51,0.18,entertainment,True,COMPLETED,DaNang,organic
T1103,C100121,2025-07-10 18:36:00,transfer,38.8,0.08,health,True,COMPLETED,HCMC,organic
T5490,C100584,2025-07-10 19:33:00,bill_pay,33.99,0.1,entertainment,True,COMPLETED,CanTho,organic
T8060,C100865,2025-07-10 19:38:00,savings,6.6,0.0,transport,True,COMPLETED,DaNang,organic
T7670,C100814,2025-07-10 19:43:00,transfer,51.99,0.1,fashion,True,COMPLETED,Hanoi,organic
T8445,C100900,2025-07-10 20:55:00,pay,65.75,0.33,transport,False,COMPLETED,Hanoi,paid
T6313,C100676,2025-07-11 09:23:00,bill_pay,23.64,0.07,other,False,COMPLETED,HCMC,organic
T4860,C100520,2025-07-11 09:29:00,pay,15.25,0.08,transport,False,COMPLETED,HCMC,organic
T6180,C100658,2025-07-11 09:39:00,pay,38.57,0.19,education,False,COMPLETED,Hanoi,paid
T3669,C100388,2025-07-11 09:49:00,pay,72.41,0.36,fashion,True,COMPLETED,HCMC,referral
T7949,C100849,2025-07-11 10:08:00,pay,63.88,0.32,entertainment,False,COMPLETED,Hanoi,referral
T6404,C100683,2025-07-11 10:36:00,pay,19.04,0.1,electronics,False,COMPLETED,HCMC,organic
T7311,C100769,2025-07-11 10:50:00,pay,101.66,0.51,fashion,True,COMPLETED,Hanoi,organic
T7817,C100835,2025-07-11 10:59:00,topup,25.06,0.03,entertainment,False,COMPLETED,DaNang,organic
T98,C100017,2025-07-11 11:12:00,invest,33.95,0.02,food_delivery,False,COMPLETED,HCMC,organic
T1222,C100133,2025-07-11 11:40:00,pay,18.07,0.09,entertainment,True,COMPLETED,Hanoi,referral
T4410,C100466,2025-07-11 11:59:00,pay,23.7,0.12,other,True,COMPLETED,HCMC,paid
T8205,C100879,2025-07-11 12:01:00,pay,60.56,0.3,health,False,COMPLETED,HCMC,organic
T2410,C100267,2025-07-11 12:40:00,topup,21.2,0.02,other,False,COMPLETED,HCMC,organic
T965,C100111,2025-07-11 12:46:00,transfer,14.04,0.03,electronics,False,COMPLETED,HCMC,organic
T5018,C100538,2025-07-11 12:50:00,topup,19.84,0.02,utilities,True,COMPLETED,HaiPhong,organic
T6759,C100728,2025-07-11 13:08:00,transfer,21.33,0.04,transport,False,COMPLETED,HaiPhong,paid
T7870,C100839,2025-07-11 13:47:00,transfer,27.14,0.05,fashion,False,COMPLETED,Hanoi,organic
T2021,C100229,2025-07-11 14:27:00,savings,12.88,0.0,utilities,False,COMPLETED,HCMC,paid
T2157,C100246,2025-07-11 14:35:00,pay,13.24,0.07,transport,True,COMPLETED,HCMC,referral
T8029,C100859,2025-07-11 14:43:00,bill_pay,12.25,0.04,utilities,True,COMPLETED,HaiPhong,paid
T6489,C100688,2025-07-11 15:38:00,pay,75.63,0.38,food_delivery,False,COMPLETED,CanTho,organic
T7960,C100851,2025-07-11 15:50:00,transfer,13.09,0.03,education,False,COMPLETED,Hanoi,organic
T8147,C100874,2025-07-11 16:02:00,invest,17.97,0.01,fashion,True,COMPLETED,HCMC,paid
T7884,C100841,2025-07-11 16:45:00,transfer,25.57,0.05,groceries,False,COMPLETED,HCMC,organic
T8187,C100877,2025-07-11 16:52:00,pay,45.01,0.23,other,True,COMPLETED,DaNang,organic
T7371,C100775,2025-07-11 17:20:00,transfer,27.52,0.06,food_delivery,False,COMPLETED,DaNang,organic
T5663,C100602,2025-07-11 17:29:00,bill_pay,139.91,0.42,education,True,COMPLETED,HCMC,paid
T6853,C100734,2025-07-11 17:35:00,pay,41.02,0.21,food_delivery,False,COMPLETED,HCMC,organic
T5436,C100580,2025-07-11 17:52:00,transfer,7.65,0.02,utilities,False,COMPLETED,Hanoi,referral
T6193,C100658,2025-07-11 18:06:00,transfer,33.23,0.07,fashion,False,COMPLETED,Hanoi,paid
T6633,C100712,2025-07-11 18:15:00,pay,17.34,0.09,other,False,COMPLETED,CanTho,paid
T4004,C100419,2025-07-11 18:17:00,transfer,189.27,0.38,fashion,True,COMPLETED,Hanoi,referral
T6096,C100647,2025-07-11 18:24:00,pay,17.11,0.09,education,True,COMPLETED,CanTho,campaign
T6825,C100732,2025-07-11 18:36:00,pay,17.17,0.09,transport,True,COMPLETED,Hanoi,paid
T2913,C100309,2025-07-11 18:49:00,transfer,21.22,0.04,groceries,True,COMPLETED,HCMC,paid
T7307,C100769,2025-07-11 19:06:00,transfer,29.04,0.06,utilities,True,COMPLETED,Hanoi,organic
T7596,C100802,2025-07-11 19:22:00,pay,10.72,0.05,other,False,COMPLETED,Hanoi,organic
T8019,C100859,2025-07-11 19:27:00,pay,57.8,0.29,food_delivery,False,COMPLETED,HaiPhong,paid
T8271,C100886,2025-07-11 19:32:00,transfer,25.89,0.05,education,True,COMPLETED,Hanoi,campaign
T2598,C100284,2025-07-11 19:33:00,bill_pay,23.86,0.07,electronics,False,COMPLETED,HaiPhong,paid
T4477,C100478,2025-07-11 20:16:00,transfer,17.98,0.04,entertainment,False,COMPLETED,HCMC,organic
T7923,C100848,2025-07-11 20:24:00,bill_pay,13.4,0.04,utilities,False,COMPLETED,Hanoi,organic
T4282,C100451,2025-07-11 20:27:00,pay,31.41,0.16,entertainment,True,COMPLETED,Hanoi,organic
T4683,C100500,2025-07-12 09:11:00,pay,22.35,0.11,transport,False,FAILED,HCMC,campaign
T5587,C100594,2025-07-12 09:31:00,pay,58.02,0.29,education,True,COMPLETED,Hanoi,referral
T988,C100115,2025-07-12 10:10:00,pay,6.07,0.03,food_delivery,False,COMPLETED,HCMC,referral
T7846,C100837,2025-07-12 10:12:00,invest,27.79,0.01,education,False,COMPLETED,HaiPhong,organic
T7114,C100756,2025-07-12 10:33:00,savings,78.14,0.0,entertainment,True,COMPLETED,HCMC,organic
T7479,C100789,2025-07-12 11:22:00,transfer,32.96,0.07,education,False,COMPLETED,HCMC,campaign
T8161,C100874,2025-07-12 11:42:00,transfer,22.42,0.04,transport,False,COMPLETED,HCMC,paid
T8077,C100866,2025-07-12 12:14:00,savings,62.39,0.0,food_delivery,False,COMPLETED,Hanoi,paid
T8347,C100892,2025-07-12 12:15:00,savings,37.42,0.0,utilities,True,COMPLETED,Hanoi,organic
T7709,C100818,2025-07-12 12:15:00,transfer,73.75,0.15,other,False,COMPLETED,Hanoi,paid
T2154,C100246,2025-07-12 12:46:00,pay,53.03,0.27,groceries,False,COMPLETED,HCMC,referral
T3726,C100391,2025-07-12 12:52:00,pay,6.18,0.03,fashion,True,COMPLETED,HCMC,organic
T8312,C100887,2025-07-12 13:01:00,savings,7.25,0.0,health,False,COMPLETED,Hanoi,organic
T8242,C100880,2025-07-12 13:11:00,transfer,25.73,0.05,fashion,False,COMPLETED,CanTho,referral
T6210,C100660,2025-07-12 13:21:00,pay,96.24,0.48,electronics,False,COMPLETED,HCMC,organic
T8047,C100864,2025-07-12 13:21:00,savings,30.71,0.0,fashion,False,COMPLETED,HCMC,organic
T5979,C100636,2025-07-12 13:22:00,transfer,16.31,0.03,food_delivery,False,COMPLETED,DaNang,referral
T7032,C100750,2025-07-12 14:09:00,savings,43.31,0.0,utilities,True,COMPLETED,HCMC,organic
T7658,C100813,2025-07-12 14:11:00,topup,9.36,0.01,other,False,COMPLETED,HCMC,paid
T6994,C100746,2025-07-12 14:24:00,savings,44.37,0.0,electronics,True,COMPLETED,HaiPhong,organic
T7608,C100802,2025-07-12 15:49:00,savings,9.76,0.0,groceries,False,COMPLETED,Hanoi,organic
T4904,C100526,2025-07-12 16:06:00,invest,19.07,0.01,groceries,True,COMPLETED,HCMC,paid
T962,C100107,2025-07-12 16:08:00,transfer,85.18,0.17,entertainment,True,COMPLETED,HCMC,referral
T8203,C100879,2025-07-12 16:10:00,transfer,77.63,0.16,other,True,COMPLETED,HCMC,organic
T4685,C100500,2025-07-12 16:31:00,savings,59.85,0.0,education,False,COMPLETED,HCMC,campaign
T5616,C100597,2025-07-12 17:21:00,pay,17.15,0.09,other,False,COMPLETED,HCMC,paid
T418,C100043,2025-07-12 17:59:00,pay,30.45,0.15,health,False,COMPLETED,DaNang,paid
T6925,C100739,2025-07-12 18:16:00,transfer,64.02,0.13,groceries,False,FAILED,HCMC,referral
T7448,C100785,2025-07-12 18:26:00,pay,19.2,0.1,education,True,COMPLETED,Hanoi,organic
T3082,C100329,2025-07-12 18:55:00,pay,117.29,0.59,entertainment,False,COMPLETED,HCMC,organic
T4445,C100475,2025-07-12 19:33:00,topup,50.1,0.05,utilities,False,COMPLETED,HCMC,paid
T4564,C100485,2025-07-12 19:58:00,pay,77.12,0.39,food_delivery,False,COMPLETED,HCMC,organic
T4726,C100505,2025-07-13 09:03:00,pay,26.74,0.13,food_delivery,True,COMPLETED,HCMC,organic
T1739,C100200,2025-07-13 09:25:00,pay,44.21,0.22,entertainment,False,COMPLETED,CanTho,organic
T8213,C100879,2025-07-13 09:52:00,savings,24.86,0.0,transport,False,COMPLETED,HCMC,organic
T6405,C100683,2025-07-13 09:53:00,transfer,11.44,0.02,health,False,COMPLETED,HCMC,organic
T3659,C100386,2025-07-13 10:13:00,pay,16.28,0.08,transport,True,COMPLETED,HCMC,organic
T7840,C100837,2025-07-13 10:21:00,pay,117.7,0.59,electronics,False,COMPLETED,HaiPhong,organic
T6538,C100695,2025-07-13 10:52:00,savings,31.7,0.0,electronics,True,COMPLETED,HCMC,organic
T593,C100056,2025-07-13 11:03:00,savings,38.47,0.0,transport,False,COMPLETED,DaNang,paid
T74,C100013,2025-07-13 11:28:00,pay,25.83,0.13,fashion,True,COMPLETED,CanTho,organic
T1776,C100203,2025-07-13 11:47:00,pay,21.01,0.11,transport,False,COMPLETED,Hanoi,organic
T7631,C100803,2025-07-13 11:51:00,pay,21.47,0.11,groceries,False,COMPLETED,Hanoi,paid
T8449,C100900,2025-07-13 12:05:00,pay,42.96,0.21,electronics,False,COMPLETED,Hanoi,paid
T8295,C100887,2025-07-13 12:17:00,savings,20.23,0.0,fashion,False,COMPLETED,Hanoi,organic
T5257,C100559,2025-07-13 12:26:00,pay,10.93,0.05,education,True,COMPLETED,HCMC,referral
T5174,C100552,2025-07-13 12:31:00,pay,44.27,0.22,transport,False,COMPLETED,HCMC,organic
T5873,C100626,2025-07-13 12:47:00,savings,14.85,0.0,other,False,COMPLETED,HCMC,referral
T5863,C100626,2025-07-13 13:06:00,pay,56.08,0.28,groceries,False,FAILED,HCMC,referral
T7910,C100846,2025-07-13 13:15:00,pay,39.42,0.2,food_delivery,True,COMPLETED,Hanoi,organic
T4578,C100486,2025-07-13 13:16:00,savings,10.62,0.0,health,False,COMPLETED,HCMC,paid
T6923,C100739,2025-07-13 13:50:00,pay,47.34,0.24,utilities,False,COMPLETED,HCMC,referral
T2180,C100249,2025-07-13 15:05:00,pay,11.77,0.06,groceries,True,COMPLETED,HCMC,organic
T8301,C100887,2025-07-13 15:32:00,pay,13.74,0.07,utilities,True,COMPLETED,Hanoi,organic
T7210,C100765,2025-07-13 15:41:00,pay,14.99,0.07,food_delivery,False,COMPLETED,HCMC,paid
T4986,C100534,2025-07-13 15:52:00,savings,47.58,0.0,utilities,True,COMPLETED,HaiPhong,organic
T5918,C100633,2025-07-13 16:16:00,invest,65.96,0.03,utilities,False,COMPLETED,HCMC,organic
T6255,C100666,2025-07-13 16:28:00,pay,27.73,0.14,electronics,True,COMPLETED,Hanoi,paid
T8309,C100887,2025-07-13 16:28:00,pay,11.27,0.06,transport,False,COMPLETED,Hanoi,organic
T744,C100080,2025-07-13 16:39:00,transfer,24.42,0.05,transport,True,COMPLETED,HCMC,referral
T8258,C100883,2025-07-13 16:43:00,pay,197.92,0.99,groceries,True,COMPLETED,CanTho,organic
T6345,C100679,2025-07-13 16:44:00,pay,34.61,0.17,education,False,COMPLETED,HCMC,referral
T7322,C100771,2025-07-13 17:44:00,pay,49.22,0.25,utilities,True,COMPLETED,DaNang,paid
T1066,C100120,2025-07-13 18:24:00,savings,38.69,0.0,health,False,COMPLETED,HCMC,paid
T7744,C100821,2025-07-13 18:30:00,pay,20.28,0.1,groceries,True,COMPLETED,HCMC,organic
T6953,C100745,2025-07-13 18:34:00,pay,31.5,0.16,other,False,COMPLETED,HaiPhong,organic
T1259,C100138,2025-07-13 18:35:00,pay,91.14,0.46,groceries,False,COMPLETED,Hanoi,organic
T493,C100048,2025-07-13 18:52:00,transfer,5.78,0.01,transport,False,COMPLETED,HCMC,organic
T7723,C100819,2025-07-13 19:06:00,pay,12.87,0.06,groceries,False,COMPLETED,HCMC,campaign
T473,C100045,2025-07-13 19:08:00,pay,26.29,0.13,electronics,False,COMPLETED,CanTho,paid
T5336,C100571,2025-07-13 19:13:00,transfer,43.27,0.09,groceries,True,COMPLETED,HCMC,paid
T360,C100038,2025-07-13 19:16:00,transfer,19.01,0.04,fashion,True,COMPLETED,HCMC,organic
T7113,C100756,2025-07-13 19:32:00,savings,40.09,0.0,fashion,False,COMPLETED,HCMC,organic
T4448,C100475,2025-07-13 19:41:00,pay,14.88,0.07,groceries,False,COMPLETED,HCMC,paid
T5914,C100633,2025-07-13 20:01:00,transfer,28.92,0.06,other,True,COMPLETED,HCMC,organic
T7147,C100759,2025-07-13 20:06:00,transfer,102.61,0.21,groceries,True,COMPLETED,HCMC,organic
T7153,C100759,2025-07-13 20:18:00,bill_pay,57.91,0.17,fashion,False,COMPLETED,HCMC,organic
T7862,C100839,2025-07-13 20:19:00,pay,120.94,0.6,entertainment,False,COMPLETED,Hanoi,organic
T7041,C100751,2025-07-13 20:30:00,transfer,26.86,0.05,electronics,False,COMPLETED,HCMC,referral
T1429,C100166,2025-07-13 20:40:00,savings,164.52,0.0,transport,False,COMPLETED,HCMC,referral
T8138,C100872,2025-07-13 20:43:00,transfer,16.19,0.03,other,True,COMPLETED,HCMC,organic
T3793,C100400,2025-07-13 20:49:00,invest,46.9,0.02,education,True,COMPLETED,Hanoi,organic
T6251,C100666,2025-07-14 09:19:00,pay,14.11,0.07,electronics,False,COMPLETED,Hanoi,paid
T2647,C100288,2025-07-14 10:59:00,transfer,22.88,0.05,transport,True,COMPLETED,HCMC,referral
T8335,C100890,2025-07-14 11:44:00,savings,75.64,0.0,entertainment,False,COMPLETED,DaNang,organic
T7239,C100766,2025-07-14 12:08:00,bill_pay,12.26,0.04,groceries,False,COMPLETED,HCMC,campaign
T4479,C100478,2025-07-14 12:11:00,pay,57.27,0.29,groceries,True,COMPLETED,HCMC,organic
T8454,C100902,2025-07-14 13:03:00,transfer,33.2,0.07,utilities,True,COMPLETED,CanTho,organic
T7688,C100817,2025-07-14 13:04:00,pay,9.35,0.05,electronics,False,COMPLETED,Hanoi,organic
T5907,C100631,2025-07-14 13:39:00,topup,35.93,0.04,health,False,COMPLETED,Hanoi,campaign
T6435,C100685,2025-07-14 13:53:00,savings,28.16,0.0,utilities,False,COMPLETED,HCMC,organic
T8013,C100858,2025-07-14 14:25:00,pay,61.88,0.31,fashion,True,COMPLETED,Hanoi,referral
T5634,C100601,2025-07-14 14:56:00,pay,35.51,0.18,health,False,COMPLETED,Hanoi,organic
T3866,C100405,2025-07-14 15:11:00,topup,36.15,0.04,fashion,False,COMPLETED,HCMC,campaign
T2755,C100297,2025-07-14 15:11:00,pay,24.84,0.12,groceries,False,COMPLETED,HCMC,referral
T5378,C100575,2025-07-14 15:35:00,savings,8.28,0.0,electronics,False,COMPLETED,HCMC,referral
T6015,C100637,2025-07-14 15:54:00,pay,4.93,0.02,utilities,False,COMPLETED,Hanoi,organic
T7102,C100755,2025-07-14 16:12:00,savings,23.95,0.0,health,False,COMPLETED,DaNang,paid
T6879,C100735,2025-07-14 17:05:00,transfer,46.05,0.09,fashion,True,COMPLETED,HCMC,organic
T5829,C100622,2025-07-14 17:39:00,bill_pay,28.2,0.08,education,False,COMPLETED,HCMC,paid
T7911,C100846,2025-07-14 18:05:00,savings,56.87,0.0,food_delivery,True,COMPLETED,Hanoi,organic
T2326,C100261,2025-07-14 18:29:00,transfer,7.77,0.02,health,False,COMPLETED,HCMC,organic
T7885,C100841,2025-07-14 18:45:00,savings,20.9,0.0,entertainment,False,COMPLETED,HCMC,organic
T7895,C100844,2025-07-14 19:01:00,transfer,60.14,0.12,fashion,False,COMPLETED,CanTho,organic
T1811,C100205,2025-07-14 19:03:00,bill_pay,20.92,0.06,health,False,COMPLETED,HCMC,organic
T8179,C100875,2025-07-14 19:45:00,transfer,38.77,0.08,entertainment,False,COMPLETED,CanTho,organic
T301,C100036,2025-07-14 19:48:00,bill_pay,75.68,0.23,transport,True,FAILED,Hanoi,campaign
T7589,C100799,2025-07-14 20:07:00,pay,30.55,0.15,transport,True,COMPLETED,HCMC,organic
T1114,C100123,2025-07-14 20:08:00,bill_pay,48.32,0.14,transport,False,COMPLETED,Hanoi,organic
T3786,C100397,2025-07-14 20:16:00,savings,8.35,0.0,groceries,False,COMPLETED,HCMC,paid
T5759,C100614,2025-07-14 20:25:00,transfer,15.12,0.03,education,True,COMPLETED,HCMC,organic
T4872,C100523,2025-07-14 20:33:00,savings,22.12,0.0,electronics,False,COMPLETED,HCMC,referral
T7425,C100783,2025-07-14 20:53:00,transfer,9.35,0.02,utilities,True,FAILED,Hanoi,paid
T8407,C100898,2025-07-15 09:16:00,transfer,12.64,0.03,fashion,True,COMPLETED,HCMC,organic
T5487,C100584,2025-07-15 09:34:00,transfer,31.11,0.06,other,False,COMPLETED,CanTho,organic
T8211,C100879,2025-07-15 09:46:00,savings,17.78,0.0,utilities,False,COMPLETED,HCMC,organic
T7865,C100839,2025-07-15 09:54:00,pay,40.09,0.2,fashion,False,COMPLETED,Hanoi,organic
T8367,C100895,2025-07-15 09:54:00,pay,67.58,0.34,other,True,COMPLETED,HCMC,organic
T6002,C100637,2025-07-15 09:55:00,transfer,4.81,0.01,entertainment,False,COMPLETED,Hanoi,organic
T437,C100044,2025-07-15 09:56:00,savings,39.12,0.0,utilities,False,COMPLETED,Hanoi,organic
T8085,C100866,2025-07-15 09:57:00,pay,63.88,0.32,electronics,False,FAILED,Hanoi,paid
T8227,C100880,2025-07-15 10:26:00,transfer,32.63,0.07,health,False,COMPLETED,CanTho,referral
T8483,C100906,2025-07-15 10:35:00,transfer,61.96,0.12,entertainment,False,COMPLETED,CanTho,organic
T5559,C100592,2025-07-15 10:48:00,pay,51.05,0.26,transport,True,COMPLETED,HCMC,organic
T5363,C100572,2025-07-15 11:04:00,pay,18.46,0.09,electronics,False,COMPLETED,HCMC,organic
T6688,C100721,2025-07-15 11:28:00,transfer,28.56,0.06,other,True,COMPLETED,HCMC,campaign
T8486,C100906,2025-07-15 12:15:00,bill_pay,7.02,0.02,education,True,COMPLETED,CanTho,organic
T8343,C100892,2025-07-15 12:42:00,transfer,31.68,0.06,education,False,COMPLETED,Hanoi,organic
T8276,C100886,2025-07-15 12:48:00,bill_pay,19.03,0.06,other,False,COMPLETED,Hanoi,campaign
T7078,C100753,2025-07-15 13:30:00,transfer,2.49,0.0,utilities,True,COMPLETED,Hanoi,paid
T7103,C100755,2025-07-15 13:34:00,transfer,57.78,0.12,electronics,False,COMPLETED,DaNang,paid
T8488,C100906,2025-07-15 13:36:00,transfer,97.96,0.2,health,False,COMPLETED,CanTho,organic
T4796,C100516,2025-07-15 13:54:00,pay,13.94,0.07,fashion,False,COMPLETED,Hanoi,referral
T6937,C100743,2025-07-15 14:23:00,pay,65.98,0.33,education,True,COMPLETED,HaiPhong,organic
T8450,C100900,2025-07-15 14:46:00,pay,20.57,0.1,groceries,False,COMPLETED,Hanoi,paid
T7180,C100761,2025-07-15 14:47:00,savings,13.71,0.0,education,True,COMPLETED,HCMC,organic
T8219,C100879,2025-07-15 15:09:00,transfer,15.03,0.03,groceries,False,COMPLETED,HCMC,organic
T5104,C100546,2025-07-15 15:19:00,transfer,22.78,0.05,fashion,True,COMPLETED,HCMC,paid
T1681,C100190,2025-07-15 15:31:00,pay,24.83,0.12,education,True,COMPLETED,CanTho,referral
T4855,C100520,2025-07-15 15:41:00,pay,8.77,0.04,other,True,COMPLETED,HCMC,organic
T7492,C100791,2025-07-15 15:57:00,transfer,13.79,0.03,entertainment,False,COMPLETED,HCMC,referral
T1046,C100119,2025-07-15 16:14:00,pay,60.31,0.3,other,False,COMPLETED,CanTho,organic
T7993,C100858,2025-07-15 16:18:00,pay,64.51,0.32,health,True,COMPLETED,Hanoi,referral
T6602,C100707,2025-07-15 17:02:00,transfer,20.23,0.04,other,False,COMPLETED,HCMC,paid
T6352,C100679,2025-07-15 17:15:00,savings,29.2,0.0,transport,True,FAILED,HCMC,referral
T6643,C100712,2025-07-15 17:39:00,bill_pay,69.48,0.21,electronics,True,COMPLETED,CanTho,paid
T8121,C100869,2025-07-15 17:47:00,pay,30.92,0.15,electronics,False,COMPLETED,HCMC,referral
T8108,C100869,2025-07-15 17:50:00,transfer,25.22,0.05,other,True,COMPLETED,HCMC,referral
T5560,C100592,2025-07-15 17:57:00,transfer,6.16,0.01,electronics,True,COMPLETED,HCMC,organic
T8418,C100898,2025-07-15 18:42:00,savings,104.39,0.0,food_delivery,True,COMPLETED,HCMC,organic
T7149,C100759,2025-07-15 18:48:00,pay,43.0,0.22,education,False,COMPLETED,HCMC,organic
T5033,C100538,2025-07-15 19:04:00,savings,44.49,0.0,entertainment,False,COMPLETED,HaiPhong,organic
T7609,C100802,2025-07-15 19:10:00,savings,33.63,0.0,entertainment,True,COMPLETED,Hanoi,organic
T8037,C100864,2025-07-15 20:34:00,bill_pay,41.22,0.12,food_delivery,True,COMPLETED,HCMC,organic
T1728,C100198,2025-07-15 20:39:00,transfer,24.15,0.05,other,True,COMPLETED,DaNang,organic
T6285,C100670,2025-07-16 09:08:00,pay,36.76,0.18,other,True,COMPLETED,HCMC,paid
T7838,C100837,2025-07-16 09:18:00,pay,28.19,0.14,electronics,False,COMPLETED,HaiPhong,organic
T5463,C100581,2025-07-16 09:39:00,transfer,32.18,0.06,other,False,COMPLETED,HCMC,referral
T7287,C100768,2025-07-16 09:43:00,transfer,7.44,0.01,transport,False,COMPLETED,Hanoi,paid
T8186,C100877,2025-07-16 10:28:00,pay,8.62,0.04,utilities,True,COMPLETED,DaNang,organic
T7966,C100851,2025-07-16 11:43:00,bill_pay,9.97,0.03,transport,True,COMPLETED,Hanoi,organic
T4888,C100524,2025-07-16 12:21:00,savings,27.23,0.0,health,False,COMPLETED,HCMC,organic
T6294,C100671,2025-07-16 12:35:00,savings,9.55,0.0,groceries,False,COMPLETED,Hanoi,paid
T7547,C100797,2025-07-16 12:46:00,pay,21.76,0.11,other,False,COMPLETED,DaNang,organic
T7164,C100760,2025-07-16 12:46:00,pay,47.46,0.24,utilities,False,COMPLETED,DaNang,organic
T2033,C100231,2025-07-16 12:50:00,bill_pay,9.46,0.03,transport,False,COMPLETED,HCMC,paid
T3362,C100356,2025-07-16 13:10:00,bill_pay,32.47,0.1,entertainment,False,COMPLETED,HCMC,organic
T2610,C100286,2025-07-16 13:33:00,invest,41.98,0.02,electronics,False,COMPLETED,DaNang,organic
T8088,C100867,2025-07-16 13:34:00,pay,44.98,0.22,health,False,COMPLETED,HCMC,referral
T8405,C100898,2025-07-16 14:24:00,transfer,39.69,0.08,transport,True,COMPLETED,HCMC,organic
T7772,C100828,2025-07-16 14:27:00,pay,57.97,0.29,health,False,COMPLETED,Hanoi,organic
T5138,C100548,2025-07-16 14:42:00,bill_pay,23.68,0.07,utilities,False,COMPLETED,Hanoi,referral
T8254,C100883,2025-07-16 14:43:00,savings,14.45,0.0,entertainment,False,COMPLETED,CanTho,organic
T5627,C100601,2025-07-16 14:48:00,savings,28.57,0.0,utilities,True,COMPLETED,Hanoi,organic
T5150,C100550,2025-07-16 14:54:00,invest,35.78,0.02,health,True,COMPLETED,HCMC,paid
T6383,C100681,2025-07-16 15:38:00,transfer,83.6,0.17,health,False,COMPLETED,HCMC,organic
T3004,C100318,2025-07-16 15:40:00,pay,11.37,0.06,entertainment,True,COMPLETED,CanTho,organic
T665,C100068,2025-07-16 15:46:00,transfer,12.94,0.03,health,False,COMPLETED,HCMC,organic
T7067,C100753,2025-07-16 16:04:00,pay,30.3,0.15,entertainment,False,COMPLETED,Hanoi,paid
T2456,C100270,2025-07-16 16:10:00,pay,14.85,0.07,health,False,COMPLETED,Hanoi,organic
T8303,C100887,2025-07-16 16:15:00,transfer,44.63,0.09,other,False,COMPLETED,Hanoi,organic
T6479,C100688,2025-07-16 16:29:00,transfer,17.23,0.03,utilities,True,COMPLETED,CanTho,organic
T7999,C100858,2025-07-16 17:21:00,pay,49.82,0.25,electronics,True,COMPLETED,Hanoi,referral
T6066,C100645,2025-07-16 17:52:00,pay,48.52,0.24,education,True,COMPLETED,HCMC,organic
T1027,C100118,2025-07-16 17:55:00,transfer,33.73,0.07,health,False,COMPLETED,Hanoi,organic
T7576,C100798,2025-07-16 18:16:00,pay,51.05,0.26,electronics,False,COMPLETED,HCMC,campaign
T8195,C100877,2025-07-16 18:20:00,transfer,37.97,0.08,other,False,COMPLETED,DaNang,organic
T1825,C100205,2025-07-16 18:24:00,transfer,33.87,0.07,utilities,False,COMPLETED,HCMC,organic
T8269,C100886,2025-07-16 18:28:00,pay,45.04,0.23,electronics,False,COMPLETED,Hanoi,campaign
T971,C100111,2025-07-16 18:47:00,transfer,45.82,0.09,transport,False,COMPLETED,HCMC,organic
T442,C100044,2025-07-16 19:21:00,transfer,63.17,0.13,utilities,True,COMPLETED,Hanoi,organic
T8007,C100858,2025-07-16 19:27:00,transfer,23.17,0.05,education,False,COMPLETED,Hanoi,referral
T2935,C100310,2025-07-16 19:55:00,pay,23.99,0.12,entertainment,False,COMPLETED,HCMC,paid
T4927,C100527,2025-07-16 19:57:00,savings,22.97,0.0,transport,False,COMPLETED,HCMC,organic
T4017,C100420,2025-07-16 19:57:00,savings,3.91,0.0,transport,False,COMPLETED,HCMC,organic
T2232,C100255,2025-07-16 20:24:00,pay,14.53,0.07,electronics,False,COMPLETED,Hanoi,organic
T2272,C100257,2025-07-16 20:24:00,pay,16.36,0.08,entertainment,False,COMPLETED,DaNang,paid
T1589,C100176,2025-07-16 20:30:00,transfer,28.17,0.06,fashion,False,COMPLETED,Hanoi,referral
T6310,C100674,2025-07-17 09:07:00,pay,46.67,0.23,fashion,False,COMPLETED,HCMC,organic
T513,C100048,2025-07-17 09:20:00,savings,12.5,0.0,transport,False,COMPLETED,HCMC,organic
T7257,C100766,2025-07-17 09:46:00,transfer,34.99,0.07,education,False,FAILED,HCMC,campaign
T2024,C100230,2025-07-17 09:58:00,transfer,97.48,0.19,groceries,False,COMPLETED,HCMC,paid
T8134,C100872,2025-07-17 10:04:00,pay,13.31,0.07,fashion,False,COMPLETED,HCMC,organic
T4827,C100518,2025-07-17 10:26:00,transfer,10.27,0.02,education,True,COMPLETED,DaNang,organic
T8490,C100906,2025-07-17 10:30:00,pay,17.71,0.09,electronics,False,COMPLETED,CanTho,organic
T8299,C100887,2025-07-17 10:43:00,transfer,17.52,0.04,health,False,COMPLETED,Hanoi,organic
T4131,C100429,2025-07-17 11:05:00,pay,14.4,0.07,electronics,True,COMPLETED,HaiPhong,referral
T4484,C100478,2025-07-17 11:17:00,pay,48.56,0.24,transport,False,COMPLETED,HCMC,organic
T8243,C100880,2025-07-17 11:39:00,transfer,19.02,0.04,fashion,False,COMPLETED,CanTho,referral
T6931,C100740,2025-07-17 11:44:00,invest,16.39,0.01,groceries,True,COMPLETED,HaiPhong,campaign
T8423,C100899,2025-07-17 11:50:00,bill_pay,12.22,0.04,entertainment,False,COMPLETED,Hanoi,referral
T8440,C100900,2025-07-17 11:51:00,transfer,9.88,0.02,utilities,False,COMPLETED,Hanoi,paid
T7300,C100769,2025-07-17 12:05:00,savings,113.26,0.0,utilities,False,COMPLETED,Hanoi,organic
T6886,C100735,2025-07-17 12:08:00,savings,47.68,0.0,utilities,False,COMPLETED,HCMC,organic
T4438,C100475,2025-07-17 12:39:00,transfer,30.55,0.06,food_delivery,False,COMPLETED,HCMC,paid
T6562,C100697,2025-07-17 12:50:00,savings,73.47,0.0,fashion,True,COMPLETED,Hanoi,campaign
T6574,C100704,2025-07-17 12:54:00,pay,14.57,0.07,entertainment,False,COMPLETED,HaiPhong,paid
T1244,C100134,2025-07-17 13:44:00,bill_pay,33.11,0.1,utilities,True,COMPLETED,HCMC,organic
T6776,C100728,2025-07-17 14:11:00,pay,12.52,0.06,education,True,COMPLETED,HaiPhong,paid
T7931,C100849,2025-07-17 14:24:00,pay,21.24,0.11,transport,False,COMPLETED,Hanoi,referral
T8391,C100897,2025-07-17 14:48:00,pay,24.94,0.12,fashion,False,COMPLETED,HCMC,organic
T8166,C100875,2025-07-17 15:17:00,pay,14.41,0.07,entertainment,True,COMPLETED,CanTho,organic
T4693,C100500,2025-07-17 15:50:00,transfer,10.52,0.02,health,False,COMPLETED,HCMC,campaign
T6144,C100650,2025-07-17 16:30:00,pay,23.69,0.12,transport,True,COMPLETED,CanTho,referral
T84,C100013,2025-07-17 17:18:00,pay,32.11,0.16,food_delivery,False,COMPLETED,CanTho,organic
T6554,C100696,2025-07-17 17:22:00,invest,34.07,0.02,education,True,COMPLETED,DaNang,paid
T8180,C100875,2025-07-17 18:19:00,transfer,5.5,0.01,food_delivery,False,COMPLETED,CanTho,organic
T7176,C100761,2025-07-17 18:20:00,transfer,16.8,0.03,groceries,False,COMPLETED,HCMC,organic
T6984,C100746,2025-07-17 18:20:00,pay,19.37,0.1,entertainment,False,COMPLETED,HaiPhong,organic
T3517,C100369,2025-07-17 18:43:00,transfer,7.45,0.01,groceries,True,COMPLETED,HCMC,paid
T1125,C100123,2025-07-17 18:54:00,transfer,43.88,0.09,groceries,False,COMPLETED,Hanoi,organic
T8052,C100864,2025-07-17 19:03:00,topup,66.97,0.07,other,True,COMPLETED,HCMC,organic
T8502,C100906,2025-07-17 19:19:00,transfer,23.15,0.05,transport,True,COMPLETED,CanTho,organic
T7192,C100762,2025-07-17 19:21:00,pay,21.33,0.11,education,False,COMPLETED,Hanoi,organic
T5132,C100548,2025-07-17 19:36:00,pay,40.05,0.2,fashion,True,COMPLETED,Hanoi,referral
T6042,C100642,2025-07-17 19:56:00,pay,9.89,0.05,groceries,True,COMPLETED,HCMC,organic
T3636,C100385,2025-07-17 20:43:00,bill_pay,42.2,0.13,education,True,COMPLETED,Hanoi,referral
T7943,C100849,2025-07-17 20:48:00,transfer,50.47,0.1,utilities,True,COMPLETED,Hanoi,referral
T7420,C100783,2025-07-18 09:01:00,pay,32.28,0.16,entertainment,True,COMPLETED,Hanoi,paid
T5063,C100542,2025-07-18 09:03:00,pay,28.72,0.14,other,False,COMPLETED,HCMC,organic
T5652,C100602,2025-07-18 09:20:00,invest,72.43,0.04,utilities,False,COMPLETED,HCMC,paid
T5440,C100580,2025-07-18 09:33:00,transfer,17.95,0.04,food_delivery,False,COMPLETED,Hanoi,referral
T8090,C100867,2025-07-18 09:37:00,transfer,47.18,0.09,electronics,True,COMPLETED,HCMC,referral
T6107,C100647,2025-07-18 09:56:00,transfer,39.61,0.08,food_delivery,True,COMPLETED,CanTho,campaign
T8323,C100890,2025-07-18 10:05:00,savings,15.25,0.0,health,True,COMPLETED,DaNang,organic
T7002,C100748,2025-07-18 10:09:00,savings,27.85,0.0,fashion,False,COMPLETED,Hanoi,paid
T8001,C100858,2025-07-18 10:20:00,transfer,4.62,0.01,groceries,True,COMPLETED,Hanoi,referral
T3771,C100397,2025-07-18 10:54:00,transfer,50.04,0.1,groceries,False,COMPLETED,HCMC,paid
T7583,C100799,2025-07-18 11:17:00,topup,21.2,0.02,groceries,False,COMPLETED,HCMC,organic
T8554,C100911,2025-07-18 11:22:00,transfer,7.03,0.01,education,True,COMPLETED,HaiPhong,organic
T8237,C100880,2025-07-18 11:36:00,transfer,27.07,0.05,electronics,True,COMPLETED,CanTho,referral
T3451,C100364,2025-07-18 11:50:00,savings,10.27,0.0,entertainment,False,COMPLETED,DaNang,referral
T6215,C100660,2025-07-18 11:53:00,transfer,37.89,0.08,electronics,True,COMPLETED,HCMC,organic
T7019,C100749,2025-07-18 12:07:00,pay,37.13,0.19,food_delivery,False,COMPLETED,HCMC,paid
T8022,C100859,2025-07-18 12:18:00,transfer,21.79,0.04,food_delivery,True,COMPLETED,HaiPhong,paid
T6670,C100718,2025-07-18 12:21:00,pay,9.63,0.05,entertainment,False,COMPLETED,HCMC,organic
T6261,C100667,2025-07-18 12:34:00,pay,55.92,0.28,other,False,COMPLETED,Hanoi,paid
T6619,C100712,2025-07-18 13:03:00,transfer,30.42,0.06,transport,False,COMPLETED,CanTho,paid
T570,C100054,2025-07-18 13:20:00,pay,21.93,0.11,utilities,False,COMPLETED,DaNang,paid
T7402,C100780,2025-07-18 13:27:00,savings,13.84,0.0,entertainment,True,COMPLETED,Hanoi,paid
T4813,C100517,2025-07-18 14:39:00,savings,49.47,0.0,utilities,False,COMPLETED,Hanoi,organic
T5574,C100593,2025-07-18 14:40:00,savings,55.36,0.0,entertainment,True,COMPLETED,HCMC,organic
T5109,C100546,2025-07-18 14:41:00,transfer,16.46,0.03,food_delivery,False,COMPLETED,HCMC,paid
T8152,C100874,2025-07-18 15:38:00,pay,21.74,0.11,education,False,COMPLETED,HCMC,paid
T8172,C100875,2025-07-18 16:06:00,transfer,34.07,0.07,entertainment,False,COMPLETED,CanTho,organic
T8287,C100886,2025-07-18 17:07:00,bill_pay,25.0,0.08,groceries,False,COMPLETED,Hanoi,campaign
T7871,C100839,2025-07-18 17:13:00,invest,34.87,0.02,utilities,False,COMPLETED,Hanoi,organic
T6818,C100730,2025-07-18 17:29:00,transfer,41.82,0.08,fashion,True,COMPLETED,DaNang,organic
T5122,C100548,2025-07-18 17:43:00,bill_pay,26.44,0.08,other,True,COMPLETED,Hanoi,referral
T3811,C100400,2025-07-18 17:44:00,pay,28.99,0.14,other,False,COMPLETED,Hanoi,organic
T4962,C100531,2025-07-18 18:10:00,savings,11.69,0.0,electronics,False,COMPLETED,DaNang,organic
T710,C100076,2025-07-18 18:40:00,savings,40.64,0.0,transport,False,COMPLETED,Hanoi,paid
T5591,C100595,2025-07-18 18:52:00,pay,22.26,0.11,transport,False,COMPLETED,HCMC,referral
T3708,C100390,2025-07-18 19:28:00,pay,11.06,0.06,fashion,True,COMPLETED,HCMC,paid
T7248,C100766,2025-07-18 19:32:00,savings,59.25,0.0,health,True,COMPLETED,HCMC,campaign
T5537,C100590,2025-07-18 19:35:00,pay,43.27,0.22,groceries,True,COMPLETED,HCMC,paid
T3233,C100341,2025-07-18 20:05:00,pay,23.92,0.12,electronics,True,COMPLETED,Hanoi,organic
T8573,C100911,2025-07-18 20:08:00,transfer,16.47,0.03,entertainment,False,COMPLETED,HaiPhong,organic
T7809,C100835,2025-07-18 20:27:00,savings,3.34,0.0,health,False,COMPLETED,DaNang,organic
T5945,C100635,2025-07-18 20:34:00,invest,115.88,0.06,electronics,False,COMPLETED,HCMC,campaign
T8132,C100872,2025-07-19 09:20:00,pay,20.47,0.1,groceries,False,COMPLETED,HCMC,organic
T2765,C100298,2025-07-19 09:20:00,pay,44.03,0.22,education,False,COMPLETED,DaNang,organic
T6163,C100654,2025-07-19 09:32:00,pay,48.58,0.24,fashion,True,COMPLETED,CanTho,organic
T5897,C100631,2025-07-19 09:48:00,pay,56.25,0.28,entertainment,False,COMPLETED,Hanoi,campaign
T5535,C100590,2025-07-19 10:18:00,pay,19.97,0.1,food_delivery,True,COMPLETED,HCMC,paid
T6770,C100728,2025-07-19 10:50:00,transfer,6.95,0.01,entertainment,False,COMPLETED,HaiPhong,paid
T3447,C100364,2025-07-19 11:00:00,transfer,26.42,0.05,transport,False,COMPLETED,DaNang,referral
T8428,C100900,2025-07-19 11:34:00,pay,70.78,0.35,fashion,False,COMPLETED,Hanoi,paid
T2731,C100295,2025-07-19 12:11:00,pay,34.92,0.17,food_delivery,True,COMPLETED,HCMC,paid
T5589,C100594,2025-07-19 12:25:00,pay,82.01,0.41,entertainment,True,COMPLETED,Hanoi,referral
T966,C100111,2025-07-19 12:28:00,savings,8.29,0.0,other,True,COMPLETED,HCMC,organic
T7255,C100766,2025-07-19 12:46:00,bill_pay,18.32,0.05,education,True,COMPLETED,HCMC,campaign
T6367,C100681,2025-07-19 12:47:00,pay,25.41,0.13,electronics,True,COMPLETED,HCMC,organic
T8104,C100869,2025-07-19 13:55:00,transfer,8.06,0.02,electronics,True,COMPLETED,HCMC,referral
T4681,C100500,2025-07-19 13:58:00,savings,34.26,0.0,fashion,False,COMPLETED,HCMC,campaign
T3054,C100327,2025-07-19 14:13:00,pay,34.27,0.17,transport,False,FAILED,Hanoi,organic
T769,C100081,2025-07-19 15:43:00,bill_pay,53.59,0.16,health,False,COMPLETED,HCMC,organic
T5810,C100622,2025-07-19 15:44:00,pay,60.55,0.3,utilities,False,COMPLETED,HCMC,paid
T8374,C100895,2025-07-19 15:51:00,transfer,25.86,0.05,groceries,True,COMPLETED,HCMC,organic
T7364,C100775,2025-07-19 15:53:00,savings,63.38,0.0,utilities,False,COMPLETED,DaNang,organic
T4636,C100495,2025-07-19 16:13:00,savings,29.12,0.0,groceries,False,COMPLETED,Hanoi,organic
T8327,C100890,2025-07-19 16:36:00,transfer,22.62,0.05,electronics,True,COMPLETED,DaNang,organic
T7872,C100839,2025-07-19 16:58:00,pay,16.01,0.08,food_delivery,False,FAILED,Hanoi,organic
T4466,C100477,2025-07-19 17:00:00,topup,24.02,0.02,transport,False,COMPLETED,CanTho,paid
T4614,C100489,2025-07-19 17:14:00,pay,157.35,0.79,electronics,True,COMPLETED,Hanoi,organic
T7724,C100819,2025-07-19 17:15:00,bill_pay,21.45,0.06,utilities,True,COMPLETED,HCMC,campaign
T5427,C100578,2025-07-19 17:24:00,pay,19.41,0.1,food_delivery,False,COMPLETED,Hanoi,organic
T5728,C100605,2025-07-19 17:40:00,transfer,30.66,0.06,education,False,COMPLETED,Hanoi,campaign
T8472,C100904,2025-07-19 17:56:00,pay,24.28,0.12,food_delivery,False,COMPLETED,HCMC,organic
T6407,C100683,2025-07-19 17:56:00,pay,19.7,0.1,health,False,COMPLETED,HCMC,organic
T2730,C100295,2025-07-19 18:07:00,transfer,41.61,0.08,education,False,COMPLETED,HCMC,paid
T299,C100036,2025-07-19 18:20:00,transfer,41.25,0.08,electronics,True,COMPLETED,Hanoi,campaign
T7341,C100772,2025-07-19 18:28:00,savings,10.57,0.0,other,False,COMPLETED,HCMC,referral
T3211,C100340,2025-07-19 18:35:00,pay,35.67,0.18,food_delivery,False,COMPLETED,HCMC,organic
T7843,C100837,2025-07-19 18:38:00,transfer,22.17,0.04,education,False,COMPLETED,HaiPhong,organic
T5975,C100636,2025-07-19 18:45:00,bill_pay,46.77,0.14,fashion,False,COMPLETED,DaNang,referral
T5247,C100559,2025-07-19 18:58:00,pay,66.74,0.33,transport,False,COMPLETED,HCMC,referral
T7787,C100832,2025-07-19 19:26:00,pay,56.33,0.28,transport,False,COMPLETED,HCMC,referral
T7020,C100749,2025-07-19 20:39:00,savings,106.79,0.0,other,False,COMPLETED,HCMC,paid
T4053,C100422,2025-07-20 09:19:00,pay,23.49,0.12,entertainment,False,COMPLETED,Hanoi,organic
T8322,C100890,2025-07-20 10:10:00,bill_pay,107.6,0.32,food_delivery,True,COMPLETED,DaNang,organic
T6124,C100649,2025-07-20 10:34:00,savings,22.98,0.0,groceries,True,COMPLETED,HCMC,organic
T8238,C100880,2025-07-20 10:53:00,transfer,69.71,0.14,fashion,True,COMPLETED,CanTho,referral
T8199,C100879,2025-07-20 11:25:00,transfer,27.95,0.06,food_delivery,False,COMPLETED,HCMC,organic
T6084,C100646,2025-07-20 11:33:00,pay,40.21,0.2,health,False,COMPLETED,Hanoi,paid
T1002,C100115,2025-07-20 11:36:00,invest,14.28,0.01,fashion,False,COMPLETED,HCMC,referral
T7000,C100748,2025-07-20 11:50:00,topup,7.88,0.01,groceries,False,COMPLETED,Hanoi,paid
T6757,C100728,2025-07-20 11:57:00,transfer,22.71,0.05,electronics,False,COMPLETED,HaiPhong,paid
T8412,C100898,2025-07-20 12:04:00,transfer,20.49,0.04,transport,False,COMPLETED,HCMC,organic
T1640,C100186,2025-07-20 12:12:00,pay,37.88,0.19,utilities,True,COMPLETED,HCMC,referral
T8106,C100869,2025-07-20 12:40:00,pay,31.93,0.16,fashion,False,COMPLETED,HCMC,referral
T5297,C100565,2025-07-20 12:48:00,pay,79.1,0.4,food_delivery,False,COMPLETED,DaNang,organic
T7265,C100766,2025-07-20 13:55:00,transfer,7.52,0.02,groceries,False,COMPLETED,HCMC,campaign
T8192,C100877,2025-07-20 14:09:00,transfer,9.43,0.02,electronics,False,COMPLETED,DaNang,organic
T2844,C100305,2025-07-20 14:40:00,pay,103.82,0.52,transport,False,COMPLETED,Hanoi,campaign
T5518,C100589,2025-07-20 15:27:00,pay,62.57,0.31,health,False,COMPLETED,HCMC,organic
T6714,C100723,2025-07-20 15:30:00,savings,32.93,0.0,entertainment,False,COMPLETED,HCMC,referral
T263,C100032,2025-07-20 15:34:00,pay,25.9,0.13,groceries,False,COMPLETED,Hanoi,paid
T3139,C100331,2025-07-20 15:45:00,pay,115.41,0.58,fashion,False,COMPLETED,Hanoi,campaign
T6135,C100650,2025-07-20 15:47:00,invest,23.29,0.01,other,True,COMPLETED,CanTho,referral
T7901,C100846,2025-07-20 15:52:00,transfer,14.04,0.03,education,False,COMPLETED,Hanoi,organic
T5767,C100614,2025-07-20 16:09:00,topup,13.7,0.01,entertainment,False,COMPLETED,HCMC,organic
T6926,C100739,2025-07-20 16:15:00,savings,25.83,0.0,health,False,COMPLETED,HCMC,referral
T3176,C100337,2025-07-20 17:24:00,transfer,44.32,0.09,entertainment,False,FAILED,CanTho,referral
T8457,C100904,2025-07-20 17:32:00,pay,28.59,0.14,other,False,COMPLETED,HCMC,organic
T7226,C100765,2025-07-20 17:33:00,savings,11.51,0.0,groceries,False,COMPLETED,HCMC,paid
T8602,C100913,2025-07-20 18:17:00,pay,24.15,0.12,education,True,COMPLETED,CanTho,organic
T6011,C100637,2025-07-20 18:32:00,transfer,24.53,0.05,fashion,False,COMPLETED,Hanoi,organic
T4475,C100477,2025-07-20 19:01:00,pay,20.14,0.1,health,False,COMPLETED,CanTho,paid
T309,C100036,2025-07-20 19:02:00,bill_pay,38.11,0.11,transport,True,COMPLETED,Hanoi,campaign
T6669,C100718,2025-07-20 19:21:00,savings,102.98,0.0,fashion,True,COMPLETED,HCMC,organic
T6604,C100707,2025-07-20 19:39:00,pay,45.93,0.23,utilities,False,COMPLETED,HCMC,paid
T8369,C100895,2025-07-20 19:43:00,topup,44.41,0.04,fashion,True,COMPLETED,HCMC,organic
T4401,C100465,2025-07-20 20:02:00,transfer,29.78,0.06,transport,True,COMPLETED,Hanoi,paid
T8498,C100906,2025-07-20 20:13:00,topup,24.61,0.02,entertainment,False,COMPLETED,CanTho,organic
T7957,C100851,2025-07-20 20:20:00,savings,15.9,0.0,health,False,FAILED,Hanoi,organic
T6591,C100706,2025-07-20 20:23:00,invest,15.79,0.01,food_delivery,False,COMPLETED,Hanoi,referral
T5429,C100578,2025-07-20 20:38:00,pay,27.39,0.14,health,False,COMPLETED,Hanoi,organic
T3140,C100331,2025-07-20 20:45:00,pay,57.08,0.29,other,False,COMPLETED,Hanoi,campaign
T7557,C100798,2025-07-20 20:55:00,savings,32.57,0.0,education,False,COMPLETED,HCMC,campaign
T8598,C100912,2025-07-21 09:04:00,bill_pay,42.68,0.13,utilities,True,COMPLETED,Hanoi,organic
T1411,C100162,2025-07-21 09:13:00,savings,7.85,0.0,health,True,COMPLETED,HCMC,campaign
T938,C100106,2025-07-21 09:28:00,bill_pay,48.62,0.15,entertainment,False,COMPLETED,CanTho,campaign
T8118,C100869,2025-07-21 09:28:00,pay,11.68,0.06,fashion,False,COMPLETED,HCMC,referral
T7052,C100751,2025-07-21 09:34:00,transfer,12.34,0.02,health,False,COMPLETED,HCMC,referral
T8272,C100886,2025-07-21 09:53:00,transfer,130.16,0.26,groceries,False,COMPLETED,Hanoi,campaign
T7783,C100828,2025-07-21 10:15:00,bill_pay,111.14,0.33,entertainment,False,COMPLETED,Hanoi,organic
T4691,C100500,2025-07-21 10:22:00,bill_pay,23.28,0.07,education,False,COMPLETED,HCMC,campaign
T3664,C100386,2025-07-21 10:33:00,bill_pay,21.69,0.07,utilities,True,COMPLETED,HCMC,organic
T8062,C100865,2025-07-21 11:23:00,transfer,40.55,0.08,utilities,False,COMPLETED,DaNang,organic
T5880,C100626,2025-07-21 11:35:00,bill_pay,9.68,0.03,health,False,COMPLETED,HCMC,referral
T8600,C100913,2025-07-21 11:47:00,pay,46.39,0.23,health,True,COMPLETED,CanTho,organic
T3226,C100341,2025-07-21 12:13:00,transfer,74.05,0.15,groceries,True,COMPLETED,Hanoi,organic
T2555,C100278,2025-07-21 12:19:00,pay,14.56,0.07,entertainment,False,COMPLETED,HCMC,paid
T7660,C100813,2025-07-21 12:30:00,pay,74.91,0.37,electronics,True,COMPLETED,HCMC,paid
T4557,C100484,2025-07-21 12:31:00,transfer,34.9,0.07,other,False,COMPLETED,HCMC,referral
T8098,C100867,2025-07-21 12:40:00,savings,12.36,0.0,transport,False,COMPLETED,HCMC,referral
T6147,C100651,2025-07-21 13:18:00,pay,33.38,0.17,food_delivery,False,COMPLETED,HCMC,referral
T6731,C100725,2025-07-21 13:47:00,transfer,31.24,0.06,fashion,False,COMPLETED,HCMC,referral
T8169,C100875,2025-07-21 13:49:00,pay,38.67,0.19,electronics,False,COMPLETED,CanTho,organic
T8009,C100858,2025-07-21 14:28:00,pay,24.48,0.12,education,False,COMPLETED,Hanoi,referral
T2329,C100261,2025-07-21 14:32:00,transfer,38.35,0.08,transport,False,COMPLETED,HCMC,organic
T5076,C100544,2025-07-21 14:34:00,topup,23.14,0.02,entertainment,False,COMPLETED,DaNang,referral
T6167,C100654,2025-07-21 15:58:00,bill_pay,8.39,0.03,electronics,True,COMPLETED,CanTho,organic
T7408,C100782,2025-07-21 16:02:00,savings,30.47,0.0,transport,False,COMPLETED,HCMC,organic
T7587,C100799,2025-07-21 16:04:00,pay,21.39,0.11,utilities,False,COMPLETED,HCMC,organic
T2171,C100246,2025-07-21 16:46:00,transfer,29.4,0.06,education,True,COMPLETED,HCMC,referral
T2643,C100288,2025-07-21 16:51:00,pay,12.84,0.06,electronics,False,COMPLETED,HCMC,referral
T1948,C100219,2025-07-21 16:55:00,pay,25.63,0.13,groceries,False,COMPLETED,CanTho,paid
T8547,C100910,2025-07-21 17:04:00,transfer,18.97,0.04,electronics,True,COMPLETED,Hanoi,organic
T7538,C100797,2025-07-21 17:56:00,topup,17.53,0.02,food_delivery,False,COMPLETED,DaNang,organic
T8044,C100864,2025-07-21 17:58:00,pay,70.34,0.35,electronics,True,COMPLETED,HCMC,organic
T2570,C100278,2025-07-21 18:04:00,savings,47.7,0.0,other,True,COMPLETED,HCMC,paid
T448,C100044,2025-07-21 18:10:00,pay,24.36,0.12,education,False,COMPLETED,Hanoi,organic
T6028,C100641,2025-07-21 18:11:00,pay,38.54,0.19,food_delivery,False,COMPLETED,CanTho,organic
T2133,C100239,2025-07-21 18:51:00,transfer,8.39,0.02,food_delivery,False,COMPLETED,HaiPhong,organic
T6340,C100679,2025-07-21 18:52:00,pay,208.39,1.04,transport,False,COMPLETED,HCMC,referral
T4209,C100438,2025-07-21 18:58:00,transfer,29.13,0.06,entertainment,False,COMPLETED,HCMC,paid
T7088,C100755,2025-07-21 19:14:00,transfer,29.89,0.06,utilities,False,COMPLETED,DaNang,paid
T8014,C100858,2025-07-21 19:29:00,transfer,32.27,0.06,education,True,COMPLETED,Hanoi,referral
T2967,C100312,2025-07-21 19:54:00,savings,20.08,0.0,transport,True,COMPLETED,HCMC,campaign
T2505,C100274,2025-07-21 20:15:00,invest,11.24,0.01,food_delivery,False,COMPLETED,HCMC,organic
T7075,C100753,2025-07-21 20:33:00,pay,198.83,0.99,other,True,FAILED,Hanoi,paid
T8380,C100896,2025-07-21 20:45:00,pay,25.98,0.13,entertainment,False,COMPLETED,DaNang,paid
T7105,C100755,2025-07-21 20:46:00,transfer,11.94,0.02,education,True,COMPLETED,DaNang,paid
T8617,C100913,2025-07-21 20:57:00,bill_pay,29.19,0.09,groceries,False,COMPLETED,CanTho,organic
T7339,C100771,2025-07-22 09:00:00,transfer,19.63,0.04,groceries,True,COMPLETED,DaNang,paid
T7737,C100819,2025-07-22 09:48:00,savings,24.49,0.0,food_delivery,True,COMPLETED,HCMC,campaign
T8628,C100914,2025-07-22 09:57:00,transfer,21.62,0.04,groceries,False,COMPLETED,Hanoi,organic
T3710,C100390,2025-07-22 10:06:00,savings,9.75,0.0,groceries,False,COMPLETED,HCMC,paid
T1822,C100205,2025-07-22 10:32:00,pay,42.47,0.21,groceries,True,COMPLETED,HCMC,organic
T2222,C100255,2025-07-22 11:05:00,pay,17.61,0.09,fashion,False,COMPLETED,Hanoi,organic
T8465,C100904,2025-07-22 11:15:00,pay,38.19,0.19,food_delivery,False,COMPLETED,HCMC,organic
T5035,C100538,2025-07-22 11:38:00,savings,35.62,0.0,health,False,COMPLETED,HaiPhong,organic
T8358,C100893,2025-07-22 12:11:00,savings,94.24,0.0,utilities,False,COMPLETED,Hanoi,organic
T7764,C100821,2025-07-22 12:22:00,pay,10.91,0.05,fashion,True,COMPLETED,HCMC,organic
T8492,C100906,2025-07-22 12:52:00,transfer,19.66,0.04,entertainment,False,COMPLETED,CanTho,organic
T813,C100086,2025-07-22 12:57:00,transfer,28.47,0.06,groceries,False,COMPLETED,HCMC,organic
T8655,C100921,2025-07-22 13:02:00,savings,82.31,0.0,utilities,False,COMPLETED,Hanoi,referral
T5605,C100595,2025-07-22 13:16:00,pay,14.3,0.07,other,False,COMPLETED,HCMC,referral
T2587,C100279,2025-07-22 13:22:00,pay,14.46,0.07,utilities,True,COMPLETED,Hanoi,paid
T5418,C100578,2025-07-22 13:53:00,transfer,22.54,0.05,utilities,False,COMPLETED,Hanoi,organic
T4913,C100526,2025-07-22 14:09:00,transfer,109.56,0.22,groceries,False,COMPLETED,HCMC,paid
T6958,C100745,2025-07-22 14:26:00,savings,21.01,0.0,other,True,COMPLETED,HaiPhong,organic
T8415,C100898,2025-07-22 14:38:00,savings,23.45,0.0,transport,True,COMPLETED,HCMC,organic
T8289,C100887,2025-07-22 14:39:00,savings,16.62,0.0,other,True,COMPLETED,Hanoi,organic
T8507,C100906,2025-07-22 15:09:00,pay,77.87,0.39,electronics,True,COMPLETED,CanTho,organic
T8568,C100911,2025-07-22 16:09:00,savings,26.5,0.0,utilities,False,COMPLETED,HaiPhong,organic
T8399,C100898,2025-07-22 16:18:00,pay,28.17,0.14,food_delivery,False,COMPLETED,HCMC,organic
T8249,C100881,2025-07-22 16:18:00,savings,4.27,0.0,electronics,True,COMPLETED,Hanoi,paid
T7310,C100769,2025-07-22 16:36:00,savings,35.18,0.0,food_delivery,True,COMPLETED,Hanoi,organic
T2864,C100307,2025-07-22 17:15:00,transfer,41.34,0.08,utilities,False,COMPLETED,HCMC,organic
T7875,C100839,2025-07-22 17:21:00,savings,19.44,0.0,food_delivery,True,COMPLETED,Hanoi,organic
T2912,C100309,2025-07-22 17:25:00,pay,14.34,0.07,other,True,COMPLETED,HCMC,paid
T8131,C100872,2025-07-22 17:30:00,savings,35.3,0.0,entertainment,False,COMPLETED,HCMC,organic
T575,C100056,2025-07-22 17:30:00,transfer,34.18,0.07,fashion,True,COMPLETED,DaNang,paid
T7348,C100774,2025-07-22 17:51:00,pay,24.6,0.12,education,True,COMPLETED,CanTho,paid
T8300,C100887,2025-07-22 18:00:00,bill_pay,17.42,0.05,entertainment,False,COMPLETED,Hanoi,organic
T8375,C100896,2025-07-22 18:06:00,transfer,10.17,0.02,groceries,False,COMPLETED,DaNang,paid
T199,C100025,2025-07-22 18:10:00,savings,14.27,0.0,entertainment,True,COMPLETED,CanTho,paid
T5929,C100633,2025-07-22 18:21:00,pay,35.72,0.18,fashion,False,COMPLETED,HCMC,organic
T5618,C100597,2025-07-22 18:23:00,pay,58.43,0.29,education,True,COMPLETED,HCMC,paid
T6850,C100734,2025-07-22 19:15:00,pay,73.33,0.37,entertainment,False,COMPLETED,HCMC,organic
T4634,C100495,2025-07-22 19:26:00,savings,47.57,0.0,electronics,False,COMPLETED,Hanoi,organic
T3932,C100413,2025-07-22 19:49:00,pay,83.23,0.42,education,False,COMPLETED,HCMC,paid
T8519,C100908,2025-07-22 19:52:00,pay,32.79,0.16,utilities,True,FAILED,HCMC,organic
T7965,C100851,2025-07-22 19:58:00,bill_pay,63.29,0.19,education,False,COMPLETED,Hanoi,organic
T8470,C100904,2025-07-22 20:29:00,bill_pay,22.16,0.07,other,True,COMPLETED,HCMC,organic
T5231,C100556,2025-07-22 20:52:00,pay,15.46,0.08,entertainment,True,COMPLETED,Hanoi,paid
T265,C100032,2025-07-22 20:59:00,savings,84.19,0.0,utilities,False,COMPLETED,Hanoi,paid
T7700,C100818,2025-07-23 09:51:00,bill_pay,60.49,0.18,transport,True,COMPLETED,Hanoi,paid
T5090,C100546,2025-07-23 09:56:00,pay,23.43,0.12,groceries,False,COMPLETED,HCMC,paid
T7551,C100797,2025-07-23 10:12:00,transfer,26.35,0.05,entertainment,False,COMPLETED,DaNang,organic
T8333,C100890,2025-07-23 10:14:00,pay,9.02,0.05,electronics,True,COMPLETED,DaNang,organic
T1558,C100175,2025-07-23 10:22:00,pay,29.72,0.15,other,True,COMPLETED,HaiPhong,campaign
T7735,C100819,2025-07-23 10:24:00,pay,82.21,0.41,food_delivery,True,COMPLETED,HCMC,campaign
T7275,C100767,2025-07-23 11:04:00,invest,12.48,0.01,food_delivery,True,FAILED,Hanoi,paid
T7968,C100852,2025-07-23 11:10:00,pay,26.97,0.13,fashion,True,COMPLETED,HCMC,campaign
T7122,C100756,2025-07-23 11:25:00,pay,9.34,0.05,entertainment,False,COMPLETED,HCMC,organic
T8349,C100892,2025-07-23 11:34:00,transfer,27.22,0.05,food_delivery,True,COMPLETED,Hanoi,organic
T8589,C100912,2025-07-23 12:01:00,pay,28.83,0.14,health,False,COMPLETED,Hanoi,organic
T6368,C100681,2025-07-23 12:15:00,pay,54.14,0.27,groceries,True,COMPLETED,HCMC,organic
T5337,C100571,2025-07-23 12:36:00,pay,77.67,0.39,electronics,True,COMPLETED,HCMC,paid
T6755,C100727,2025-07-23 12:54:00,pay,36.69,0.18,other,False,COMPLETED,Hanoi,referral
T6311,C100674,2025-07-23 13:13:00,transfer,60.91,0.12,food_delivery,False,COMPLETED,HCMC,organic
T696,C100072,2025-07-23 13:17:00,transfer,31.1,0.06,fashion,False,COMPLETED,HCMC,organic
T8273,C100886,2025-07-23 13:31:00,bill_pay,27.35,0.08,food_delivery,False,COMPLETED,Hanoi,campaign
T7726,C100819,2025-07-23 13:33:00,transfer,30.28,0.06,education,True,COMPLETED,HCMC,campaign
T366,C100039,2025-07-23 13:50:00,pay,107.76,0.54,food_delivery,True,COMPLETED,HCMC,referral
T4109,C100425,2025-07-23 14:12:00,bill_pay,50.99,0.15,education,False,COMPLETED,HCMC,organic
T4749,C100505,2025-07-23 14:21:00,pay,69.28,0.35,transport,True,COMPLETED,HCMC,organic
T2107,C100238,2025-07-23 14:26:00,transfer,9.48,0.02,health,False,COMPLETED,HCMC,paid
T4724,C100505,2025-07-23 14:46:00,bill_pay,50.44,0.15,transport,True,COMPLETED,HCMC,organic
T7070,C100753,2025-07-23 14:54:00,pay,23.49,0.12,fashion,False,COMPLETED,Hanoi,paid
T6826,C100732,2025-07-23 15:17:00,transfer,147.73,0.3,electronics,False,COMPLETED,Hanoi,paid
T6543,C100695,2025-07-23 15:22:00,topup,21.39,0.02,electronics,False,COMPLETED,HCMC,organic
T6315,C100676,2025-07-23 16:00:00,savings,42.13,0.0,transport,False,COMPLETED,HCMC,organic
T8039,C100864,2025-07-23 16:05:00,transfer,38.52,0.08,entertainment,False,COMPLETED,HCMC,organic
T7057,C100751,2025-07-23 16:40:00,savings,4.8,0.0,transport,False,COMPLETED,HCMC,referral
T7430,C100783,2025-07-23 16:49:00,savings,34.49,0.0,other,False,COMPLETED,Hanoi,paid
T8649,C100921,2025-07-23 17:13:00,savings,15.96,0.0,utilities,False,COMPLETED,Hanoi,referral
T2163,C100246,2025-07-23 17:30:00,pay,61.47,0.31,utilities,False,COMPLETED,HCMC,referral
T2759,C100297,2025-07-23 17:32:00,bill_pay,27.94,0.08,transport,True,COMPLETED,HCMC,referral
T8489,C100906,2025-07-23 17:50:00,savings,40.81,0.0,transport,False,COMPLETED,CanTho,organic
T3198,C100338,2025-07-23 18:19:00,transfer,44.36,0.09,groceries,False,COMPLETED,HCMC,paid
T5938,C100634,2025-07-23 18:54:00,invest,18.81,0.01,health,False,COMPLETED,HCMC,paid
T3322,C100352,2025-07-23 19:06:00,transfer,45.48,0.09,utilities,False,COMPLETED,CanTho,paid
T6864,C100734,2025-07-23 19:08:00,bill_pay,19.07,0.06,entertainment,False,COMPLETED,HCMC,organic
T8516,C100908,2025-07-23 19:22:00,bill_pay,35.5,0.11,health,True,COMPLETED,HCMC,organic
T392,C100042,2025-07-23 19:30:00,pay,35.54,0.18,food_delivery,False,COMPLETED,HCMC,organic
T5197,C100553,2025-07-23 19:33:00,savings,19.23,0.0,health,True,COMPLETED,HCMC,organic
T1732,C100198,2025-07-23 19:42:00,transfer,112.6,0.23,transport,True,COMPLETED,DaNang,organic
T5792,C100620,2025-07-23 19:43:00,pay,4.47,0.02,transport,True,COMPLETED,HCMC,organic
T8557,C100911,2025-07-24 09:02:00,transfer,36.95,0.07,health,True,COMPLETED,HaiPhong,organic
T390,C100042,2025-07-24 09:08:00,pay,55.12,0.28,education,False,COMPLETED,HCMC,organic
T2049,C100233,2025-07-24 09:22:00,pay,19.48,0.1,education,True,COMPLETED,HaiPhong,organic
T3980,C100415,2025-07-24 09:25:00,bill_pay,30.24,0.09,education,False,COMPLETED,HCMC,organic
T5920,C100633,2025-07-24 09:33:00,pay,17.16,0.09,other,False,COMPLETED,HCMC,organic
T6387,C100681,2025-07-24 09:43:00,bill_pay,31.34,0.09,health,True,COMPLETED,HCMC,organic
T8481,C100904,2025-07-24 09:49:00,topup,47.09,0.05,electronics,False,COMPLETED,HCMC,organic
T4342,C100456,2025-07-24 09:58:00,transfer,46.68,0.09,other,False,COMPLETED,HCMC,organic
T6802,C100730,2025-07-24 11:14:00,pay,42.75,0.21,other,True,COMPLETED,DaNang,organic
T3612,C100380,2025-07-24 11:20:00,topup,47.08,0.05,fashion,False,COMPLETED,HCMC,referral
T7205,C100762,2025-07-24 11:25:00,transfer,48.97,0.1,education,False,COMPLETED,Hanoi,organic
T7474,C100789,2025-07-24 11:53:00,transfer,31.12,0.06,other,False,COMPLETED,HCMC,campaign
T3905,C100408,2025-07-24 11:56:00,savings,45.02,0.0,groceries,True,COMPLETED,HaiPhong,organic
T5655,C100602,2025-07-24 12:10:00,transfer,20.07,0.04,fashion,False,COMPLETED,HCMC,paid
T4847,C100520,2025-07-24 12:35:00,transfer,51.82,0.1,transport,False,COMPLETED,HCMC,organic
T7959,C100851,2025-07-24 13:32:00,pay,37.19,0.19,fashion,True,COMPLETED,Hanoi,organic
T7461,C100785,2025-07-24 13:35:00,pay,12.92,0.06,electronics,True,COMPLETED,Hanoi,organic
T5710,C100605,2025-07-24 13:46:00,transfer,27.11,0.05,fashion,False,COMPLETED,Hanoi,campaign
T3711,C100390,2025-07-24 13:52:00,savings,37.67,0.0,entertainment,False,COMPLETED,HCMC,paid
T8297,C100887,2025-07-24 14:00:00,pay,30.31,0.15,entertainment,False,COMPLETED,Hanoi,organic
T8476,C100904,2025-07-24 14:26:00,pay,31.01,0.16,groceries,False,COMPLETED,HCMC,organic
T8371,C100895,2025-07-24 14:31:00,bill_pay,13.5,0.04,transport,False,COMPLETED,HCMC,organic
T5861,C100626,2025-07-24 15:00:00,pay,23.31,0.12,food_delivery,True,COMPLETED,HCMC,referral
T6527,C100692,2025-07-24 15:22:00,pay,29.08,0.15,food_delivery,False,COMPLETED,HCMC,paid
T5582,C100594,2025-07-24 15:36:00,invest,14.59,0.01,health,False,COMPLETED,Hanoi,referral
T7701,C100818,2025-07-24 15:38:00,invest,8.35,0.0,food_delivery,False,COMPLETED,Hanoi,paid
T6735,C100725,2025-07-24 16:00:00,bill_pay,19.04,0.06,electronics,False,COMPLETED,HCMC,referral
T8403,C100898,2025-07-24 16:29:00,transfer,15.02,0.03,fashion,True,COMPLETED,HCMC,organic
T8158,C100874,2025-07-24 16:55:00,topup,22.27,0.02,other,True,COMPLETED,HCMC,paid
T3727,C100391,2025-07-24 17:11:00,transfer,7.1,0.01,education,False,COMPLETED,HCMC,organic
T741,C100080,2025-07-24 17:30:00,transfer,69.61,0.14,other,False,COMPLETED,HCMC,referral
T2972,C100312,2025-07-24 17:32:00,savings,7.49,0.0,transport,True,COMPLETED,HCMC,campaign
T7570,C100798,2025-07-24 17:33:00,pay,41.92,0.21,education,False,COMPLETED,HCMC,campaign
T8397,C100898,2025-07-24 17:42:00,pay,17.66,0.09,food_delivery,True,COMPLETED,HCMC,organic
T7634,C100803,2025-07-24 18:12:00,invest,21.68,0.01,utilities,False,COMPLETED,Hanoi,paid
T6695,C100721,2025-07-24 18:22:00,savings,31.81,0.0,other,False,COMPLETED,HCMC,campaign
T8529,C100909,2025-07-24 18:32:00,pay,52.3,0.26,other,True,COMPLETED,DaNang,organic
T7806,C100834,2025-07-24 19:01:00,pay,29.41,0.15,education,False,COMPLETED,Hanoi,organic
T8620,C100914,2025-07-24 20:23:00,pay,53.92,0.27,education,True,COMPLETED,Hanoi,organic
T8352,C100893,2025-07-25 09:51:00,pay,54.96,0.27,utilities,True,COMPLETED,Hanoi,organic
T273,C100033,2025-07-25 10:25:00,transfer,11.1,0.02,other,False,COMPLETED,CanTho,paid
T5956,C100635,2025-07-25 10:50:00,pay,40.69,0.2,education,False,COMPLETED,HCMC,campaign
T8387,C100897,2025-07-25 10:53:00,transfer,13.18,0.03,groceries,False,COMPLETED,HCMC,organic
T5964,C100635,2025-07-25 11:05:00,transfer,75.37,0.15,groceries,False,COMPLETED,HCMC,campaign
T3366,C100357,2025-07-25 11:08:00,pay,26.86,0.13,electronics,True,COMPLETED,DaNang,campaign
T5594,C100595,2025-07-25 11:23:00,pay,43.71,0.22,health,False,COMPLETED,HCMC,referral
T3205,C100340,2025-07-25 11:42:00,pay,66.29,0.33,education,False,COMPLETED,HCMC,organic
T8170,C100875,2025-07-25 11:52:00,savings,52.24,0.0,transport,False,COMPLETED,CanTho,organic
T8665,C100922,2025-07-25 12:17:00,transfer,105.35,0.21,health,False,COMPLETED,CanTho,paid
T5227,C100556,2025-07-25 12:33:00,topup,31.34,0.03,food_delivery,False,FAILED,Hanoi,paid
T5286,C100565,2025-07-25 12:38:00,savings,29.71,0.0,health,True,COMPLETED,DaNang,organic
T6323,C100676,2025-07-25 12:43:00,pay,66.55,0.33,education,False,COMPLETED,HCMC,organic
T7868,C100839,2025-07-25 12:44:00,pay,36.7,0.18,groceries,True,COMPLETED,Hanoi,organic
T8377,C100896,2025-07-25 12:46:00,pay,47.8,0.24,food_delivery,False,COMPLETED,DaNang,paid
T5223,C100556,2025-07-25 12:57:00,bill_pay,44.43,0.13,other,True,COMPLETED,Hanoi,paid
T5951,C100635,2025-07-25 13:21:00,savings,40.11,0.0,utilities,False,COMPLETED,HCMC,campaign
T1177,C100131,2025-07-25 13:49:00,pay,15.52,0.08,transport,True,COMPLETED,HCMC,paid
T8362,C100893,2025-07-25 14:17:00,pay,73.93,0.37,groceries,True,COMPLETED,Hanoi,organic
T4660,C100497,2025-07-25 14:41:00,savings,16.01,0.0,electronics,True,COMPLETED,HaiPhong,organic
T7977,C100852,2025-07-25 15:59:00,pay,16.91,0.08,electronics,False,COMPLETED,HCMC,campaign
T5825,C100622,2025-07-25 16:01:00,transfer,24.49,0.05,other,True,COMPLETED,HCMC,paid
T8344,C100892,2025-07-25 16:05:00,pay,55.97,0.28,fashion,False,COMPLETED,Hanoi,organic
T6954,C100745,2025-07-25 16:40:00,pay,10.41,0.05,utilities,False,COMPLETED,HaiPhong,organic
T7506,C100793,2025-07-25 16:41:00,bill_pay,63.24,0.19,fashion,False,COMPLETED,Hanoi,paid
T7715,C100818,2025-07-25 17:00:00,topup,19.93,0.02,education,False,COMPLETED,Hanoi,paid
T5105,C100546,2025-07-25 17:08:00,pay,25.6,0.13,food_delivery,False,COMPLETED,HCMC,paid
T7954,C100851,2025-07-25 17:35:00,invest,34.88,0.02,transport,True,COMPLETED,Hanoi,organic
T1280,C100142,2025-07-25 18:18:00,savings,5.38,0.0,other,False,COMPLETED,HaiPhong,paid
T7194,C100762,2025-07-25 18:30:00,pay,59.59,0.3,fashion,True,COMPLETED,Hanoi,organic
T8355,C100893,2025-07-25 18:30:00,transfer,27.29,0.05,fashion,False,FAILED,Hanoi,organic
T8566,C100911,2025-07-25 18:40:00,savings,49.56,0.0,entertainment,True,COMPLETED,HaiPhong,organic
T8427,C100900,2025-07-25 19:45:00,pay,24.2,0.12,health,True,COMPLETED,Hanoi,paid
T4588,C100488,2025-07-25 19:52:00,savings,40.25,0.0,transport,False,COMPLETED,CanTho,organic
T7702,C100818,2025-07-25 20:01:00,pay,44.42,0.22,utilities,False,COMPLETED,Hanoi,paid
T626,C100059,2025-07-25 20:05:00,pay,57.26,0.29,education,True,COMPLETED,Hanoi,organic
T8314,C100889,2025-07-25 20:10:00,pay,40.1,0.2,education,True,COMPLETED,DaNang,organic
T5019,C100538,2025-07-25 20:57:00,transfer,17.55,0.04,electronics,False,COMPLETED,HaiPhong,organic
T7921,C100848,2025-07-26 09:18:00,bill_pay,26.88,0.08,education,False,COMPLETED,Hanoi,organic
T7761,C100821,2025-07-26 09:25:00,savings,31.27,0.0,food_delivery,False,COMPLETED,HCMC,organic
T6990,C100746,2025-07-26 09:27:00,transfer,16.96,0.03,electronics,False,COMPLETED,HaiPhong,organic
T989,C100115,2025-07-26 09:42:00,transfer,5.84,0.01,utilities,True,COMPLETED,HCMC,referral
T8562,C100911,2025-07-26 10:50:00,bill_pay,32.92,0.1,utilities,False,COMPLETED,HaiPhong,organic
T4559,C100484,2025-07-26 10:56:00,pay,25.12,0.13,other,True,COMPLETED,HCMC,referral
T7754,C100821,2025-07-26 11:14:00,savings,20.19,0.0,groceries,False,COMPLETED,HCMC,organic
T6268,C100667,2025-07-26 11:25:00,pay,15.7,0.08,other,True,COMPLETED,Hanoi,paid
T7647,C100805,2025-07-26 11:50:00,savings,15.7,0.0,other,True,COMPLETED,Hanoi,organic
T7975,C100852,2025-07-26 12:15:00,topup,9.53,0.01,other,True,COMPLETED,HCMC,campaign
T1658,C100186,2025-07-26 12:20:00,pay,41.48,0.21,groceries,False,COMPLETED,HCMC,referral
T5397,C100575,2025-07-26 12:39:00,pay,26.34,0.13,utilities,True,COMPLETED,HCMC,referral
T4382,C100460,2025-07-26 13:12:00,pay,21.01,0.11,education,True,COMPLETED,HCMC,organic
T5390,C100575,2025-07-26 14:36:00,pay,35.33,0.18,food_delivery,True,COMPLETED,HCMC,referral
T6824,C100730,2025-07-26 14:45:00,savings,78.02,0.0,entertainment,True,COMPLETED,DaNang,organic
T6214,C100660,2025-07-26 15:12:00,transfer,9.24,0.02,education,False,COMPLETED,HCMC,organic
T8183,C100875,2025-07-26 15:52:00,transfer,23.25,0.05,fashion,False,COMPLETED,CanTho,organic
T5923,C100633,2025-07-26 16:01:00,transfer,17.78,0.04,electronics,True,COMPLETED,HCMC,organic
T8286,C100886,2025-07-26 16:02:00,pay,23.47,0.12,transport,False,COMPLETED,Hanoi,campaign
T7025,C100750,2025-07-26 17:08:00,transfer,21.42,0.04,education,False,COMPLETED,HCMC,organic
T6796,C100729,2025-07-26 17:09:00,transfer,95.38,0.19,education,True,COMPLETED,Hanoi,paid
T5896,C100631,2025-07-26 17:12:00,savings,40.89,0.0,utilities,False,COMPLETED,Hanoi,campaign
T3527,C100370,2025-07-26 17:25:00,pay,39.62,0.2,groceries,False,COMPLETED,Hanoi,organic
T2973,C100312,2025-07-26 17:34:00,pay,25.49,0.13,entertainment,True,FAILED,HCMC,campaign
T5942,C100634,2025-07-26 17:35:00,savings,49.6,0.0,food_delivery,True,COMPLETED,HCMC,paid
T8639,C100920,2025-07-26 17:52:00,transfer,27.81,0.06,fashion,True,COMPLETED,HCMC,referral
T8425,C100900,2025-07-26 18:52:00,invest,17.42,0.01,transport,False,COMPLETED,Hanoi,paid
T8257,C100883,2025-07-26 18:56:00,transfer,55.98,0.11,education,False,COMPLETED,CanTho,organic
T3586,C100376,2025-07-26 19:01:00,pay,32.9,0.16,other,False,COMPLETED,HCMC,paid
T7385,C100778,2025-07-26 19:07:00,savings,184.94,0.0,education,False,COMPLETED,HaiPhong,campaign
T8190,C100877,2025-07-26 19:34:00,invest,19.71,0.01,fashion,False,COMPLETED,DaNang,organic
T5603,C100595,2025-07-26 20:13:00,bill_pay,48.22,0.14,transport,True,COMPLETED,HCMC,referral
T7050,C100751,2025-07-26 20:26:00,transfer,5.09,0.01,fashion,False,COMPLETED,HCMC,referral
T7101,C100755,2025-07-26 20:31:00,transfer,23.04,0.05,health,False,COMPLETED,DaNang,paid
T8539,C100910,2025-07-26 20:59:00,pay,56.04,0.28,electronics,True,COMPLETED,Hanoi,organic
T1890,C100209,2025-07-27 09:00:00,bill_pay,28.35,0.09,education,False,FAILED,CanTho,organic
T8097,C100867,2025-07-27 09:14:00,transfer,47.39,0.09,groceries,True,COMPLETED,HCMC,referral
T4348,C100458,2025-07-27 10:04:00,pay,120.36,0.6,education,True,COMPLETED,HCMC,referral
T6350,C100679,2025-07-27 10:05:00,transfer,34.84,0.07,education,False,COMPLETED,HCMC,referral
T8438,C100900,2025-07-27 10:24:00,pay,15.4,0.08,groceries,True,COMPLETED,Hanoi,paid
T1908,C100212,2025-07-27 10:43:00,pay,30.27,0.15,groceries,False,COMPLETED,HCMC,organic
T7970,C100852,2025-07-27 10:58:00,savings,27.87,0.0,health,False,COMPLETED,HCMC,campaign
T7374,C100775,2025-07-27 11:03:00,savings,53.08,0.0,electronics,True,COMPLETED,DaNang,organic
T8560,C100911,2025-07-27 11:40:00,topup,13.44,0.01,education,False,COMPLETED,HaiPhong,organic
T3791,C100400,2025-07-27 11:44:00,transfer,11.01,0.02,entertainment,True,COMPLETED,Hanoi,organic
T6111,C100647,2025-07-27 11:47:00,transfer,33.02,0.07,health,False,COMPLETED,CanTho,campaign
T8545,C100910,2025-07-27 11:54:00,pay,20.13,0.1,entertainment,True,COMPLETED,Hanoi,organic
T8207,C100879,2025-07-27 12:28:00,pay,9.36,0.05,health,True,COMPLETED,HCMC,organic
T6429,C100685,2025-07-27 12:55:00,bill_pay,46.16,0.14,fashion,True,COMPLETED,HCMC,organic
T6676,C100719,2025-07-27 13:09:00,transfer,27.4,0.05,groceries,False,COMPLETED,DaNang,campaign
T7604,C100802,2025-07-27 13:10:00,pay,14.24,0.07,groceries,False,COMPLETED,Hanoi,organic
T8040,C100864,2025-07-27 13:23:00,pay,139.56,0.7,education,True,COMPLETED,HCMC,organic
T8285,C100886,2025-07-27 13:56:00,transfer,52.34,0.1,education,False,COMPLETED,Hanoi,campaign
T5326,C100571,2025-07-27 14:03:00,transfer,53.37,0.11,health,False,COMPLETED,HCMC,paid
T6868,C100735,2025-07-27 14:34:00,bill_pay,36.96,0.11,utilities,True,COMPLETED,HCMC,organic
T7221,C100765,2025-07-27 14:45:00,pay,17.93,0.09,groceries,True,COMPLETED,HCMC,paid
T6658,C100718,2025-07-27 15:12:00,pay,32.73,0.16,other,False,COMPLETED,HCMC,organic
T7864,C100839,2025-07-27 15:12:00,transfer,50.07,0.1,electronics,False,COMPLETED,Hanoi,organic
T8209,C100879,2025-07-27 15:16:00,transfer,84.33,0.17,groceries,True,COMPLETED,HCMC,organic
T8283,C100886,2025-07-27 15:16:00,transfer,13.46,0.03,fashion,False,COMPLETED,Hanoi,campaign
T5222,C100556,2025-07-27 15:47:00,savings,67.05,0.0,transport,False,COMPLETED,Hanoi,paid
T4299,C100451,2025-07-27 16:08:00,pay,6.9,0.03,health,False,FAILED,Hanoi,organic
T8123,C100869,2025-07-27 16:10:00,transfer,9.32,0.02,utilities,False,COMPLETED,HCMC,referral
T987,C100115,2025-07-27 16:14:00,transfer,20.17,0.04,food_delivery,False,COMPLETED,HCMC,referral
T7704,C100818,2025-07-27 16:25:00,transfer,14.78,0.03,utilities,True,COMPLETED,Hanoi,paid
T8571,C100911,2025-07-27 16:27:00,topup,23.67,0.02,transport,False,COMPLETED,HaiPhong,organic
T8551,C100910,2025-07-27 16:30:00,pay,15.49,0.08,electronics,True,COMPLETED,Hanoi,organic
T7797,C100832,2025-07-27 16:38:00,pay,37.88,0.19,entertainment,False,COMPLETED,HCMC,referral
T7666,C100814,2025-07-27 17:06:00,invest,132.74,0.07,fashion,True,COMPLETED,Hanoi,organic
T8654,C100921,2025-07-27 17:29:00,pay,24.86,0.12,electronics,True,COMPLETED,Hanoi,referral
T7612,C100802,2025-07-27 17:33:00,bill_pay,114.64,0.34,electronics,False,COMPLETED,Hanoi,organic
T8035,C100864,2025-07-27 17:44:00,savings,46.59,0.0,groceries,False,COMPLETED,HCMC,organic
T7606,C100802,2025-07-27 17:49:00,savings,31.83,0.0,education,True,COMPLETED,Hanoi,organic
T6924,C100739,2025-07-27 17:50:00,pay,26.4,0.13,fashion,True,COMPLETED,HCMC,referral
T6742,C100725,2025-07-27 18:05:00,transfer,41.78,0.08,other,False,COMPLETED,HCMC,referral
T7403,C100780,2025-07-27 18:42:00,bill_pay,33.0,0.1,health,False,COMPLETED,Hanoi,paid
T5038,C100538,2025-07-27 18:57:00,pay,18.2,0.09,fashion,False,COMPLETED,HaiPhong,organic
T8417,C100898,2025-07-27 19:23:00,savings,33.09,0.0,food_delivery,False,COMPLETED,HCMC,organic
T289,C100034,2025-07-27 19:25:00,savings,64.29,0.0,food_delivery,True,COMPLETED,CanTho,referral
T6965,C100745,2025-07-27 20:12:00,pay,21.62,0.11,health,False,COMPLETED,HaiPhong,organic
T8113,C100869,2025-07-27 20:28:00,pay,38.08,0.19,other,False,COMPLETED,HCMC,referral
T8648,C100921,2025-07-27 20:54:00,pay,39.63,0.2,food_delivery,False,COMPLETED,Hanoi,referral
T7472,C100789,2025-07-27 20:58:00,bill_pay,34.2,0.1,utilities,False,COMPLETED,HCMC,campaign
T3418,C100360,2025-07-28 09:00:00,pay,177.31,0.89,transport,False,COMPLETED,HaiPhong,campaign
T7687,C100817,2025-07-28 09:22:00,bill_pay,103.54,0.31,food_delivery,False,COMPLETED,Hanoi,organic
T7220,C100765,2025-07-28 09:41:00,pay,98.74,0.49,other,True,COMPLETED,HCMC,paid
T7837,C100837,2025-07-28 09:48:00,pay,104.57,0.52,utilities,False,COMPLETED,HaiPhong,organic
T7179,C100761,2025-07-28 10:15:00,pay,62.73,0.31,health,False,COMPLETED,HCMC,organic
T6369,C100681,2025-07-28 10:26:00,savings,74.74,0.0,utilities,False,COMPLETED,HCMC,organic
T7945,C100849,2025-07-28 11:23:00,pay,17.37,0.09,health,True,COMPLETED,Hanoi,referral
T4023,C100420,2025-07-28 11:38:00,transfer,25.11,0.05,transport,False,COMPLETED,HCMC,organic
T6625,C100712,2025-07-28 11:44:00,transfer,34.63,0.07,transport,False,COMPLETED,CanTho,paid
T5859,C100626,2025-07-28 12:42:00,pay,32.89,0.16,electronics,False,COMPLETED,HCMC,referral
T1547,C100175,2025-07-28 12:52:00,transfer,36.98,0.07,entertainment,False,COMPLETED,HaiPhong,campaign
T8672,C100924,2025-07-28 12:58:00,transfer,21.42,0.04,health,True,COMPLETED,HCMC,paid
T7678,C100814,2025-07-28 13:11:00,pay,241.97,1.21,other,False,COMPLETED,Hanoi,organic
T8558,C100911,2025-07-28 13:28:00,bill_pay,37.99,0.11,fashion,True,COMPLETED,HaiPhong,organic
T7833,C100837,2025-07-28 13:30:00,transfer,65.41,0.13,electronics,False,COMPLETED,HaiPhong,organic
T8434,C100900,2025-07-28 13:37:00,pay,19.38,0.1,food_delivery,True,COMPLETED,Hanoi,paid
T4718,C100503,2025-07-28 13:50:00,transfer,11.26,0.02,entertainment,False,COMPLETED,Hanoi,organic
T8089,C100867,2025-07-28 13:54:00,pay,44.57,0.22,education,True,COMPLETED,HCMC,referral
T8577,C100911,2025-07-28 14:04:00,bill_pay,21.38,0.06,groceries,False,COMPLETED,HaiPhong,organic
T6939,C100743,2025-07-28 14:05:00,transfer,65.7,0.13,electronics,False,COMPLETED,HaiPhong,organic
T4366,C100460,2025-07-28 14:12:00,pay,9.51,0.05,health,False,COMPLETED,HCMC,organic
T6783,C100729,2025-07-28 14:17:00,pay,30.98,0.15,utilities,False,COMPLETED,Hanoi,paid
T8003,C100858,2025-07-28 14:51:00,pay,9.63,0.05,entertainment,False,COMPLETED,Hanoi,referral
T8587,C100912,2025-07-28 15:15:00,pay,27.76,0.14,groceries,False,COMPLETED,Hanoi,organic
T1227,C100133,2025-07-28 15:43:00,transfer,55.85,0.11,health,True,COMPLETED,Hanoi,referral
T7630,C100803,2025-07-28 15:59:00,pay,8.41,0.04,education,False,COMPLETED,Hanoi,paid
T6529,C100692,2025-07-28 16:05:00,transfer,20.63,0.04,groceries,False,COMPLETED,HCMC,paid
T8569,C100911,2025-07-28 16:07:00,transfer,14.65,0.03,electronics,True,FAILED,HaiPhong,organic
T5300,C100565,2025-07-28 16:21:00,pay,20.75,0.1,transport,False,COMPLETED,DaNang,organic
T5899,C100631,2025-07-28 16:22:00,pay,67.18,0.34,entertainment,True,COMPLETED,Hanoi,campaign
T8317,C100890,2025-07-28 17:01:00,pay,18.63,0.09,entertainment,False,COMPLETED,DaNang,organic
T1881,C100209,2025-07-28 17:33:00,pay,38.15,0.19,utilities,False,COMPLETED,CanTho,organic
T8102,C100869,2025-07-28 17:36:00,bill_pay,42.69,0.13,electronics,False,COMPLETED,HCMC,referral
T8228,C100880,2025-07-28 18:11:00,transfer,125.42,0.25,other,True,COMPLETED,CanTho,referral
T8482,C100904,2025-07-28 18:28:00,pay,24.52,0.12,groceries,False,COMPLETED,HCMC,organic
T5194,C100553,2025-07-28 18:33:00,bill_pay,123.08,0.37,groceries,True,COMPLETED,HCMC,organic
T8260,C100883,2025-07-28 18:40:00,pay,31.5,0.16,health,True,COMPLETED,CanTho,organic
T7511,C100794,2025-07-28 18:49:00,savings,53.34,0.0,fashion,False,COMPLETED,Hanoi,referral
T8233,C100880,2025-07-28 18:55:00,bill_pay,13.19,0.04,transport,False,COMPLETED,CanTho,referral
T8702,C100925,2025-07-28 19:11:00,pay,17.41,0.09,food_delivery,False,COMPLETED,CanTho,organic
T8441,C100900,2025-07-28 19:12:00,bill_pay,69.64,0.21,entertainment,False,COMPLETED,Hanoi,paid
T8402,C100898,2025-07-28 19:16:00,transfer,30.97,0.06,food_delivery,False,COMPLETED,HCMC,organic
T1722,C100196,2025-07-28 20:01:00,savings,13.84,0.0,utilities,True,COMPLETED,HCMC,organic
T7627,C100803,2025-07-28 20:26:00,transfer,27.26,0.05,health,False,COMPLETED,Hanoi,paid
T4795,C100516,2025-07-29 09:04:00,bill_pay,145.29,0.44,electronics,True,COMPLETED,Hanoi,referral
T3989,C100418,2025-07-29 09:39:00,bill_pay,15.58,0.05,electronics,False,COMPLETED,CanTho,campaign
T7186,C100762,2025-07-29 09:40:00,transfer,101.15,0.2,transport,False,COMPLETED,Hanoi,organic
T8084,C100866,2025-07-29 09:41:00,pay,45.08,0.23,entertainment,False,COMPLETED,Hanoi,paid
T7512,C100794,2025-07-29 09:42:00,pay,23.27,0.12,health,False,COMPLETED,Hanoi,referral
T7920,C100848,2025-07-29 09:42:00,pay,15.96,0.08,groceries,False,COMPLETED,Hanoi,organic
T8105,C100869,2025-07-29 10:13:00,transfer,53.96,0.11,utilities,True,COMPLETED,HCMC,referral
T5610,C100595,2025-07-29 10:23:00,pay,12.87,0.06,food_delivery,True,COMPLETED,HCMC,referral
T7696,C100818,2025-07-29 10:24:00,invest,83.27,0.04,fashion,True,COMPLETED,Hanoi,paid
T8509,C100908,2025-07-29 10:34:00,transfer,10.55,0.02,food_delivery,False,COMPLETED,HCMC,organic
T6877,C100735,2025-07-29 10:41:00,transfer,98.25,0.2,groceries,True,COMPLETED,HCMC,organic
T8452,C100902,2025-07-29 10:46:00,transfer,5.55,0.01,electronics,False,COMPLETED,CanTho,organic
T4126,C100429,2025-07-29 11:28:00,pay,18.4,0.09,food_delivery,False,COMPLETED,HaiPhong,referral
T2301,C100258,2025-07-29 11:35:00,pay,35.52,0.18,transport,True,COMPLETED,HCMC,paid
T5926,C100633,2025-07-29 11:41:00,savings,39.91,0.0,food_delivery,False,COMPLETED,HCMC,organic
T8398,C100898,2025-07-29 11:55:00,transfer,5.77,0.01,transport,False,COMPLETED,HCMC,organic
T834,C100088,2025-07-29 11:58:00,pay,26.4,0.13,groceries,True,COMPLETED,HCMC,organic
T8662,C100922,2025-07-29 12:27:00,transfer,63.13,0.13,utilities,True,COMPLETED,CanTho,paid
T2564,C100278,2025-07-29 13:24:00,pay,56.25,0.28,transport,True,COMPLETED,HCMC,paid
T7556,C100798,2025-07-29 13:36:00,pay,46.35,0.23,groceries,True,COMPLETED,HCMC,campaign
T7134,C100757,2025-07-29 13:58:00,savings,96.17,0.0,transport,True,COMPLETED,Hanoi,referral
T6921,C100739,2025-07-29 14:03:00,savings,25.3,0.0,groceries,False,COMPLETED,HCMC,referral
T2206,C100252,2025-07-29 14:30:00,savings,15.04,0.0,entertainment,True,COMPLETED,DaNang,paid
T7988,C100852,2025-07-29 14:58:00,transfer,32.55,0.07,education,True,COMPLETED,HCMC,campaign
T4930,C100527,2025-07-29 14:58:00,pay,89.19,0.45,health,False,COMPLETED,HCMC,organic
T6741,C100725,2025-07-29 14:58:00,pay,38.37,0.19,health,True,COMPLETED,HCMC,referral
T7741,C100820,2025-07-29 15:06:00,pay,56.17,0.28,fashion,False,COMPLETED,Hanoi,organic
T8261,C100886,2025-07-29 15:26:00,transfer,39.28,0.08,other,True,COMPLETED,Hanoi,campaign
T2195,C100249,2025-07-29 15:44:00,transfer,94.23,0.19,entertainment,False,COMPLETED,HCMC,organic
T8245,C100880,2025-07-29 15:48:00,pay,23.41,0.12,food_delivery,True,COMPLETED,CanTho,referral
T760,C100081,2025-07-29 15:50:00,transfer,49.56,0.1,fashion,False,COMPLETED,HCMC,organic
T7852,C100839,2025-07-29 16:23:00,bill_pay,8.1,0.02,fashion,True,COMPLETED,Hanoi,organic
T7908,C100846,2025-07-29 16:25:00,bill_pay,37.1,0.11,other,False,COMPLETED,Hanoi,organic
T7254,C100766,2025-07-29 16:26:00,savings,77.3,0.0,groceries,True,COMPLETED,HCMC,campaign
T8071,C100865,2025-07-29 16:31:00,pay,193.54,0.97,food_delivery,True,COMPLETED,DaNang,organic
T7227,C100765,2025-07-29 16:50:00,pay,47.26,0.24,health,False,COMPLETED,HCMC,paid
T2649,C100291,2025-07-29 16:51:00,transfer,32.75,0.07,transport,True,COMPLETED,HCMC,organic
T8354,C100893,2025-07-29 17:07:00,transfer,11.14,0.02,fashion,False,COMPLETED,Hanoi,organic
T8313,C100889,2025-07-29 17:54:00,transfer,39.65,0.08,electronics,True,COMPLETED,DaNang,organic
T7111,C100756,2025-07-29 17:59:00,pay,37.88,0.19,fashion,True,COMPLETED,HCMC,organic
T1941,C100218,2025-07-29 19:13:00,pay,116.7,0.58,groceries,True,COMPLETED,HCMC,referral
T7144,C100759,2025-07-29 19:26:00,pay,14.79,0.07,fashion,False,COMPLETED,HCMC,organic
T8706,C100925,2025-07-29 20:43:00,transfer,59.69,0.12,other,False,COMPLETED,CanTho,organic
T6155,C100651,2025-07-29 20:57:00,savings,12.49,0.0,groceries,False,COMPLETED,HCMC,referral
T8570,C100911,2025-07-30 09:13:00,transfer,28.79,0.06,utilities,True,COMPLETED,HaiPhong,organic
T3765,C100395,2025-07-30 09:14:00,pay,76.05,0.38,health,False,COMPLETED,Hanoi,organic
T8484,C100906,2025-07-30 09:34:00,transfer,59.38,0.12,electronics,False,COMPLETED,CanTho,organic
T7203,C100762,2025-07-30 09:57:00,savings,74.33,0.0,utilities,False,COMPLETED,Hanoi,organic
T7571,C100798,2025-07-30 10:00:00,transfer,15.45,0.03,groceries,True,COMPLETED,HCMC,campaign
T4030,C100420,2025-07-30 10:11:00,transfer,2.76,0.01,electronics,True,COMPLETED,HCMC,organic
T5952,C100635,2025-07-30 10:22:00,topup,19.85,0.02,education,True,COMPLETED,HCMC,campaign
T8748,C100932,2025-07-30 10:37:00,pay,26.96,0.13,electronics,True,COMPLETED,HCMC,organic
T7681,C100814,2025-07-30 10:54:00,transfer,100.55,0.2,food_delivery,False,COMPLETED,Hanoi,organic
T7460,C100785,2025-07-30 11:01:00,savings,25.87,0.0,food_delivery,True,COMPLETED,Hanoi,organic
T8469,C100904,2025-07-30 11:09:00,topup,18.93,0.02,fashion,False,COMPLETED,HCMC,organic
T4859,C100520,2025-07-30 11:13:00,savings,30.13,0.0,electronics,False,COMPLETED,HCMC,organic
T1261,C100138,2025-07-30 12:08:00,transfer,26.89,0.05,fashion,True,COMPLETED,Hanoi,organic
T8268,C100886,2025-07-30 12:13:00,pay,32.38,0.16,entertainment,False,COMPLETED,Hanoi,campaign
T7224,C100765,2025-07-30 12:19:00,pay,25.15,0.13,fashion,False,COMPLETED,HCMC,paid
T8431,C100900,2025-07-30 12:46:00,topup,42.54,0.04,electronics,True,COMPLETED,Hanoi,paid
T5319,C100570,2025-07-30 13:10:00,invest,138.9,0.07,transport,False,COMPLETED,Hanoi,organic
T6020,C100641,2025-07-30 14:12:00,pay,16.63,0.08,health,False,COMPLETED,CanTho,organic
T6520,C100691,2025-07-30 14:14:00,pay,47.89,0.24,other,True,COMPLETED,Hanoi,paid
T6068,C100646,2025-07-30 14:50:00,transfer,11.71,0.02,entertainment,False,COMPLETED,Hanoi,paid
T7788,C100832,2025-07-30 15:09:00,pay,55.15,0.28,other,False,COMPLETED,HCMC,referral
T7727,C100819,2025-07-30 15:27:00,pay,28.52,0.14,entertainment,False,FAILED,HCMC,campaign
T2750,C100297,2025-07-30 15:33:00,savings,18.34,0.0,other,False,COMPLETED,HCMC,referral
T7722,C100819,2025-07-30 16:00:00,transfer,27.5,0.06,transport,False,COMPLETED,HCMC,campaign
T7079,C100753,2025-07-30 16:35:00,savings,33.74,0.0,health,False,COMPLETED,Hanoi,paid
T6941,C100743,2025-07-30 16:35:00,transfer,44.03,0.09,food_delivery,True,COMPLETED,HaiPhong,organic
T8611,C100913,2025-07-30 16:37:00,transfer,125.57,0.25,fashion,False,COMPLETED,CanTho,organic
T8420,C100898,2025-07-30 16:40:00,pay,33.32,0.17,entertainment,False,COMPLETED,HCMC,organic
T985,C100115,2025-07-30 16:43:00,invest,37.28,0.02,transport,False,COMPLETED,HCMC,referral
T4548,C100484,2025-07-30 16:52:00,topup,21.46,0.02,fashion,False,COMPLETED,HCMC,referral
T8061,C100865,2025-07-30 18:10:00,transfer,17.77,0.04,entertainment,False,COMPLETED,DaNang,organic
T7399,C100780,2025-07-30 18:32:00,pay,25.63,0.13,fashion,True,COMPLETED,Hanoi,paid
T6893,C100738,2025-07-30 18:47:00,pay,18.06,0.09,utilities,True,COMPLETED,HCMC,organic
T8160,C100874,2025-07-30 18:54:00,transfer,53.25,0.11,utilities,False,COMPLETED,HCMC,paid
T8262,C100886,2025-07-30 18:55:00,topup,49.41,0.05,fashion,False,COMPLETED,Hanoi,campaign
T2000,C100223,2025-07-30 18:57:00,transfer,57.24,0.11,entertainment,True,COMPLETED,HCMC,referral
T7958,C100851,2025-07-30 19:18:00,transfer,45.58,0.09,utilities,False,COMPLETED,Hanoi,organic
T7027,C100750,2025-07-30 19:34:00,savings,10.96,0.0,education,True,COMPLETED,HCMC,organic
T8686,C100924,2025-07-30 19:55:00,bill_pay,39.9,0.12,electronics,False,COMPLETED,HCMC,paid
T7159,C100760,2025-07-30 19:59:00,pay,27.55,0.14,food_delivery,True,COMPLETED,DaNang,organic
T5604,C100595,2025-07-30 20:07:00,transfer,48.93,0.1,health,True,COMPLETED,HCMC,referral
T6482,C100688,2025-07-30 20:14:00,savings,89.19,0.0,electronics,True,COMPLETED,CanTho,organic
T6852,C100734,2025-07-30 20:21:00,pay,39.13,0.2,food_delivery,True,COMPLETED,HCMC,organic
T7345,C100774,2025-07-30 20:22:00,transfer,32.55,0.07,education,False,COMPLETED,CanTho,paid
T6916,C100739,2025-07-30 20:44:00,savings,56.1,0.0,food_delivery,True,COMPLETED,HCMC,referral
T4806,C100517,2025-07-31 09:06:00,pay,44.94,0.22,groceries,True,COMPLETED,Hanoi,organic
T5480,C100584,2025-07-31 09:13:00,pay,20.64,0.1,other,True,COMPLETED,CanTho,organic
T6137,C100650,2025-07-31 09:29:00,savings,33.87,0.0,fashion,False,COMPLETED,CanTho,referral
T8363,C100893,2025-07-31 10:07:00,pay,32.55,0.16,utilities,False,COMPLETED,Hanoi,organic
T8681,C100924,2025-07-31 10:36:00,pay,19.3,0.1,electronics,False,COMPLETED,HCMC,paid
T6601,C100707,2025-07-31 10:51:00,pay,26.88,0.13,utilities,True,COMPLETED,HCMC,paid
T8064,C100865,2025-07-31 11:23:00,transfer,67.06,0.13,groceries,False,COMPLETED,DaNang,organic
T3403,C100359,2025-07-31 11:24:00,topup,14.06,0.01,utilities,True,COMPLETED,Hanoi,organic
T8005,C100858,2025-07-31 12:02:00,transfer,21.08,0.04,food_delivery,True,COMPLETED,Hanoi,referral
T4196,C100437,2025-07-31 12:16:00,pay,74.81,0.37,utilities,False,COMPLETED,DaNang,organic
T3333,C100353,2025-07-31 12:17:00,transfer,55.14,0.11,education,False,COMPLETED,HaiPhong,paid
T7829,C100837,2025-07-31 12:29:00,pay,38.36,0.19,transport,True,COMPLETED,HaiPhong,organic
T7235,C100765,2025-07-31 12:36:00,transfer,15.5,0.03,food_delivery,False,COMPLETED,HCMC,paid
T7804,C100834,2025-07-31 12:40:00,pay,47.77,0.24,other,True,COMPLETED,Hanoi,organic
T2414,C100268,2025-07-31 12:43:00,pay,22.46,0.11,utilities,False,COMPLETED,Hanoi,referral
T8461,C100904,2025-07-31 12:50:00,bill_pay,43.68,0.13,electronics,False,COMPLETED,HCMC,organic
T3181,C100337,2025-07-31 13:21:00,invest,57.39,0.03,education,False,COMPLETED,CanTho,referral
T8508,C100908,2025-07-31 13:30:00,pay,30.02,0.15,transport,False,COMPLETED,HCMC,organic
T2771,C100298,2025-07-31 13:36:00,pay,10.41,0.05,food_delivery,True,COMPLETED,DaNang,organic
T8744,C100932,2025-07-31 13:46:00,bill_pay,13.24,0.04,utilities,False,COMPLETED,HCMC,organic
T8302,C100887,2025-07-31 14:20:00,savings,22.99,0.0,education,True,COMPLETED,Hanoi,organic
T4937,C100527,2025-07-31 14:59:00,invest,57.16,0.03,transport,True,COMPLETED,HCMC,organic
T8579,C100912,2025-07-31 14:59:00,topup,43.38,0.04,fashion,True,COMPLETED,Hanoi,organic
T8517,C100908,2025-07-31 15:40:00,transfer,28.89,0.06,health,True,COMPLETED,HCMC,organic
T3690,C100389,2025-07-31 16:11:00,invest,9.33,0.0,education,False,COMPLETED,Hanoi,referral
T8653,C100921,2025-07-31 16:23:00,transfer,106.61,0.21,entertainment,True,COMPLETED,Hanoi,referral
T6614,C100707,2025-07-31 16:29:00,pay,26.77,0.13,other,False,COMPLETED,HCMC,paid
T8463,C100904,2025-07-31 16:30:00,pay,56.33,0.28,health,False,COMPLETED,HCMC,organic
T7418,C100782,2025-07-31 16:51:00,transfer,50.42,0.1,transport,False,COMPLETED,HCMC,organic
T6270,C100667,2025-07-31 17:29:00,pay,29.77,0.15,food_delivery,False,COMPLETED,Hanoi,paid
T8410,C100898,2025-07-31 17:35:00,bill_pay,26.91,0.08,health,True,COMPLETED,HCMC,organic
T7055,C100751,2025-07-31 17:56:00,transfer,21.69,0.04,other,False,COMPLETED,HCMC,referral
T8619,C100913,2025-07-31 17:59:00,savings,80.06,0.0,entertainment,True,COMPLETED,CanTho,organic
T7069,C100753,2025-07-31 18:40:00,savings,72.1,0.0,groceries,False,FAILED,Hanoi,paid
T7142,C100759,2025-07-31 18:45:00,transfer,24.12,0.05,other,True,COMPLETED,HCMC,organic
T8493,C100906,2025-07-31 19:04:00,pay,14.72,0.07,entertainment,True,COMPLETED,CanTho,organic
T7711,C100818,2025-07-31 19:19:00,transfer,43.56,0.09,food_delivery,True,COMPLETED,Hanoi,paid
T8034,C100864,2025-07-31 19:35:00,savings,19.99,0.0,transport,True,COMPLETED,HCMC,organic
T7886,C100841,2025-07-31 19:42:00,pay,62.26,0.31,health,False,COMPLETED,HCMC,organic
T8679,C100924,2025-07-31 19:43:00,pay,38.83,0.19,utilities,True,COMPLETED,HCMC,paid
T6483,C100688,2025-07-31 20:04:00,pay,57.9,0.29,food_delivery,False,COMPLETED,CanTho,organic
T8588,C100912,2025-07-31 20:13:00,transfer,37.69,0.08,utilities,True,COMPLETED,Hanoi,organic
T4359,C100459,2025-07-31 20:30:00,transfer,26.5,0.05,fashion,False,COMPLETED,Hanoi,campaign
T7498,C100792,2025-07-31 20:49:00,transfer,30.47,0.06,education,False,COMPLETED,Hanoi,paid
T7504,C100793,2025-08-01 09:02:00,pay,22.85,0.11,groceries,True,COMPLETED,Hanoi,paid
T5348,C100571,2025-08-01 09:07:00,pay,13.34,0.07,entertainment,False,COMPLETED,HCMC,paid
T7995,C100858,2025-08-01 09:20:00,transfer,25.63,0.05,entertainment,True,COMPLETED,Hanoi,referral
T5265,C100563,2025-08-01 09:41:00,savings,38.38,0.0,electronics,False,COMPLETED,HCMC,referral
T8676,C100924,2025-08-01 09:43:00,pay,15.37,0.08,food_delivery,False,COMPLETED,HCMC,paid
T7940,C100849,2025-08-01 09:56:00,pay,86.54,0.43,electronics,True,COMPLETED,Hanoi,referral
T8140,C100874,2025-08-01 10:02:00,transfer,34.01,0.07,electronics,False,COMPLETED,HCMC,paid
T2787,C100298,2025-08-01 10:15:00,pay,76.94,0.38,fashion,False,COMPLETED,DaNang,organic
T8231,C100880,2025-08-01 10:17:00,transfer,28.13,0.06,entertainment,False,COMPLETED,CanTho,referral
T6118,C100649,2025-08-01 10:44:00,transfer,47.38,0.09,groceries,True,COMPLETED,HCMC,organic
T4861,C100520,2025-08-01 10:53:00,bill_pay,31.45,0.09,education,True,COMPLETED,HCMC,organic
T1092,C100121,2025-08-01 11:03:00,savings,24.07,0.0,fashion,False,COMPLETED,HCMC,organic
T7168,C100760,2025-08-01 11:54:00,pay,10.61,0.05,health,True,COMPLETED,DaNang,organic
T139,C100022,2025-08-01 12:05:00,savings,67.19,0.0,electronics,False,COMPLETED,HCMC,organic
T6461,C100687,2025-08-01 12:22:00,pay,97.93,0.49,transport,False,COMPLETED,Hanoi,campaign
T7018,C100749,2025-08-01 12:25:00,transfer,54.45,0.11,fashion,True,COMPLETED,HCMC,paid
T8583,C100912,2025-08-01 12:43:00,invest,50.24,0.03,entertainment,False,COMPLETED,Hanoi,organic
T6623,C100712,2025-08-01 12:52:00,pay,29.31,0.15,electronics,True,COMPLETED,CanTho,paid
T8143,C100874,2025-08-01 13:54:00,savings,9.62,0.0,fashion,True,COMPLETED,HCMC,paid
T4908,C100526,2025-08-01 14:10:00,invest,29.67,0.01,other,True,COMPLETED,HCMC,paid
T7673,C100814,2025-08-01 14:14:00,pay,18.01,0.09,fashion,True,COMPLETED,Hanoi,organic
T8447,C100900,2025-08-01 14:31:00,pay,181.86,0.91,fashion,False,COMPLETED,Hanoi,paid
T1618,C100180,2025-08-01 14:50:00,topup,69.8,0.07,education,False,COMPLETED,HCMC,paid
T1709,C100195,2025-08-01 14:52:00,invest,41.56,0.02,groceries,True,COMPLETED,Hanoi,referral
T7324,C100771,2025-08-01 14:54:00,bill_pay,42.58,0.13,food_delivery,False,COMPLETED,DaNang,paid
T6774,C100728,2025-08-01 15:00:00,invest,139.75,0.07,entertainment,False,COMPLETED,HaiPhong,paid
T8135,C100872,2025-08-01 16:14:00,savings,89.98,0.0,other,True,FAILED,HCMC,organic
T7185,C100762,2025-08-01 16:58:00,transfer,15.69,0.03,electronics,False,COMPLETED,Hanoi,organic
T1187,C100131,2025-08-01 16:59:00,bill_pay,21.43,0.06,utilities,False,COMPLETED,HCMC,paid
T3161,C100334,2025-08-01 17:28:00,pay,28.97,0.14,transport,True,COMPLETED,HCMC,organic
T7928,C100848,2025-08-01 17:30:00,pay,52.37,0.26,electronics,True,COMPLETED,Hanoi,organic
T7120,C100756,2025-08-01 17:38:00,savings,10.33,0.0,utilities,False,COMPLETED,HCMC,organic
T7714,C100818,2025-08-01 18:08:00,pay,72.33,0.36,fashion,False,COMPLETED,Hanoi,paid
T5273,C100563,2025-08-01 18:14:00,transfer,48.83,0.1,groceries,False,COMPLETED,HCMC,referral
T2281,C100257,2025-08-01 18:24:00,transfer,11.92,0.02,food_delivery,False,COMPLETED,DaNang,paid
T4317,C100452,2025-08-01 18:41:00,transfer,63.98,0.13,electronics,True,FAILED,Hanoi,organic
T7177,C100761,2025-08-01 19:04:00,bill_pay,10.78,0.03,food_delivery,False,COMPLETED,HCMC,organic
T5085,C100544,2025-08-01 19:29:00,pay,77.55,0.39,electronics,True,COMPLETED,DaNang,referral
T8329,C100890,2025-08-01 19:29:00,savings,52.85,0.0,utilities,False,COMPLETED,DaNang,organic
T4521,C100481,2025-08-01 20:29:00,transfer,30.78,0.06,food_delivery,True,COMPLETED,Hanoi,organic
T7986,C100852,2025-08-01 20:34:00,pay,27.61,0.14,fashion,True,COMPLETED,HCMC,campaign
T8754,C100932,2025-08-01 20:35:00,savings,43.16,0.0,entertainment,False,COMPLETED,HCMC,organic
T2594,C100280,2025-08-01 20:36:00,transfer,44.61,0.09,groceries,False,COMPLETED,Hanoi,organic
T2533,C100275,2025-08-02 09:08:00,bill_pay,13.1,0.04,health,True,COMPLETED,Hanoi,paid
T7376,C100777,2025-08-02 09:25:00,transfer,16.18,0.03,transport,False,COMPLETED,Hanoi,paid
T2318,C100261,2025-08-02 09:31:00,pay,26.48,0.13,education,False,COMPLETED,HCMC,organic
T5625,C100601,2025-08-02 09:36:00,transfer,14.37,0.03,electronics,True,COMPLETED,Hanoi,organic
T6454,C100686,2025-08-02 09:36:00,pay,61.94,0.31,other,True,COMPLETED,CanTho,organic
T7605,C100802,2025-08-02 10:00:00,bill_pay,21.75,0.07,transport,False,COMPLETED,Hanoi,organic
T136,C100022,2025-08-02 10:03:00,pay,61.96,0.31,other,False,COMPLETED,HCMC,organic
T8511,C100908,2025-08-02 10:19:00,pay,18.67,0.09,fashion,False,COMPLETED,HCMC,organic
T2276,C100257,2025-08-02 10:44:00,pay,11.02,0.06,electronics,True,COMPLETED,DaNang,paid
T8319,C100890,2025-08-02 11:30:00,savings,62.26,0.0,fashion,False,COMPLETED,DaNang,organic
T8531,C100909,2025-08-02 11:34:00,bill_pay,50.67,0.15,entertainment,True,COMPLETED,DaNang,organic
T5800,C100620,2025-08-02 11:42:00,savings,16.01,0.0,entertainment,False,COMPLETED,HCMC,organic
T8133,C100872,2025-08-02 11:44:00,bill_pay,34.29,0.1,health,False,COMPLETED,HCMC,organic
T8050,C100864,2025-08-02 11:51:00,transfer,19.52,0.04,education,False,COMPLETED,HCMC,organic
T6967,C100745,2025-08-02 11:51:00,bill_pay,53.77,0.16,electronics,True,COMPLETED,HaiPhong,organic
T6159,C100651,2025-08-02 11:57:00,bill_pay,18.6,0.06,fashion,True,COMPLETED,HCMC,referral
T1669,C100190,2025-08-02 12:03:00,pay,40.6,0.2,fashion,False,COMPLETED,CanTho,referral
T8638,C100920,2025-08-02 12:21:00,savings,25.07,0.0,electronics,False,COMPLETED,HCMC,referral
T8437,C100900,2025-08-02 12:31:00,transfer,29.18,0.06,groceries,False,COMPLETED,Hanoi,paid
T8031,C100864,2025-08-02 12:33:00,pay,15.22,0.08,utilities,False,COMPLETED,HCMC,organic
T7635,C100803,2025-08-02 13:08:00,savings,13.73,0.0,other,False,COMPLETED,Hanoi,paid
T6219,C100660,2025-08-02 13:19:00,transfer,109.9,0.22,groceries,True,FAILED,HCMC,organic
T8446,C100900,2025-08-02 13:32:00,pay,19.3,0.1,other,False,COMPLETED,Hanoi,paid
T6089,C100646,2025-08-02 13:46:00,invest,64.43,0.03,fashion,False,COMPLETED,Hanoi,paid
T4568,C100485,2025-08-02 14:32:00,transfer,13.21,0.03,transport,False,COMPLETED,HCMC,organic
T7624,C100803,2025-08-02 14:44:00,topup,18.44,0.02,entertainment,False,COMPLETED,Hanoi,paid
T1182,C100131,2025-08-02 15:02:00,pay,28.68,0.14,food_delivery,True,COMPLETED,HCMC,paid
T5958,C100635,2025-08-02 15:03:00,savings,51.73,0.0,health,False,COMPLETED,HCMC,campaign
T6175,C100657,2025-08-02 15:37:00,pay,20.37,0.1,groceries,True,COMPLETED,Hanoi,paid
T8026,C100859,2025-08-02 15:50:00,topup,54.82,0.05,education,True,COMPLETED,HaiPhong,paid
T5301,C100565,2025-08-02 16:04:00,topup,16.36,0.02,fashion,False,COMPLETED,DaNang,organic
T4903,C100526,2025-08-02 16:08:00,savings,18.55,0.0,entertainment,True,COMPLETED,HCMC,paid
T8444,C100900,2025-08-02 16:32:00,savings,13.92,0.0,electronics,True,COMPLETED,Hanoi,paid
T2466,C100271,2025-08-02 16:35:00,bill_pay,32.89,0.1,education,True,COMPLETED,HCMC,paid
T8721,C100927,2025-08-02 16:41:00,savings,25.38,0.0,transport,False,COMPLETED,HCMC,paid
T11,C100003,2025-08-02 16:51:00,invest,23.12,0.01,health,False,COMPLETED,Hanoi,organic
T8641,C100921,2025-08-02 16:51:00,pay,64.72,0.32,health,False,COMPLETED,Hanoi,referral
T8340,C100892,2025-08-02 17:29:00,bill_pay,32.99,0.1,transport,False,COMPLETED,Hanoi,organic
T8288,C100887,2025-08-02 17:59:00,transfer,18.54,0.04,education,False,COMPLETED,Hanoi,organic
T407,C100042,2025-08-02 18:04:00,pay,35.27,0.18,groceries,False,COMPLETED,HCMC,organic
T8274,C100886,2025-08-02 18:24:00,bill_pay,18.7,0.06,education,False,COMPLETED,Hanoi,campaign
T8078,C100866,2025-08-02 19:22:00,transfer,81.51,0.16,other,False,COMPLETED,Hanoi,paid
T8739,C100932,2025-08-02 19:33:00,transfer,47.26,0.09,food_delivery,False,COMPLETED,HCMC,organic
T7978,C100852,2025-08-02 19:41:00,invest,4.56,0.0,health,True,COMPLETED,HCMC,campaign
T7453,C100785,2025-08-02 20:03:00,pay,15.54,0.08,electronics,False,COMPLETED,Hanoi,organic
T6912,C100739,2025-08-02 20:29:00,pay,38.99,0.19,electronics,False,COMPLETED,HCMC,referral
T8467,C100904,2025-08-02 20:33:00,transfer,20.55,0.04,utilities,False,COMPLETED,HCMC,organic
T7989,C100852,2025-08-02 20:44:00,transfer,16.89,0.03,fashion,True,COMPLETED,HCMC,campaign
T8535,C100910,2025-08-02 20:46:00,topup,8.52,0.01,entertainment,True,COMPLETED,Hanoi,organic
T2435,C100269,2025-08-02 20:47:00,transfer,34.26,0.07,utilities,False,COMPLETED,Hanoi,organic
T7656,C100813,2025-08-02 20:53:00,pay,172.2,0.86,food_delivery,False,COMPLETED,HCMC,paid
T7246,C100766,2025-08-02 20:54:00,pay,40.26,0.2,education,False,COMPLETED,HCMC,campaign
T8724,C100928,2025-08-03 09:25:00,pay,19.86,0.1,education,False,COMPLETED,Hanoi,referral
T5976,C100636,2025-08-03 09:25:00,pay,18.87,0.09,other,True,COMPLETED,DaNang,referral
T3845,C100404,2025-08-03 09:28:00,transfer,11.69,0.02,education,False,COMPLETED,HCMC,organic
T5007,C100535,2025-08-03 10:12:00,pay,50.98,0.25,transport,False,COMPLETED,HCMC,organic
T8216,C100879,2025-08-03 10:13:00,savings,77.97,0.0,groceries,False,COMPLETED,HCMC,organic
T2803,C100299,2025-08-03 10:14:00,pay,67.84,0.34,food_delivery,False,COMPLETED,HCMC,organic
T5253,C100559,2025-08-03 10:53:00,topup,17.99,0.02,electronics,False,COMPLETED,HCMC,referral
T6018,C100637,2025-08-03 11:20:00,pay,143.03,0.72,food_delivery,False,COMPLETED,Hanoi,organic
T4394,C100460,2025-08-03 11:23:00,pay,35.88,0.18,health,False,COMPLETED,HCMC,organic
T7237,C100766,2025-08-03 11:34:00,pay,24.38,0.12,other,False,COMPLETED,HCMC,campaign
T8348,C100892,2025-08-03 12:02:00,pay,14.56,0.07,other,True,COMPLETED,Hanoi,organic
T8382,C100896,2025-08-03 12:04:00,topup,14.74,0.01,other,True,COMPLETED,DaNang,paid
T7953,C100851,2025-08-03 12:31:00,transfer,47.14,0.09,entertainment,False,COMPLETED,Hanoi,organic
T4500,C100478,2025-08-03 12:35:00,bill_pay,56.58,0.17,utilities,False,COMPLETED,HCMC,organic
T3595,C100376,2025-08-03 12:52:00,transfer,32.86,0.07,groceries,False,COMPLETED,HCMC,paid
T4801,C100517,2025-08-03 13:10:00,pay,24.36,0.12,education,False,COMPLETED,Hanoi,organic
T7680,C100814,2025-08-03 13:15:00,bill_pay,30.93,0.09,groceries,False,COMPLETED,Hanoi,organic
T397,C100042,2025-08-03 13:24:00,pay,18.31,0.09,other,False,COMPLETED,HCMC,organic
T2653,C100291,2025-08-03 13:27:00,pay,15.36,0.08,health,False,COMPLETED,HCMC,organic
T7048,C100751,2025-08-03 13:40:00,pay,59.65,0.3,entertainment,True,COMPLETED,HCMC,referral
T7584,C100799,2025-08-03 13:43:00,savings,15.53,0.0,food_delivery,True,COMPLETED,HCMC,organic
T7657,C100813,2025-08-03 13:48:00,pay,17.62,0.09,education,False,COMPLETED,HCMC,paid
T8292,C100887,2025-08-03 14:15:00,transfer,45.89,0.09,groceries,False,COMPLETED,Hanoi,organic
T7597,C100802,2025-08-03 14:21:00,pay,35.34,0.18,food_delivery,False,COMPLETED,Hanoi,organic
T3235,C100341,2025-08-03 14:28:00,pay,42.48,0.21,electronics,True,COMPLETED,Hanoi,organic
T8389,C100897,2025-08-03 14:40:00,transfer,61.59,0.12,transport,True,COMPLETED,HCMC,organic
T8032,C100864,2025-08-03 15:00:00,transfer,127.63,0.26,education,False,COMPLETED,HCMC,organic
T8657,C100922,2025-08-03 15:10:00,pay,77.55,0.39,transport,False,COMPLETED,CanTho,paid
T6258,C100666,2025-08-03 15:24:00,pay,24.56,0.12,utilities,False,COMPLETED,Hanoi,paid
T7094,C100755,2025-08-03 15:40:00,savings,90.28,0.0,groceries,False,COMPLETED,DaNang,paid
T7679,C100814,2025-08-03 15:52:00,pay,20.71,0.1,groceries,False,COMPLETED,Hanoi,organic
T5206,C100553,2025-08-03 16:38:00,pay,40.44,0.2,other,False,COMPLETED,HCMC,organic
T5838,C100623,2025-08-03 16:55:00,pay,91.68,0.46,groceries,False,COMPLETED,HCMC,paid
T8763,C100933,2025-08-03 17:07:00,pay,23.09,0.12,utilities,True,COMPLETED,HaiPhong,organic
T4677,C100500,2025-08-03 17:16:00,savings,77.39,0.0,education,False,COMPLETED,HCMC,campaign
T8101,C100869,2025-08-03 17:22:00,transfer,21.85,0.04,other,True,COMPLETED,HCMC,referral
T5967,C100635,2025-08-03 17:41:00,savings,53.13,0.0,education,False,COMPLETED,HCMC,campaign
T8621,C100914,2025-08-03 17:49:00,transfer,9.68,0.02,transport,False,COMPLETED,Hanoi,organic
T5702,C100604,2025-08-03 18:55:00,pay,51.36,0.26,food_delivery,False,COMPLETED,DaNang,organic
T7016,C100749,2025-08-03 19:24:00,pay,55.59,0.28,electronics,False,COMPLETED,HCMC,paid
T8027,C100859,2025-08-03 20:01:00,transfer,29.28,0.06,entertainment,False,COMPLETED,HaiPhong,paid
T8740,C100932,2025-08-03 20:12:00,pay,76.87,0.38,electronics,True,COMPLETED,HCMC,organic
T5285,C100565,2025-08-03 20:13:00,transfer,75.61,0.15,groceries,False,COMPLETED,DaNang,organic
T4471,C100477,2025-08-03 20:25:00,transfer,23.01,0.05,utilities,False,COMPLETED,CanTho,paid
T8366,C100893,2025-08-03 20:30:00,invest,27.56,0.01,electronics,True,COMPLETED,Hanoi,organic
T7659,C100813,2025-08-03 20:48:00,pay,71.17,0.36,entertainment,True,COMPLETED,HCMC,paid
T8497,C100906,2025-08-04 09:21:00,bill_pay,117.25,0.35,utilities,True,COMPLETED,CanTho,organic
T8325,C100890,2025-08-04 09:38:00,topup,56.24,0.06,electronics,False,COMPLETED,DaNang,organic
T5768,C100616,2025-08-04 09:45:00,transfer,26.5,0.05,entertainment,True,COMPLETED,DaNang,campaign
T8669,C100923,2025-08-04 09:53:00,transfer,39.21,0.08,electronics,False,COMPLETED,HCMC,referral
T8413,C100898,2025-08-04 10:06:00,bill_pay,56.18,0.17,education,False,COMPLETED,HCMC,organic
T7540,C100797,2025-08-04 10:47:00,bill_pay,29.12,0.09,groceries,False,COMPLETED,DaNang,organic
T8092,C100867,2025-08-04 10:47:00,savings,20.91,0.0,education,False,COMPLETED,HCMC,referral
T7690,C100817,2025-08-04 10:50:00,transfer,24.1,0.05,entertainment,True,COMPLETED,Hanoi,organic
T8246,C100880,2025-08-04 11:07:00,savings,47.89,0.0,transport,True,COMPLETED,CanTho,referral
T6711,C100723,2025-08-04 11:08:00,transfer,10.8,0.02,food_delivery,False,COMPLETED,HCMC,referral
T8737,C100932,2025-08-04 11:36:00,savings,12.16,0.0,fashion,False,FAILED,HCMC,organic
T8141,C100874,2025-08-04 11:53:00,pay,19.17,0.1,utilities,True,COMPLETED,HCMC,paid
T8553,C100911,2025-08-04 11:54:00,transfer,9.04,0.02,entertainment,True,COMPLETED,HaiPhong,organic
T3422,C100360,2025-08-04 11:56:00,transfer,23.8,0.05,electronics,True,COMPLETED,HaiPhong,campaign
T8496,C100906,2025-08-04 12:04:00,transfer,48.63,0.1,utilities,True,COMPLETED,CanTho,organic
T8041,C100864,2025-08-04 12:25:00,transfer,15.56,0.03,other,False,COMPLETED,HCMC,organic
T6070,C100646,2025-08-04 12:30:00,savings,14.9,0.0,fashion,True,COMPLETED,Hanoi,paid
T7521,C100796,2025-08-04 12:32:00,transfer,112.77,0.23,transport,False,COMPLETED,DaNang,organic
T7686,C100816,2025-08-04 13:40:00,transfer,91.72,0.18,utilities,False,COMPLETED,Hanoi,organic
T6904,C100738,2025-08-04 14:12:00,savings,20.58,0.0,other,True,COMPLETED,HCMC,organic
T2747,C100297,2025-08-04 14:15:00,pay,50.88,0.25,other,False,COMPLETED,HCMC,referral
T8595,C100912,2025-08-04 14:17:00,transfer,18.01,0.04,other,True,COMPLETED,Hanoi,organic
T3268,C100343,2025-08-04 14:24:00,bill_pay,30.39,0.09,electronics,True,COMPLETED,Hanoi,campaign
T5681,C100603,2025-08-04 14:42:00,transfer,28.64,0.06,electronics,True,COMPLETED,HCMC,organic
T8000,C100858,2025-08-04 14:54:00,transfer,12.6,0.03,electronics,False,COMPLETED,Hanoi,referral
T5872,C100626,2025-08-04 15:07:00,transfer,40.28,0.08,entertainment,False,COMPLETED,HCMC,referral
T8666,C100922,2025-08-04 15:34:00,transfer,104.35,0.21,other,True,COMPLETED,CanTho,paid
T118,C100020,2025-08-04 15:36:00,pay,29.0,0.14,education,False,COMPLETED,CanTho,paid
T3898,C100408,2025-08-04 15:48:00,transfer,11.84,0.02,education,True,COMPLETED,HaiPhong,organic
T7752,C100821,2025-08-04 16:08:00,pay,35.13,0.18,electronics,True,COMPLETED,HCMC,organic
T8421,C100898,2025-08-04 16:11:00,savings,46.35,0.0,entertainment,True,COMPLETED,HCMC,organic
T6305,C100672,2025-08-04 16:30:00,transfer,22.62,0.05,entertainment,True,COMPLETED,CanTho,paid
T4447,C100475,2025-08-04 16:37:00,transfer,33.29,0.07,groceries,False,COMPLETED,HCMC,paid
T1435,C100166,2025-08-04 16:37:00,pay,53.88,0.27,transport,True,COMPLETED,HCMC,referral
T8386,C100897,2025-08-04 16:46:00,transfer,85.6,0.17,fashion,True,COMPLETED,HCMC,organic
T4509,C100481,2025-08-04 16:46:00,savings,10.78,0.0,education,False,COMPLETED,Hanoi,organic
T8217,C100879,2025-08-04 17:03:00,transfer,18.24,0.04,fashion,True,COMPLETED,HCMC,organic
T8590,C100912,2025-08-04 17:09:00,pay,96.51,0.48,electronics,False,COMPLETED,Hanoi,organic
T3342,C100354,2025-08-04 17:17:00,invest,85.73,0.04,utilities,False,COMPLETED,HCMC,paid
T8537,C100910,2025-08-04 17:21:00,pay,10.12,0.05,fashion,False,COMPLETED,Hanoi,organic
T7615,C100803,2025-08-04 17:23:00,transfer,15.67,0.03,entertainment,False,COMPLETED,Hanoi,paid
T5808,C100622,2025-08-04 17:23:00,pay,33.71,0.17,utilities,True,COMPLETED,HCMC,paid
T7262,C100766,2025-08-04 17:30:00,bill_pay,48.53,0.15,entertainment,False,COMPLETED,HCMC,campaign
T8738,C100932,2025-08-04 17:31:00,transfer,46.47,0.09,food_delivery,False,COMPLETED,HCMC,organic
T7933,C100849,2025-08-04 17:44:00,savings,19.88,0.0,transport,False,COMPLETED,Hanoi,referral
T6902,C100738,2025-08-04 17:45:00,bill_pay,23.96,0.07,health,False,COMPLETED,HCMC,organic
T7407,C100782,2025-08-04 18:02:00,savings,12.27,0.0,health,True,COMPLETED,HCMC,organic
T8572,C100911,2025-08-04 18:15:00,bill_pay,31.13,0.09,entertainment,True,FAILED,HaiPhong,organic
T4768,C100512,2025-08-04 18:25:00,topup,15.41,0.02,electronics,False,COMPLETED,HCMC,campaign
T8549,C100910,2025-08-04 18:36:00,savings,17.5,0.0,electronics,True,COMPLETED,Hanoi,organic
T7190,C100762,2025-08-04 18:43:00,bill_pay,16.53,0.05,other,True,COMPLETED,Hanoi,organic
T6099,C100647,2025-08-04 18:50:00,bill_pay,84.24,0.25,other,False,COMPLETED,CanTho,campaign
T6001,C100637,2025-08-04 18:54:00,invest,42.76,0.02,entertainment,True,COMPLETED,Hanoi,organic
T7891,C100841,2025-08-04 18:56:00,transfer,7.11,0.01,health,False,COMPLETED,HCMC,organic
T7123,C100756,2025-08-04 19:26:00,transfer,10.21,0.02,entertainment,True,COMPLETED,HCMC,organic
T3668,C100388,2025-08-04 19:53:00,pay,11.61,0.06,health,False,COMPLETED,HCMC,referral
T3907,C100408,2025-08-04 20:03:00,pay,12.31,0.06,entertainment,True,COMPLETED,HaiPhong,organic
T2718,C100295,2025-08-04 20:31:00,pay,18.66,0.09,education,False,COMPLETED,HCMC,paid
T8241,C100880,2025-08-05 09:05:00,transfer,17.44,0.03,groceries,False,FAILED,CanTho,referral
T2485,C100271,2025-08-05 09:10:00,transfer,56.85,0.11,utilities,True,COMPLETED,HCMC,paid
T4150,C100435,2025-08-05 09:20:00,transfer,21.68,0.04,other,True,COMPLETED,Hanoi,paid
T8048,C100864,2025-08-05 09:36:00,pay,51.82,0.26,food_delivery,False,COMPLETED,HCMC,organic
T4730,C100505,2025-08-05 09:37:00,bill_pay,21.03,0.06,transport,False,COMPLETED,HCMC,organic
T5158,C100550,2025-08-05 09:57:00,pay,36.15,0.18,food_delivery,True,COMPLETED,HCMC,paid
T8797,C100937,2025-08-05 10:01:00,transfer,47.63,0.1,electronics,False,COMPLETED,HCMC,organic
T6082,C100646,2025-08-05 10:10:00,pay,50.17,0.25,health,True,COMPLETED,Hanoi,paid
T2993,C100313,2025-08-05 11:10:00,invest,10.12,0.01,fashion,False,COMPLETED,DaNang,organic
T6426,C100685,2025-08-05 11:27:00,pay,16.21,0.08,utilities,False,COMPLETED,HCMC,organic
T7173,C100761,2025-08-05 11:27:00,transfer,15.5,0.03,fashion,True,COMPLETED,HCMC,organic
T7355,C100775,2025-08-05 11:43:00,savings,24.5,0.0,groceries,False,COMPLETED,DaNang,organic
T7475,C100789,2025-08-05 12:33:00,transfer,27.5,0.06,groceries,True,COMPLETED,HCMC,campaign
T6518,C100691,2025-08-05 12:36:00,pay,22.05,0.11,groceries,True,COMPLETED,Hanoi,paid
T5731,C100608,2025-08-05 12:48:00,pay,21.31,0.11,education,True,COMPLETED,Hanoi,paid
T5906,C100631,2025-08-05 12:50:00,transfer,18.2,0.04,utilities,True,COMPLETED,Hanoi,campaign
T5392,C100575,2025-08-05 13:10:00,bill_pay,28.45,0.09,electronics,False,COMPLETED,HCMC,referral
T8714,C100926,2025-08-05 13:16:00,pay,33.43,0.17,transport,True,COMPLETED,HCMC,paid
T8474,C100904,2025-08-05 13:27:00,bill_pay,61.09,0.18,electronics,True,COMPLETED,HCMC,organic
T8247,C100881,2025-08-05 13:28:00,transfer,8.98,0.02,other,True,COMPLETED,Hanoi,paid
T6474,C100687,2025-08-05 13:35:00,pay,18.52,0.09,fashion,False,COMPLETED,Hanoi,campaign
T2752,C100297,2025-08-05 13:54:00,pay,32.58,0.16,fashion,False,COMPLETED,HCMC,referral
T8697,C100924,2025-08-05 14:00:00,pay,45.58,0.23,groceries,True,COMPLETED,HCMC,paid
T8756,C100932,2025-08-05 14:09:00,bill_pay,37.01,0.11,groceries,False,COMPLETED,HCMC,organic
T8046,C100864,2025-08-05 14:34:00,transfer,55.09,0.11,transport,False,COMPLETED,HCMC,organic
T7509,C100793,2025-08-05 14:46:00,pay,60.01,0.3,health,False,COMPLETED,Hanoi,paid
T6750,C100726,2025-08-05 14:50:00,bill_pay,110.14,0.33,other,False,COMPLETED,Hanoi,organic
T4570,C100486,2025-08-05 14:59:00,transfer,69.02,0.14,utilities,True,COMPLETED,HCMC,paid
T7373,C100775,2025-08-05 15:56:00,pay,65.24,0.33,fashion,False,COMPLETED,DaNang,organic
T6909,C100739,2025-08-05 16:01:00,pay,28.25,0.14,food_delivery,False,COMPLETED,HCMC,referral
T5407,C100576,2025-08-05 16:03:00,transfer,18.59,0.04,transport,True,COMPLETED,HCMC,referral
T5904,C100631,2025-08-05 16:16:00,pay,22.84,0.11,utilities,False,COMPLETED,Hanoi,campaign
T8745,C100932,2025-08-05 16:23:00,pay,149.59,0.75,electronics,True,COMPLETED,HCMC,organic
T8522,C100909,2025-08-05 16:34:00,pay,30.54,0.15,education,True,FAILED,DaNang,organic
T6745,C100726,2025-08-05 16:48:00,pay,46.11,0.23,groceries,True,COMPLETED,Hanoi,organic
T2263,C100257,2025-08-05 17:02:00,transfer,27.4,0.05,food_delivery,True,COMPLETED,DaNang,paid
T4586,C100488,2025-08-05 17:09:00,pay,10.95,0.05,entertainment,False,COMPLETED,CanTho,organic
T7974,C100852,2025-08-05 18:05:00,pay,34.35,0.17,groceries,True,COMPLETED,HCMC,campaign
T612,C100058,2025-08-05 18:21:00,pay,47.51,0.24,health,True,COMPLETED,Hanoi,referral
T4902,C100526,2025-08-05 18:46:00,transfer,138.18,0.28,food_delivery,False,COMPLETED,HCMC,paid
T8010,C100858,2025-08-05 18:48:00,savings,16.3,0.0,transport,False,COMPLETED,Hanoi,referral
T7515,C100796,2025-08-05 19:12:00,savings,64.85,0.0,utilities,False,COMPLETED,DaNang,organic
T1535,C100173,2025-08-05 19:29:00,pay,22.86,0.11,groceries,False,COMPLETED,HCMC,organic
T2140,C100244,2025-08-05 19:52:00,transfer,104.26,0.21,health,False,COMPLETED,Hanoi,referral
T7725,C100819,2025-08-05 19:53:00,pay,36.32,0.18,education,False,COMPLETED,HCMC,campaign
T953,C100107,2025-08-05 19:54:00,pay,20.09,0.1,entertainment,True,COMPLETED,HCMC,referral
T6987,C100746,2025-08-05 20:19:00,pay,8.2,0.04,health,True,COMPLETED,HaiPhong,organic
T46,C100009,2025-08-05 20:23:00,savings,12.36,0.0,transport,False,COMPLETED,Hanoi,organic
T4318,C100452,2025-08-05 20:41:00,transfer,13.24,0.03,fashion,False,COMPLETED,Hanoi,organic
T8500,C100906,2025-08-05 20:50:00,pay,41.24,0.21,health,True,COMPLETED,CanTho,organic
T8307,C100887,2025-08-06 09:08:00,transfer,44.82,0.09,groceries,False,COMPLETED,Hanoi,organic
T5163,C100551,2025-08-06 09:10:00,pay,194.76,0.97,entertainment,True,COMPLETED,Hanoi,paid
T7507,C100793,2025-08-06 09:14:00,savings,28.24,0.0,fashion,False,COMPLETED,Hanoi,paid
T5611,C100595,2025-08-06 09:26:00,savings,34.07,0.0,other,True,COMPLETED,HCMC,referral
T8670,C100923,2025-08-06 09:40:00,savings,24.65,0.0,health,True,COMPLETED,HCMC,referral
T6408,C100683,2025-08-06 10:11:00,pay,34.77,0.17,entertainment,False,COMPLETED,HCMC,organic
T8385,C100897,2025-08-06 10:17:00,transfer,35.69,0.07,groceries,False,FAILED,HCMC,organic
T3910,C100408,2025-08-06 10:20:00,pay,22.17,0.11,health,False,COMPLETED,HaiPhong,organic
T7528,C100796,2025-08-06 10:24:00,transfer,11.82,0.02,groceries,False,COMPLETED,DaNang,organic
T7433,C100783,2025-08-06 11:01:00,pay,37.06,0.19,food_delivery,False,COMPLETED,Hanoi,paid
T8736,C100932,2025-08-06 11:01:00,pay,9.01,0.05,transport,False,COMPLETED,HCMC,organic
T8112,C100869,2025-08-06 11:15:00,pay,88.98,0.44,groceries,False,COMPLETED,HCMC,referral
T7093,C100755,2025-08-06 12:32:00,pay,28.19,0.14,fashion,True,COMPLETED,DaNang,paid
T2553,C100278,2025-08-06 12:38:00,transfer,12.44,0.02,food_delivery,False,COMPLETED,HCMC,paid
T6312,C100674,2025-08-06 12:57:00,savings,15.04,0.0,health,True,COMPLETED,HCMC,organic
T8548,C100910,2025-08-06 13:08:00,savings,33.51,0.0,utilities,False,COMPLETED,Hanoi,organic
T459,C100045,2025-08-06 13:08:00,transfer,78.83,0.16,entertainment,False,COMPLETED,CanTho,paid
T6712,C100723,2025-08-06 13:10:00,transfer,19.93,0.04,utilities,False,COMPLETED,HCMC,referral
T4876,C100523,2025-08-06 13:15:00,pay,45.02,0.23,transport,False,COMPLETED,HCMC,referral
T3773,C100397,2025-08-06 13:27:00,pay,18.21,0.09,entertainment,False,COMPLETED,HCMC,paid
T1572,C100176,2025-08-06 13:33:00,transfer,41.99,0.08,health,True,COMPLETED,Hanoi,referral
T6537,C100695,2025-08-06 13:46:00,transfer,175.88,0.35,fashion,True,COMPLETED,HCMC,organic
T8057,C100865,2025-08-06 14:19:00,pay,24.44,0.12,education,False,COMPLETED,DaNang,organic
T8388,C100897,2025-08-06 14:20:00,transfer,30.09,0.06,utilities,True,COMPLETED,HCMC,organic
T7996,C100858,2025-08-06 14:26:00,pay,29.6,0.15,fashion,False,COMPLETED,Hanoi,referral
T2273,C100257,2025-08-06 14:32:00,pay,22.02,0.11,food_delivery,False,COMPLETED,DaNang,paid
T8222,C100879,2025-08-06 14:50:00,pay,71.91,0.36,electronics,False,COMPLETED,HCMC,organic
T82,C100013,2025-08-06 15:00:00,pay,54.21,0.27,fashion,False,COMPLETED,CanTho,organic
T8063,C100865,2025-08-06 15:18:00,pay,9.8,0.05,fashion,False,COMPLETED,DaNang,organic
T1971,C100222,2025-08-06 15:20:00,bill_pay,49.23,0.15,electronics,False,COMPLETED,DaNang,organic
T7880,C100841,2025-08-06 15:27:00,savings,93.82,0.0,electronics,False,COMPLETED,HCMC,organic
T6707,C100721,2025-08-06 15:32:00,savings,44.03,0.0,entertainment,False,COMPLETED,HCMC,campaign
T2174,C100246,2025-08-06 15:35:00,bill_pay,23.52,0.07,utilities,False,COMPLETED,HCMC,referral
T915,C100097,2025-08-06 15:45:00,pay,68.34,0.34,education,False,COMPLETED,HCMC,paid
T1606,C100179,2025-08-06 15:50:00,transfer,43.47,0.09,electronics,True,COMPLETED,HCMC,paid
T1464,C100167,2025-08-06 15:53:00,transfer,28.42,0.06,other,True,COMPLETED,DaNang,paid
T8746,C100932,2025-08-06 16:01:00,transfer,27.15,0.05,entertainment,True,COMPLETED,HCMC,organic
T5646,C100601,2025-08-06 16:16:00,bill_pay,17.17,0.05,food_delivery,False,COMPLETED,Hanoi,organic
T2710,C100294,2025-08-06 16:29:00,pay,31.47,0.16,health,True,COMPLETED,Hanoi,paid
T2479,C100271,2025-08-06 16:29:00,pay,14.33,0.07,food_delivery,True,COMPLETED,HCMC,paid
T8475,C100904,2025-08-06 16:53:00,savings,45.09,0.0,transport,True,COMPLETED,HCMC,organic
T7116,C100756,2025-08-06 17:19:00,topup,17.15,0.02,groceries,True,COMPLETED,HCMC,organic
T8678,C100924,2025-08-06 18:17:00,transfer,44.34,0.09,other,True,COMPLETED,HCMC,paid
T1946,C100218,2025-08-06 18:20:00,pay,86.57,0.43,utilities,False,COMPLETED,HCMC,referral
T7487,C100789,2025-08-06 18:20:00,pay,36.66,0.18,fashion,True,COMPLETED,HCMC,campaign
T8512,C100908,2025-08-06 18:22:00,transfer,31.14,0.06,utilities,False,COMPLETED,HCMC,organic
T8804,C100937,2025-08-06 18:31:00,pay,42.81,0.21,other,False,COMPLETED,HCMC,organic
T6807,C100730,2025-08-06 18:36:00,transfer,19.56,0.04,health,True,COMPLETED,DaNang,organic
T367,C100039,2025-08-06 18:48:00,transfer,19.44,0.04,food_delivery,False,COMPLETED,HCMC,referral
T8627,C100914,2025-08-06 19:16:00,bill_pay,9.15,0.03,entertainment,True,COMPLETED,Hanoi,organic
T3744,C100395,2025-08-06 19:20:00,pay,19.42,0.1,education,True,COMPLETED,Hanoi,organic
T8411,C100898,2025-08-06 19:28:00,savings,52.82,0.0,fashion,False,COMPLETED,HCMC,organic
T3570,C100374,2025-08-06 19:37:00,pay,8.32,0.04,entertainment,False,COMPLETED,Hanoi,referral
T825,C100088,2025-08-06 19:39:00,invest,16.01,0.01,health,False,COMPLETED,HCMC,organic
T4059,C100424,2025-08-06 19:48:00,invest,14.86,0.01,other,True,FAILED,HaiPhong,organic
T6333,C100678,2025-08-06 20:50:00,transfer,15.25,0.03,groceries,False,COMPLETED,HCMC,referral
T8150,C100874,2025-08-06 20:55:00,pay,3.7,0.02,fashion,True,COMPLETED,HCMC,paid
T3401,C100359,2025-08-07 09:02:00,transfer,10.99,0.02,other,False,COMPLETED,Hanoi,organic
T8656,C100921,2025-08-07 09:08:00,bill_pay,29.11,0.09,groceries,False,COMPLETED,Hanoi,referral
T2979,C100313,2025-08-07 09:13:00,savings,36.49,0.0,other,False,COMPLETED,DaNang,organic
T109,C100020,2025-08-07 09:33:00,transfer,46.97,0.09,fashion,True,COMPLETED,CanTho,paid
T8429,C100900,2025-08-07 10:13:00,bill_pay,22.14,0.07,health,True,COMPLETED,Hanoi,paid
T8396,C100898,2025-08-07 10:20:00,pay,63.71,0.32,utilities,True,COMPLETED,HCMC,organic
T7393,C100780,2025-08-07 10:42:00,transfer,13.97,0.03,fashion,False,COMPLETED,Hanoi,paid
T1746,C100200,2025-08-07 11:23:00,invest,40.66,0.02,fashion,True,COMPLETED,CanTho,organic
T6355,C100679,2025-08-07 11:37:00,pay,12.02,0.06,food_delivery,False,COMPLETED,HCMC,referral
T3224,C100341,2025-08-07 11:47:00,pay,55.34,0.28,health,False,COMPLETED,Hanoi,organic
T8165,C100875,2025-08-07 12:02:00,topup,25.98,0.03,health,True,COMPLETED,CanTho,organic
T8725,C100928,2025-08-07 12:35:00,savings,19.74,0.0,entertainment,False,COMPLETED,Hanoi,referral
T8394,C100897,2025-08-07 12:40:00,transfer,97.37,0.19,fashion,True,COMPLETED,HCMC,organic
T7981,C100852,2025-08-07 13:12:00,savings,13.05,0.0,health,True,COMPLETED,HCMC,campaign
T8055,C100864,2025-08-07 13:19:00,savings,14.49,0.0,health,False,COMPLETED,HCMC,organic
T1831,C100205,2025-08-07 13:32:00,transfer,62.7,0.13,electronics,False,COMPLETED,HCMC,organic
T8552,C100911,2025-08-07 13:54:00,pay,5.72,0.03,electronics,True,COMPLETED,HaiPhong,organic
T7468,C100789,2025-08-07 14:06:00,transfer,130.31,0.26,utilities,True,COMPLETED,HCMC,campaign
T7562,C100798,2025-08-07 14:13:00,transfer,29.09,0.06,fashion,True,COMPLETED,HCMC,campaign
T8442,C100900,2025-08-07 14:15:00,transfer,41.15,0.08,fashion,False,COMPLETED,Hanoi,paid
T7990,C100857,2025-08-07 14:26:00,savings,41.09,0.0,groceries,True,COMPLETED,HCMC,paid
T7212,C100765,2025-08-07 14:28:00,pay,11.75,0.06,other,False,COMPLETED,HCMC,paid
T8012,C100858,2025-08-07 14:54:00,transfer,62.75,0.13,health,False,COMPLETED,Hanoi,referral
T7742,C100821,2025-08-07 15:18:00,pay,63.4,0.32,utilities,True,COMPLETED,HCMC,organic
T4881,C100523,2025-08-07 15:31:00,savings,13.01,0.0,fashion,True,COMPLETED,HCMC,referral
T8256,C100883,2025-08-07 15:46:00,bill_pay,49.9,0.15,electronics,True,COMPLETED,CanTho,organic
T6822,C100730,2025-08-07 15:55:00,invest,22.96,0.01,fashion,True,COMPLETED,DaNang,organic
T6760,C100728,2025-08-07 15:55:00,pay,6.54,0.03,food_delivery,True,COMPLETED,HaiPhong,paid
T8785,C100936,2025-08-07 16:03:00,transfer,30.32,0.06,electronics,False,COMPLETED,HCMC,referral
T4215,C100438,2025-08-07 16:04:00,pay,42.24,0.21,groceries,False,FAILED,HCMC,paid
T7574,C100798,2025-08-07 16:28:00,topup,16.52,0.02,utilities,True,COMPLETED,HCMC,campaign
T8364,C100893,2025-08-07 16:32:00,pay,45.27,0.23,other,False,COMPLETED,Hanoi,organic
T424,C100043,2025-08-07 16:38:00,pay,13.85,0.07,education,True,COMPLETED,DaNang,paid
T1545,C100175,2025-08-07 16:43:00,transfer,17.76,0.04,health,True,COMPLETED,HaiPhong,campaign
T8224,C100880,2025-08-07 16:48:00,pay,24.48,0.12,groceries,True,COMPLETED,CanTho,referral
T8321,C100890,2025-08-07 16:59:00,pay,22.73,0.11,food_delivery,False,COMPLETED,DaNang,organic
T6250,C100666,2025-08-07 17:33:00,savings,14.79,0.0,groceries,False,COMPLETED,Hanoi,paid
T7154,C100760,2025-08-07 17:33:00,transfer,8.65,0.02,fashion,False,COMPLETED,DaNang,organic
T5836,C100623,2025-08-07 17:36:00,bill_pay,25.01,0.08,electronics,True,COMPLETED,HCMC,paid
T8767,C100935,2025-08-07 18:24:00,transfer,37.65,0.08,utilities,True,FAILED,CanTho,referral
T8065,C100865,2025-08-07 18:29:00,pay,128.98,0.64,food_delivery,False,COMPLETED,DaNang,organic
T1546,C100175,2025-08-07 18:31:00,pay,27.06,0.14,groceries,False,COMPLETED,HaiPhong,campaign
T7789,C100832,2025-08-07 18:36:00,pay,9.44,0.05,transport,True,COMPLETED,HCMC,referral
T4241,C100440,2025-08-07 18:38:00,transfer,16.65,0.03,food_delivery,True,COMPLETED,CanTho,campaign
T328,C100037,2025-08-07 19:05:00,transfer,14.12,0.03,electronics,False,COMPLETED,DaNang,paid
T8527,C100909,2025-08-07 19:22:00,pay,43.44,0.22,groceries,True,COMPLETED,DaNang,organic
T8778,C100936,2025-08-07 20:03:00,transfer,17.5,0.04,education,False,COMPLETED,HCMC,referral
T130,C100021,2025-08-07 20:37:00,pay,46.84,0.23,electronics,False,COMPLETED,Hanoi,campaign
T8383,C100897,2025-08-08 09:02:00,savings,92.32,0.0,transport,False,COMPLETED,HCMC,organic
T8436,C100900,2025-08-08 09:05:00,pay,23.63,0.12,food_delivery,True,COMPLETED,Hanoi,paid
T4644,C100496,2025-08-08 09:57:00,pay,40.74,0.2,electronics,True,COMPLETED,Hanoi,campaign
T7031,C100750,2025-08-08 10:02:00,pay,44.11,0.22,education,False,COMPLETED,HCMC,organic
T7350,C100774,2025-08-08 10:08:00,bill_pay,56.65,0.17,health,False,COMPLETED,CanTho,paid
T2046,C100231,2025-08-08 10:10:00,savings,17.09,0.0,other,False,COMPLETED,HCMC,paid
T3552,C100374,2025-08-08 10:24:00,transfer,147.49,0.29,health,False,COMPLETED,Hanoi,referral
T8185,C100877,2025-08-08 10:28:00,pay,22.83,0.11,entertainment,False,COMPLETED,DaNang,organic
T1648,C100186,2025-08-08 10:29:00,pay,14.14,0.07,groceries,False,COMPLETED,HCMC,referral
T7708,C100818,2025-08-08 11:06:00,transfer,30.39,0.06,other,False,COMPLETED,Hanoi,paid
T8668,C100922,2025-08-08 11:16:00,bill_pay,52.84,0.16,fashion,False,COMPLETED,CanTho,paid
T8613,C100913,2025-08-08 11:16:00,savings,17.58,0.0,groceries,False,COMPLETED,CanTho,organic
T329,C100037,2025-08-08 11:25:00,transfer,51.91,0.1,fashion,False,COMPLETED,DaNang,paid
T7881,C100841,2025-08-08 11:33:00,topup,35.33,0.04,other,False,COMPLETED,HCMC,organic
T4763,C100512,2025-08-08 11:34:00,savings,29.5,0.0,transport,False,COMPLETED,HCMC,campaign
T5398,C100575,2025-08-08 11:43:00,pay,35.67,0.18,electronics,False,COMPLETED,HCMC,referral
T7948,C100849,2025-08-08 11:46:00,transfer,44.23,0.09,electronics,False,COMPLETED,Hanoi,referral
T8236,C100880,2025-08-08 11:49:00,transfer,42.39,0.08,other,False,COMPLETED,CanTho,referral
T2130,C100239,2025-08-08 11:59:00,transfer,13.69,0.03,transport,False,COMPLETED,HaiPhong,organic
T6324,C100676,2025-08-08 12:02:00,pay,10.22,0.05,fashion,True,COMPLETED,HCMC,organic
T6004,C100637,2025-08-08 12:10:00,transfer,56.32,0.11,transport,False,COMPLETED,Hanoi,organic
T8439,C100900,2025-08-08 12:10:00,savings,19.46,0.0,fashion,False,COMPLETED,Hanoi,paid
T6706,C100721,2025-08-08 12:16:00,pay,22.9,0.11,food_delivery,True,COMPLETED,HCMC,campaign
T7867,C100839,2025-08-08 12:21:00,pay,66.29,0.33,entertainment,False,COMPLETED,Hanoi,organic
T7668,C100814,2025-08-08 12:21:00,pay,21.99,0.11,food_delivery,True,COMPLETED,Hanoi,organic
T3053,C100327,2025-08-08 12:29:00,pay,22.23,0.11,utilities,True,COMPLETED,Hanoi,organic
T4886,C100524,2025-08-08 12:50:00,savings,11.33,0.0,fashion,True,COMPLETED,HCMC,organic
T8764,C100935,2025-08-08 12:59:00,savings,63.59,0.0,fashion,False,COMPLETED,CanTho,referral
T8820,C100940,2025-08-08 13:23:00,bill_pay,30.27,0.09,electronics,True,COMPLETED,HCMC,paid
T7617,C100803,2025-08-08 13:26:00,topup,48.21,0.05,entertainment,False,COMPLETED,Hanoi,paid
T7074,C100753,2025-08-08 13:28:00,transfer,18.17,0.04,groceries,False,COMPLETED,Hanoi,paid
T5775,C100616,2025-08-08 13:30:00,transfer,6.23,0.01,education,False,COMPLETED,DaNang,campaign
T7792,C100832,2025-08-08 13:35:00,transfer,39.94,0.08,food_delivery,False,COMPLETED,HCMC,referral
T8761,C100933,2025-08-08 13:39:00,transfer,10.71,0.02,health,False,COMPLETED,HaiPhong,organic
T6808,C100730,2025-08-08 13:41:00,bill_pay,40.68,0.12,entertainment,False,COMPLETED,DaNang,organic
T6412,C100683,2025-08-08 13:57:00,pay,13.06,0.07,fashion,False,FAILED,HCMC,organic
T7514,C100796,2025-08-08 14:14:00,bill_pay,63.75,0.19,food_delivery,True,COMPLETED,DaNang,organic
T6632,C100712,2025-08-08 14:25:00,bill_pay,80.01,0.24,electronics,False,COMPLETED,CanTho,paid
T8361,C100893,2025-08-08 14:27:00,bill_pay,42.83,0.13,utilities,True,COMPLETED,Hanoi,organic
T8194,C100877,2025-08-08 14:31:00,transfer,8.57,0.02,transport,False,COMPLETED,DaNang,organic
T1375,C100157,2025-08-08 14:33:00,invest,17.74,0.01,other,False,COMPLETED,Hanoi,referral
T8786,C100936,2025-08-08 14:41:00,savings,28.04,0.0,entertainment,False,COMPLETED,HCMC,referral
T8687,C100924,2025-08-08 15:35:00,pay,21.36,0.11,utilities,True,COMPLETED,HCMC,paid
T3965,C100415,2025-08-08 15:44:00,transfer,90.69,0.18,food_delivery,False,COMPLETED,HCMC,organic
T5885,C100631,2025-08-08 15:48:00,topup,17.5,0.02,health,False,COMPLETED,Hanoi,campaign
T7215,C100765,2025-08-08 15:55:00,transfer,10.15,0.02,food_delivery,True,COMPLETED,HCMC,paid
T2382,C100266,2025-08-08 16:35:00,savings,10.57,0.0,other,False,COMPLETED,Hanoi,organic
T4779,C100515,2025-08-08 17:32:00,pay,121.79,0.61,entertainment,True,COMPLETED,Hanoi,paid
T5455,C100581,2025-08-08 17:37:00,transfer,23.85,0.05,food_delivery,True,COMPLETED,HCMC,referral
T8524,C100909,2025-08-08 17:44:00,pay,12.8,0.06,food_delivery,False,COMPLETED,DaNang,organic
T4511,C100481,2025-08-08 18:26:00,transfer,67.08,0.13,other,False,COMPLETED,Hanoi,organic
T7889,C100841,2025-08-08 19:42:00,pay,21.15,0.11,entertainment,True,COMPLETED,HCMC,organic
T7944,C100849,2025-08-08 20:04:00,transfer,96.95,0.19,transport,False,COMPLETED,Hanoi,referral
T7006,C100748,2025-08-08 20:08:00,pay,17.05,0.09,electronics,True,COMPLETED,Hanoi,paid
T6248,C100666,2025-08-08 20:12:00,pay,10.17,0.05,groceries,False,COMPLETED,Hanoi,paid
T8616,C100913,2025-08-08 20:18:00,bill_pay,125.78,0.38,electronics,False,COMPLETED,CanTho,organic
T1933,C100217,2025-08-08 20:27:00,pay,40.6,0.2,education,True,COMPLETED,HCMC,paid
T851,C100091,2025-08-08 20:50:00,savings,51.36,0.0,health,True,COMPLETED,Hanoi,paid
T7391,C100780,2025-08-08 20:58:00,pay,11.04,0.06,electronics,True,COMPLETED,Hanoi,paid
T8592,C100912,2025-08-09 09:03:00,savings,48.05,0.0,groceries,True,COMPLETED,Hanoi,organic
T8732,C100928,2025-08-09 09:10:00,pay,44.98,0.22,electronics,True,COMPLETED,Hanoi,referral
T8801,C100937,2025-08-09 09:21:00,savings,26.35,0.0,transport,True,COMPLETED,HCMC,organic
T8787,C100937,2025-08-09 09:26:00,invest,36.02,0.02,entertainment,True,COMPLETED,HCMC,organic
T5110,C100546,2025-08-09 09:32:00,transfer,44.96,0.09,food_delivery,False,COMPLETED,HCMC,paid
T8504,C100906,2025-08-09 09:45:00,pay,27.05,0.14,fashion,True,COMPLETED,CanTho,organic
T8240,C100880,2025-08-09 10:07:00,transfer,30.47,0.06,entertainment,False,COMPLETED,CanTho,referral
T8877,C100946,2025-08-09 10:17:00,transfer,17.43,0.03,food_delivery,True,COMPLETED,Hanoi,organic
T8773,C100936,2025-08-09 10:20:00,topup,51.95,0.05,electronics,False,COMPLETED,HCMC,referral
T7720,C100819,2025-08-09 10:21:00,pay,44.2,0.22,entertainment,True,COMPLETED,HCMC,campaign
T8803,C100937,2025-08-09 10:31:00,pay,10.38,0.05,health,False,COMPLETED,HCMC,organic
T5917,C100633,2025-08-09 10:36:00,pay,24.55,0.12,entertainment,False,COMPLETED,HCMC,organic
T6977,C100746,2025-08-09 10:43:00,savings,48.75,0.0,health,False,COMPLETED,HaiPhong,organic
T4705,C100501,2025-08-09 10:44:00,pay,52.56,0.26,groceries,False,COMPLETED,HCMC,organic
T6115,C100649,2025-08-09 10:56:00,transfer,129.64,0.26,entertainment,True,COMPLETED,HCMC,organic
T8455,C100904,2025-08-09 11:03:00,pay,12.23,0.06,other,False,COMPLETED,HCMC,organic
T8873,C100946,2025-08-09 11:11:00,transfer,25.83,0.05,health,True,COMPLETED,Hanoi,organic
T7261,C100766,2025-08-09 11:31:00,pay,8.08,0.04,entertainment,True,COMPLETED,HCMC,campaign
T2030,C100231,2025-08-09 12:25:00,transfer,69.57,0.14,transport,False,COMPLETED,HCMC,paid
T1011,C100117,2025-08-09 12:44:00,pay,26.47,0.13,utilities,True,COMPLETED,HCMC,organic
T6301,C100671,2025-08-09 12:52:00,bill_pay,59.07,0.18,groceries,True,COMPLETED,Hanoi,paid
T1557,C100175,2025-08-09 13:23:00,transfer,30.67,0.06,food_delivery,True,COMPLETED,HaiPhong,campaign
T7883,C100841,2025-08-09 13:28:00,pay,37.08,0.19,electronics,False,COMPLETED,HCMC,organic
T8432,C100900,2025-08-09 13:43:00,savings,53.01,0.0,transport,True,COMPLETED,Hanoi,paid
T8221,C100879,2025-08-09 13:55:00,pay,61.56,0.31,entertainment,False,COMPLETED,HCMC,organic
T4678,C100500,2025-08-09 14:47:00,pay,21.67,0.11,health,False,COMPLETED,HCMC,campaign
T6241,C100665,2025-08-09 15:00:00,pay,27.41,0.14,education,True,COMPLETED,Hanoi,paid
T6236,C100665,2025-08-09 15:07:00,pay,15.61,0.08,entertainment,False,COMPLETED,Hanoi,paid
T6450,C100686,2025-08-09 15:13:00,pay,75.44,0.38,other,True,COMPLETED,CanTho,organic
T1743,C100200,2025-08-09 15:17:00,pay,11.45,0.06,entertainment,False,COMPLETED,CanTho,organic
T3516,C100369,2025-08-09 15:27:00,transfer,13.36,0.03,electronics,True,COMPLETED,HCMC,paid
T6505,C100691,2025-08-09 15:29:00,pay,19.26,0.1,utilities,True,COMPLETED,Hanoi,paid
T8734,C100932,2025-08-09 15:54:00,savings,36.11,0.0,other,True,COMPLETED,HCMC,organic
T7419,C100782,2025-08-09 16:09:00,transfer,43.07,0.09,education,False,COMPLETED,HCMC,organic
T8125,C100872,2025-08-09 16:11:00,pay,10.78,0.05,utilities,True,COMPLETED,HCMC,organic
T7721,C100819,2025-08-09 16:14:00,transfer,30.51,0.06,education,True,COMPLETED,HCMC,campaign
T3212,C100340,2025-08-09 16:16:00,pay,60.86,0.3,fashion,False,COMPLETED,HCMC,organic
T8171,C100875,2025-08-09 16:36:00,savings,63.81,0.0,entertainment,True,COMPLETED,CanTho,organic
T6805,C100730,2025-08-09 17:13:00,pay,6.75,0.03,transport,False,COMPLETED,DaNang,organic
T1485,C100169,2025-08-09 17:28:00,transfer,72.27,0.14,food_delivery,False,COMPLETED,Hanoi,referral
T5666,C100602,2025-08-09 17:37:00,savings,44.88,0.0,fashion,False,COMPLETED,HCMC,paid
T4098,C100425,2025-08-09 17:53:00,savings,52.07,0.0,utilities,False,COMPLETED,HCMC,organic
T8479,C100904,2025-08-09 17:55:00,savings,11.32,0.0,groceries,False,COMPLETED,HCMC,organic
T939,C100106,2025-08-09 18:14:00,transfer,30.35,0.06,electronics,False,COMPLETED,CanTho,campaign
T7370,C100775,2025-08-09 18:18:00,topup,54.07,0.05,health,False,COMPLETED,DaNang,organic
T8328,C100890,2025-08-09 18:43:00,pay,84.36,0.42,education,False,COMPLETED,DaNang,organic
T7917,C100846,2025-08-09 18:48:00,transfer,8.82,0.02,groceries,False,COMPLETED,Hanoi,organic
T770,C100081,2025-08-09 19:17:00,pay,19.59,0.1,entertainment,False,COMPLETED,HCMC,organic
T5711,C100605,2025-08-09 19:21:00,pay,25.36,0.13,transport,True,COMPLETED,Hanoi,campaign
T4409,C100465,2025-08-09 19:22:00,transfer,33.6,0.07,transport,False,COMPLETED,Hanoi,paid
T8416,C100898,2025-08-09 19:25:00,savings,228.97,0.0,health,False,COMPLETED,HCMC,organic
T8176,C100875,2025-08-09 19:54:00,transfer,11.67,0.02,other,True,COMPLETED,CanTho,organic
T8632,C100920,2025-08-09 20:13:00,pay,79.0,0.4,electronics,False,FAILED,HCMC,referral
T7653,C100813,2025-08-09 20:18:00,savings,28.31,0.0,health,True,COMPLETED,HCMC,paid
T5954,C100635,2025-08-09 20:22:00,savings,18.08,0.0,health,False,FAILED,HCMC,campaign
T8584,C100912,2025-08-09 20:54:00,transfer,18.33,0.04,entertainment,False,COMPLETED,Hanoi,organic
T8731,C100928,2025-08-10 09:54:00,transfer,22.19,0.04,fashion,True,COMPLETED,Hanoi,referral
T8658,C100922,2025-08-10 10:09:00,pay,27.33,0.14,entertainment,False,COMPLETED,CanTho,paid
T7378,C100778,2025-08-10 10:11:00,bill_pay,22.72,0.07,fashion,False,COMPLETED,HaiPhong,campaign
T8816,C100940,2025-08-10 10:18:00,savings,8.19,0.0,groceries,True,FAILED,HCMC,paid
T8921,C100951,2025-08-10 10:24:00,pay,5.8,0.03,utilities,False,COMPLETED,Hanoi,paid
T6983,C100746,2025-08-10 10:24:00,pay,23.51,0.12,fashion,False,COMPLETED,HaiPhong,organic
T6361,C100681,2025-08-10 10:45:00,pay,29.55,0.15,education,False,COMPLETED,HCMC,organic
T3009,C100318,2025-08-10 10:51:00,transfer,41.12,0.08,entertainment,True,FAILED,CanTho,organic
T7565,C100798,2025-08-10 10:55:00,pay,19.15,0.1,entertainment,False,COMPLETED,HCMC,campaign
T8811,C100940,2025-08-10 11:10:00,savings,38.98,0.0,transport,True,FAILED,HCMC,paid
T6256,C100666,2025-08-10 12:03:00,savings,36.81,0.0,entertainment,False,COMPLETED,Hanoi,paid
T3785,C100397,2025-08-10 12:08:00,transfer,46.73,0.09,entertainment,True,COMPLETED,HCMC,paid
T7132,C100757,2025-08-10 12:15:00,transfer,37.77,0.08,education,False,COMPLETED,Hanoi,referral
T5688,C100603,2025-08-10 12:28:00,pay,21.09,0.11,electronics,True,COMPLETED,HCMC,organic
T7992,C100857,2025-08-10 12:43:00,transfer,14.9,0.03,health,False,COMPLETED,HCMC,paid
T4816,C100517,2025-08-10 12:51:00,pay,24.38,0.12,fashion,True,COMPLETED,Hanoi,organic
T8567,C100911,2025-08-10 12:51:00,transfer,48.82,0.1,food_delivery,True,COMPLETED,HaiPhong,organic
T8404,C100898,2025-08-10 12:53:00,transfer,52.77,0.11,food_delivery,True,COMPLETED,HCMC,organic
T5725,C100605,2025-08-10 13:06:00,pay,45.63,0.23,other,False,COMPLETED,Hanoi,campaign
T8631,C100920,2025-08-10 13:11:00,pay,69.79,0.35,transport,False,COMPLETED,HCMC,referral
T1856,C100208,2025-08-10 13:11:00,pay,90.74,0.45,food_delivery,False,COMPLETED,Hanoi,organic
T8586,C100912,2025-08-10 13:29:00,topup,45.82,0.05,utilities,False,COMPLETED,Hanoi,organic
T8931,C100951,2025-08-10 13:57:00,transfer,29.2,0.06,fashion,False,COMPLETED,Hanoi,paid
T8924,C100951,2025-08-10 13:58:00,savings,28.21,0.0,groceries,True,COMPLETED,Hanoi,paid
T8755,C100932,2025-08-10 14:03:00,invest,11.32,0.01,health,False,COMPLETED,HCMC,organic
T6827,C100732,2025-08-10 14:18:00,topup,29.6,0.03,fashion,True,COMPLETED,Hanoi,paid
T6985,C100746,2025-08-10 14:34:00,savings,13.62,0.0,utilities,False,COMPLETED,HaiPhong,organic
T4544,C100484,2025-08-10 14:44:00,transfer,50.29,0.1,food_delivery,False,COMPLETED,HCMC,referral
T2721,C100295,2025-08-10 15:15:00,transfer,63.01,0.13,fashion,False,COMPLETED,HCMC,paid
T8255,C100883,2025-08-10 15:23:00,savings,50.03,0.0,transport,True,COMPLETED,CanTho,organic
T2988,C100313,2025-08-10 15:37:00,invest,25.77,0.01,electronics,False,COMPLETED,DaNang,organic
T8191,C100877,2025-08-10 15:38:00,pay,82.38,0.41,fashion,False,COMPLETED,DaNang,organic
T6160,C100651,2025-08-10 15:40:00,transfer,15.63,0.03,fashion,True,COMPLETED,HCMC,referral
T999,C100115,2025-08-10 16:01:00,savings,18.55,0.0,entertainment,True,COMPLETED,HCMC,referral
T269,C100033,2025-08-10 16:02:00,bill_pay,94.25,0.28,food_delivery,True,COMPLETED,CanTho,paid
T8525,C100909,2025-08-10 16:11:00,pay,24.82,0.12,health,True,COMPLETED,DaNang,organic
T7586,C100799,2025-08-10 16:18:00,bill_pay,6.37,0.02,groceries,True,COMPLETED,HCMC,organic
T6899,C100738,2025-08-10 16:26:00,pay,18.98,0.09,fashion,False,COMPLETED,HCMC,organic
T8252,C100881,2025-08-10 16:27:00,pay,27.14,0.14,electronics,False,COMPLETED,Hanoi,paid
T5058,C100542,2025-08-10 16:34:00,invest,54.84,0.03,electronics,True,COMPLETED,HCMC,organic
T7706,C100818,2025-08-10 17:29:00,bill_pay,19.08,0.06,groceries,False,COMPLETED,Hanoi,paid
T6521,C100691,2025-08-10 17:50:00,topup,20.15,0.02,groceries,False,COMPLETED,Hanoi,paid
T7822,C100835,2025-08-10 17:56:00,pay,19.75,0.1,electronics,True,COMPLETED,DaNang,organic
T6416,C100684,2025-08-10 18:01:00,invest,40.43,0.02,education,True,COMPLETED,HaiPhong,paid
T6286,C100670,2025-08-10 18:17:00,pay,79.11,0.4,food_delivery,True,COMPLETED,HCMC,paid
T4355,C100459,2025-08-10 18:18:00,pay,11.45,0.06,food_delivery,True,COMPLETED,Hanoi,campaign
T8087,C100867,2025-08-10 18:23:00,savings,54.9,0.0,electronics,True,COMPLETED,HCMC,referral
T8526,C100909,2025-08-10 18:27:00,transfer,99.25,0.2,utilities,True,COMPLETED,DaNang,organic
T4213,C100438,2025-08-10 19:01:00,pay,103.89,0.52,education,False,COMPLETED,HCMC,paid
T2396,C100267,2025-08-10 19:11:00,bill_pay,48.73,0.15,education,True,COMPLETED,HCMC,organic
T7502,C100792,2025-08-10 19:24:00,savings,28.77,0.0,entertainment,True,COMPLETED,Hanoi,paid
T7913,C100846,2025-08-10 19:35:00,savings,162.54,0.0,fashion,False,COMPLETED,Hanoi,organic
T6616,C100708,2025-08-10 19:49:00,invest,24.56,0.01,groceries,False,COMPLETED,CanTho,organic
T4261,C100444,2025-08-10 19:51:00,transfer,12.3,0.02,transport,True,COMPLETED,Hanoi,organic
T8510,C100908,2025-08-10 20:23:00,pay,41.87,0.21,electronics,False,COMPLETED,HCMC,organic
T7671,C100814,2025-08-10 20:35:00,transfer,12.94,0.03,transport,False,COMPLETED,Hanoi,organic
T7352,C100775,2025-08-11 09:00:00,pay,13.22,0.07,electronics,False,COMPLETED,DaNang,organic
T5226,C100556,2025-08-11 09:21:00,pay,24.29,0.12,education,True,COMPLETED,Hanoi,paid
T8578,C100912,2025-08-11 09:27:00,bill_pay,27.85,0.08,entertainment,False,COMPLETED,Hanoi,organic
T5046,C100542,2025-08-11 09:27:00,bill_pay,19.16,0.06,entertainment,False,COMPLETED,HCMC,organic
T7068,C100753,2025-08-11 09:33:00,invest,10.21,0.01,transport,False,COMPLETED,Hanoi,paid
T8514,C100908,2025-08-11 09:45:00,transfer,26.87,0.05,health,False,FAILED,HCMC,organic
T8788,C100937,2025-08-11 09:56:00,pay,53.48,0.27,health,True,FAILED,HCMC,organic
T457,C100045,2025-08-11 10:02:00,savings,16.81,0.0,utilities,False,COMPLETED,CanTho,paid
T7081,C100753,2025-08-11 10:03:00,transfer,29.54,0.06,health,True,COMPLETED,Hanoi,paid
T8596,C100912,2025-08-11 10:10:00,savings,10.68,0.0,other,False,FAILED,Hanoi,organic
T4807,C100517,2025-08-11 10:44:00,topup,60.09,0.06,other,False,COMPLETED,Hanoi,organic
T8864,C100945,2025-08-11 11:04:00,bill_pay,25.04,0.08,electronics,False,COMPLETED,HCMC,paid
T8829,C100940,2025-08-11 11:07:00,transfer,17.53,0.04,utilities,False,COMPLETED,HCMC,paid
T7519,C100796,2025-08-11 11:33:00,transfer,44.38,0.09,groceries,True,FAILED,DaNang,organic
T5274,C100563,2025-08-11 11:54:00,pay,31.06,0.16,education,True,COMPLETED,HCMC,referral
T7775,C100828,2025-08-11 12:01:00,pay,28.41,0.14,health,True,COMPLETED,Hanoi,organic
T8594,C100912,2025-08-11 12:22:00,invest,7.59,0.0,electronics,False,COMPLETED,Hanoi,organic
T7354,C100775,2025-08-11 12:28:00,pay,22.91,0.11,electronics,False,COMPLETED,DaNang,organic
T6299,C100671,2025-08-11 12:57:00,transfer,44.33,0.09,education,False,COMPLETED,Hanoi,paid
T6105,C100647,2025-08-11 13:40:00,transfer,30.95,0.06,electronics,False,COMPLETED,CanTho,campaign
T3042,C100325,2025-08-11 13:41:00,savings,91.32,0.0,utilities,True,COMPLETED,HCMC,referral
T7256,C100766,2025-08-11 14:28:00,pay,140.35,0.7,food_delivery,True,COMPLETED,HCMC,campaign
T5120,C100548,2025-08-11 14:39:00,transfer,53.54,0.11,groceries,True,COMPLETED,Hanoi,referral
T4585,C100488,2025-08-11 15:09:00,transfer,33.21,0.07,groceries,False,COMPLETED,CanTho,organic
T4920,C100526,2025-08-11 15:20:00,pay,48.97,0.24,utilities,False,COMPLETED,HCMC,paid
T8809,C100940,2025-08-11 15:42:00,savings,76.36,0.0,transport,False,COMPLETED,HCMC,paid
T4398,C100465,2025-08-11 15:54:00,transfer,66.9,0.13,education,True,COMPLETED,Hanoi,paid
T3286,C100348,2025-08-11 16:20:00,savings,64.81,0.0,electronics,False,COMPLETED,HCMC,paid
T4444,C100475,2025-08-11 16:26:00,pay,34.12,0.17,electronics,False,COMPLETED,HCMC,paid
T8075,C100865,2025-08-11 16:42:00,invest,27.1,0.01,electronics,True,COMPLETED,DaNang,organic
T6532,C100692,2025-08-11 16:42:00,pay,39.9,0.2,utilities,True,COMPLETED,HCMC,paid
T6484,C100688,2025-08-11 16:51:00,bill_pay,24.34,0.07,entertainment,True,COMPLETED,CanTho,organic
T6907,C100738,2025-08-11 16:54:00,transfer,61.08,0.12,fashion,True,COMPLETED,HCMC,organic
T8692,C100924,2025-08-11 17:02:00,savings,99.2,0.0,fashion,False,COMPLETED,HCMC,paid
T7119,C100756,2025-08-11 17:15:00,savings,9.44,0.0,food_delivery,False,COMPLETED,HCMC,organic
T1398,C100161,2025-08-11 17:32:00,pay,20.73,0.1,fashion,True,COMPLETED,HCMC,paid
T8789,C100937,2025-08-11 17:51:00,pay,9.46,0.05,food_delivery,False,COMPLETED,HCMC,organic
T6235,C100665,2025-08-11 18:16:00,pay,41.64,0.21,electronics,True,COMPLETED,Hanoi,paid
T4957,C100530,2025-08-11 18:21:00,transfer,28.12,0.06,utilities,True,COMPLETED,HCMC,paid
T8667,C100922,2025-08-11 18:23:00,pay,68.74,0.34,food_delivery,True,COMPLETED,CanTho,paid
T8162,C100874,2025-08-11 18:25:00,transfer,35.19,0.07,electronics,True,COMPLETED,HCMC,paid
T3745,C100395,2025-08-11 18:56:00,pay,10.08,0.05,groceries,False,COMPLETED,Hanoi,organic
T3981,C100418,2025-08-11 19:10:00,savings,138.06,0.0,other,False,COMPLETED,CanTho,campaign
T7638,C100803,2025-08-11 19:17:00,transfer,90.73,0.18,groceries,False,COMPLETED,Hanoi,paid
T8315,C100889,2025-08-11 20:08:00,pay,31.26,0.16,entertainment,False,COMPLETED,DaNang,organic
T7359,C100775,2025-08-11 20:11:00,transfer,42.4,0.08,transport,False,COMPLETED,DaNang,organic
T6793,C100729,2025-08-11 20:24:00,transfer,54.51,0.11,food_delivery,False,COMPLETED,Hanoi,paid
T7152,C100759,2025-08-11 20:27:00,transfer,61.89,0.12,health,True,COMPLETED,HCMC,organic
T3779,C100397,2025-08-11 20:28:00,bill_pay,15.69,0.05,utilities,False,COMPLETED,HCMC,paid
T4610,C100489,2025-08-11 20:31:00,savings,10.43,0.0,other,True,COMPLETED,Hanoi,organic
T7076,C100753,2025-08-11 20:34:00,pay,18.86,0.09,utilities,False,COMPLETED,Hanoi,paid
T8305,C100887,2025-08-11 20:58:00,transfer,251.0,0.5,electronics,True,COMPLETED,Hanoi,organic
T8576,C100911,2025-08-12 09:23:00,pay,64.29,0.32,fashion,True,COMPLETED,HaiPhong,organic
T6188,C100658,2025-08-12 09:43:00,savings,30.24,0.0,transport,True,COMPLETED,Hanoi,paid
T4611,C100489,2025-08-12 09:44:00,pay,23.26,0.12,education,True,COMPLETED,Hanoi,organic
T5867,C100626,2025-08-12 09:54:00,savings,24.37,0.0,fashion,False,COMPLETED,HCMC,referral
T7312,C100769,2025-08-12 10:08:00,savings,8.7,0.0,utilities,False,COMPLETED,Hanoi,organic
T7644,C100805,2025-08-12 10:09:00,transfer,86.22,0.17,health,True,COMPLETED,Hanoi,organic
T6555,C100696,2025-08-12 10:10:00,savings,13.51,0.0,transport,True,COMPLETED,DaNang,paid
T8872,C100946,2025-08-12 10:12:00,pay,12.57,0.06,electronics,False,COMPLETED,Hanoi,organic
T7244,C100766,2025-08-12 10:22:00,topup,26.87,0.03,other,True,COMPLETED,HCMC,campaign
T8612,C100913,2025-08-12 10:23:00,pay,64.14,0.32,utilities,False,COMPLETED,CanTho,organic
T4650,C100496,2025-08-12 10:23:00,savings,21.7,0.0,fashion,True,COMPLETED,Hanoi,campaign
T5769,C100616,2025-08-12 10:23:00,transfer,10.3,0.02,health,False,COMPLETED,DaNang,campaign
T2690,C100293,2025-08-12 10:30:00,pay,93.19,0.47,fashion,False,COMPLETED,Hanoi,paid
T8914,C100949,2025-08-12 10:40:00,pay,37.77,0.19,entertainment,True,COMPLETED,HCMC,paid
T7905,C100846,2025-08-12 10:48:00,topup,124.66,0.12,entertainment,True,COMPLETED,Hanoi,organic
T5749,C100611,2025-08-12 10:55:00,transfer,44.68,0.09,entertainment,False,COMPLETED,HCMC,campaign
T6459,C100687,2025-08-12 11:07:00,pay,33.39,0.17,utilities,True,COMPLETED,Hanoi,campaign
T8716,C100927,2025-08-12 11:38:00,transfer,17.98,0.04,other,False,COMPLETED,HCMC,paid
T8783,C100936,2025-08-12 11:50:00,transfer,74.19,0.15,transport,True,COMPLETED,HCMC,referral
T8145,C100874,2025-08-12 12:10:00,savings,25.84,0.0,fashion,True,COMPLETED,HCMC,paid
T3993,C100418,2025-08-12 12:15:00,transfer,14.93,0.03,education,False,COMPLETED,CanTho,campaign
T684,C100072,2025-08-12 12:29:00,invest,37.9,0.02,education,True,COMPLETED,HCMC,organic
T2179,C100249,2025-08-12 13:04:00,pay,20.12,0.1,utilities,False,COMPLETED,HCMC,organic
T8685,C100924,2025-08-12 13:17:00,savings,37.56,0.0,food_delivery,True,COMPLETED,HCMC,paid
T8841,C100942,2025-08-12 13:19:00,savings,7.66,0.0,other,True,COMPLETED,HCMC,paid
T276,C100033,2025-08-12 13:21:00,transfer,58.19,0.12,other,False,COMPLETED,CanTho,paid
T4212,C100438,2025-08-12 13:21:00,pay,25.55,0.13,transport,False,COMPLETED,HCMC,paid
T8839,C100942,2025-08-12 13:22:00,transfer,63.95,0.13,education,False,COMPLETED,HCMC,paid
T1929,C100217,2025-08-12 13:24:00,pay,23.65,0.12,fashion,False,COMPLETED,HCMC,paid
T2401,C100267,2025-08-12 13:30:00,pay,33.05,0.17,health,True,COMPLETED,HCMC,organic
T6860,C100734,2025-08-12 13:35:00,pay,68.22,0.34,utilities,True,COMPLETED,HCMC,organic
T8379,C100896,2025-08-12 14:06:00,transfer,8.83,0.02,fashion,True,COMPLETED,DaNang,paid
T4728,C100505,2025-08-12 14:09:00,pay,19.42,0.1,groceries,False,COMPLETED,HCMC,organic
T6895,C100738,2025-08-12 14:15:00,bill_pay,33.8,0.1,health,False,COMPLETED,HCMC,organic
T8426,C100900,2025-08-12 14:22:00,savings,24.88,0.0,fashion,True,COMPLETED,Hanoi,paid
T8011,C100858,2025-08-12 14:29:00,savings,53.77,0.0,groceries,False,COMPLETED,Hanoi,referral
T5609,C100595,2025-08-12 14:32:00,pay,24.53,0.12,health,False,COMPLETED,HCMC,referral
T5585,C100594,2025-08-12 14:35:00,savings,13.48,0.0,utilities,True,COMPLETED,Hanoi,referral
T2284,C100257,2025-08-12 14:38:00,transfer,15.51,0.03,transport,False,COMPLETED,DaNang,paid
T8837,C100942,2025-08-12 14:52:00,bill_pay,16.25,0.05,food_delivery,False,COMPLETED,HCMC,paid
T6704,C100721,2025-08-12 15:01:00,pay,25.09,0.13,other,True,COMPLETED,HCMC,campaign
T8591,C100912,2025-08-12 15:13:00,invest,42.01,0.02,utilities,True,FAILED,Hanoi,organic
T6496,C100690,2025-08-12 15:54:00,pay,11.83,0.06,food_delivery,False,COMPLETED,HCMC,paid
T8290,C100887,2025-08-12 16:49:00,savings,45.13,0.0,education,False,COMPLETED,Hanoi,organic
T4443,C100475,2025-08-12 17:12:00,savings,82.47,0.0,other,True,COMPLETED,HCMC,paid
T8939,C100951,2025-08-12 17:33:00,transfer,178.62,0.36,health,True,COMPLETED,Hanoi,paid
T7919,C100848,2025-08-12 17:33:00,pay,27.03,0.14,entertainment,False,COMPLETED,Hanoi,organic
T8350,C100893,2025-08-12 17:39:00,transfer,50.5,0.1,utilities,True,COMPLETED,Hanoi,organic
T7517,C100796,2025-08-12 17:55:00,transfer,37.87,0.08,food_delivery,True,COMPLETED,DaNang,organic
T8640,C100921,2025-08-12 18:09:00,pay,12.92,0.06,utilities,True,COMPLETED,Hanoi,referral
T7278,C100768,2025-08-12 19:05:00,pay,12.26,0.06,health,False,COMPLETED,Hanoi,paid
T8718,C100927,2025-08-12 19:16:00,transfer,11.57,0.02,electronics,False,FAILED,HCMC,paid
T4951,C100530,2025-08-12 19:32:00,transfer,19.18,0.04,entertainment,True,COMPLETED,HCMC,paid
T8155,C100874,2025-08-12 19:45:00,pay,25.99,0.13,transport,False,COMPLETED,HCMC,paid
T4485,C100478,2025-08-12 19:55:00,bill_pay,17.47,0.05,utilities,True,COMPLETED,HCMC,organic
T8659,C100922,2025-08-12 20:52:00,pay,33.53,0.17,other,True,COMPLETED,CanTho,paid
T8874,C100946,2025-08-13 09:15:00,transfer,15.54,0.03,education,True,COMPLETED,Hanoi,organic
T8311,C100887,2025-08-13 09:39:00,savings,161.7,0.0,electronics,False,COMPLETED,Hanoi,organic
T8945,C100953,2025-08-13 10:15:00,pay,34.41,0.17,entertainment,False,COMPLETED,Hanoi,paid
T5732,C100608,2025-08-13 10:36:00,pay,11.49,0.06,electronics,False,COMPLETED,Hanoi,paid
T8642,C100921,2025-08-13 11:04:00,transfer,29.12,0.06,entertainment,True,COMPLETED,Hanoi,referral
T2440,C100269,2025-08-13 11:23:00,pay,14.65,0.07,transport,False,COMPLETED,Hanoi,organic
T8743,C100932,2025-08-13 11:39:00,transfer,34.58,0.07,other,False,COMPLETED,HCMC,organic
T4280,C100451,2025-08-13 11:43:00,transfer,28.67,0.06,other,False,COMPLETED,Hanoi,organic
T5115,C100546,2025-08-13 11:44:00,invest,98.1,0.05,utilities,True,COMPLETED,HCMC,paid
T5955,C100635,2025-08-13 11:51:00,pay,25.96,0.13,health,False,COMPLETED,HCMC,campaign
T7133,C100757,2025-08-13 12:00:00,pay,35.25,0.18,education,False,COMPLETED,Hanoi,referral
T5626,C100601,2025-08-13 12:09:00,transfer,30.21,0.06,transport,True,COMPLETED,Hanoi,organic
T8882,C100946,2025-08-13 12:28:00,transfer,13.96,0.03,food_delivery,True,COMPLETED,Hanoi,organic
T8989,C100955,2025-08-13 12:55:00,savings,19.92,0.0,health,False,COMPLETED,DaNang,organic
T6682,C100719,2025-08-13 13:00:00,transfer,27.16,0.05,utilities,True,COMPLETED,DaNang,campaign
T8917,C100951,2025-08-13 13:10:00,transfer,38.16,0.08,electronics,False,COMPLETED,Hanoi,paid
T8807,C100940,2025-08-13 13:18:00,pay,190.17,0.95,transport,False,COMPLETED,HCMC,paid
T2340,C100263,2025-08-13 13:22:00,savings,71.35,0.0,entertainment,True,COMPLETED,HCMC,organic
T8279,C100886,2025-08-13 13:28:00,transfer,17.34,0.03,transport,True,COMPLETED,Hanoi,campaign
T8651,C100921,2025-08-13 13:46:00,bill_pay,229.37,0.69,health,False,COMPLETED,Hanoi,referral
T61,C100012,2025-08-13 13:53:00,pay,52.22,0.26,other,True,COMPLETED,HCMC,organic
T7955,C100851,2025-08-13 14:03:00,pay,43.87,0.22,other,False,COMPLETED,Hanoi,organic
T7863,C100839,2025-08-13 14:08:00,pay,67.96,0.34,education,False,COMPLETED,Hanoi,organic
T3365,C100357,2025-08-13 14:10:00,pay,20.45,0.1,fashion,True,COMPLETED,DaNang,campaign
T7231,C100765,2025-08-13 14:16:00,pay,49.96,0.25,groceries,False,COMPLETED,HCMC,paid
T8353,C100893,2025-08-13 14:20:00,pay,36.41,0.18,other,True,COMPLETED,Hanoi,organic
T3225,C100341,2025-08-13 14:33:00,savings,17.96,0.0,transport,False,COMPLETED,Hanoi,organic
T8401,C100898,2025-08-13 14:38:00,pay,16.97,0.08,electronics,False,COMPLETED,HCMC,organic
T7319,C100771,2025-08-13 14:40:00,pay,98.44,0.49,transport,False,COMPLETED,DaNang,paid
T6194,C100658,2025-08-13 14:46:00,bill_pay,75.4,0.23,other,True,COMPLETED,Hanoi,paid
T2444,C100269,2025-08-13 15:11:00,transfer,20.58,0.04,groceries,False,COMPLETED,Hanoi,organic
T2611,C100286,2025-08-13 15:51:00,topup,48.35,0.05,education,True,COMPLETED,DaNang,organic
T5816,C100622,2025-08-13 15:59:00,transfer,75.86,0.15,education,False,COMPLETED,HCMC,paid
T8096,C100867,2025-08-13 16:05:00,transfer,51.41,0.1,food_delivery,False,COMPLETED,HCMC,referral
T8726,C100928,2025-08-13 16:15:00,pay,30.69,0.15,other,False,COMPLETED,Hanoi,referral
T5705,C100605,2025-08-13 16:19:00,transfer,20.76,0.04,food_delivery,True,COMPLETED,Hanoi,campaign
T7282,C100768,2025-08-13 16:22:00,savings,59.29,0.0,food_delivery,False,COMPLETED,Hanoi,paid
T8110,C100869,2025-08-13 16:48:00,pay,43.33,0.22,education,False,COMPLETED,HCMC,referral
T6216,C100660,2025-08-13 16:55:00,pay,56.97,0.28,food_delivery,True,COMPLETED,HCMC,organic
T2506,C100274,2025-08-13 17:03:00,transfer,198.03,0.4,food_delivery,False,COMPLETED,HCMC,organic
T8806,C100940,2025-08-13 17:15:00,pay,107.88,0.54,fashion,True,COMPLETED,HCMC,paid
T6358,C100679,2025-08-13 17:23:00,pay,30.6,0.15,other,True,COMPLETED,HCMC,referral
T8634,C100920,2025-08-13 17:26:00,invest,16.18,0.01,food_delivery,False,COMPLETED,HCMC,referral
T6032,C100642,2025-08-13 17:34:00,pay,31.37,0.16,utilities,False,COMPLETED,HCMC,organic
T8094,C100867,2025-08-13 17:38:00,transfer,7.18,0.01,other,True,COMPLETED,HCMC,referral
T8304,C100887,2025-08-13 17:41:00,invest,15.84,0.01,utilities,True,COMPLETED,Hanoi,organic
T8911,C100949,2025-08-13 18:09:00,pay,5.99,0.03,transport,False,COMPLETED,HCMC,paid
T8753,C100932,2025-08-13 18:26:00,bill_pay,15.08,0.05,utilities,False,COMPLETED,HCMC,organic
T882,C100094,2025-08-13 18:54:00,transfer,26.58,0.05,health,False,COMPLETED,CanTho,paid
T8677,C100924,2025-08-13 19:30:00,transfer,20.6,0.04,food_delivery,False,COMPLETED,HCMC,paid
T8850,C100944,2025-08-13 19:31:00,pay,12.75,0.06,food_delivery,False,COMPLETED,HCMC,paid
T8495,C100906,2025-08-13 19:35:00,transfer,16.48,0.03,education,False,COMPLETED,CanTho,organic
T6876,C100735,2025-08-13 20:07:00,pay,100.57,0.5,utilities,True,COMPLETED,HCMC,organic
T8491,C100906,2025-08-13 20:14:00,transfer,21.45,0.04,groceries,True,COMPLETED,CanTho,organic
T8698,C100924,2025-08-13 20:18:00,pay,33.52,0.17,entertainment,True,COMPLETED,HCMC,paid
T8749,C100932,2025-08-13 20:48:00,transfer,18.94,0.04,other,False,COMPLETED,HCMC,organic
T7283,C100768,2025-08-14 09:01:00,savings,10.05,0.0,groceries,False,COMPLETED,Hanoi,paid
T8875,C100946,2025-08-14 09:20:00,topup,19.82,0.02,transport,True,COMPLETED,Hanoi,organic
T2224,C100255,2025-08-14 10:06:00,transfer,5.77,0.01,groceries,False,COMPLETED,Hanoi,organic
T337,C100037,2025-08-14 10:24:00,pay,24.07,0.12,education,True,COMPLETED,DaNang,paid
T8530,C100909,2025-08-14 10:47:00,transfer,54.65,0.11,health,True,COMPLETED,DaNang,organic
T1914,C100214,2025-08-14 10:53:00,pay,25.16,0.13,electronics,False,COMPLETED,CanTho,organic
T8860,C100944,2025-08-14 11:07:00,transfer,17.85,0.04,groceries,True,COMPLETED,HCMC,paid
T7343,C100772,2025-08-14 11:12:00,savings,26.87,0.0,health,True,COMPLETED,HCMC,referral
T8842,C100942,2025-08-14 11:20:00,transfer,10.28,0.02,electronics,False,COMPLETED,HCMC,paid
T7386,C100780,2025-08-14 11:25:00,transfer,43.03,0.09,health,False,COMPLETED,Hanoi,paid
T8278,C100886,2025-08-14 11:33:00,transfer,7.49,0.01,entertainment,True,COMPLETED,Hanoi,campaign
T7330,C100771,2025-08-14 12:43:00,transfer,12.83,0.03,other,False,COMPLETED,DaNang,paid
T6964,C100745,2025-08-14 12:50:00,pay,15.9,0.08,entertainment,False,COMPLETED,HaiPhong,organic
T8942,C100953,2025-08-14 12:56:00,savings,47.44,0.0,other,False,COMPLETED,Hanoi,paid
T8550,C100910,2025-08-14 13:00:00,transfer,36.9,0.07,other,True,COMPLETED,Hanoi,organic
T2508,C100274,2025-08-14 13:07:00,transfer,48.59,0.1,entertainment,True,COMPLETED,HCMC,organic
T3216,C100340,2025-08-14 13:15:00,pay,23.05,0.12,transport,False,COMPLETED,HCMC,organic
T5177,C100552,2025-08-14 13:42:00,savings,25.89,0.0,food_delivery,False,COMPLETED,HCMC,organic
T7692,C100817,2025-08-14 13:47:00,pay,74.81,0.37,transport,False,COMPLETED,Hanoi,organic
T8769,C100936,2025-08-14 14:24:00,pay,99.78,0.5,education,True,COMPLETED,HCMC,referral
T8253,C100883,2025-08-14 14:44:00,pay,23.73,0.12,other,False,COMPLETED,CanTho,organic
T2739,C100295,2025-08-14 14:52:00,invest,9.5,0.0,other,True,COMPLETED,HCMC,paid
T8409,C100898,2025-08-14 14:55:00,pay,17.98,0.09,entertainment,False,COMPLETED,HCMC,organic
T8622,C100914,2025-08-14 15:27:00,transfer,68.06,0.14,other,True,COMPLETED,Hanoi,organic
T8722,C100927,2025-08-14 15:37:00,transfer,50.1,0.1,food_delivery,True,COMPLETED,HCMC,paid
T8705,C100925,2025-08-14 15:55:00,transfer,37.31,0.07,utilities,True,COMPLETED,CanTho,organic
T8370,C100895,2025-08-14 16:05:00,transfer,9.64,0.02,education,True,COMPLETED,HCMC,organic
T5370,C100574,2025-08-14 16:06:00,pay,39.02,0.2,health,False,COMPLETED,Hanoi,paid
T8306,C100887,2025-08-14 16:14:00,pay,28.46,0.14,other,False,COMPLETED,Hanoi,organic
T7890,C100841,2025-08-14 16:30:00,pay,56.45,0.28,entertainment,False,COMPLETED,HCMC,organic
T7813,C100835,2025-08-14 16:36:00,invest,60.87,0.03,transport,True,COMPLETED,DaNang,organic
T4664,C100497,2025-08-14 16:41:00,pay,65.67,0.33,electronics,False,COMPLETED,HaiPhong,organic
T7599,C100802,2025-08-14 16:43:00,savings,23.0,0.0,transport,False,COMPLETED,Hanoi,organic
T662,C100068,2025-08-14 16:47:00,pay,19.44,0.1,utilities,True,COMPLETED,HCMC,organic
T5341,C100571,2025-08-14 17:04:00,bill_pay,29.85,0.09,utilities,False,COMPLETED,HCMC,paid
T8601,C100913,2025-08-14 17:28:00,transfer,64.1,0.13,education,False,COMPLETED,CanTho,organic
T6989,C100746,2025-08-14 17:35:00,transfer,160.69,0.32,entertainment,False,COMPLETED,HaiPhong,organic
T7613,C100802,2025-08-14 17:35:00,savings,75.06,0.0,groceries,True,COMPLETED,Hanoi,organic
T7980,C100852,2025-08-14 17:46:00,savings,81.64,0.0,entertainment,True,FAILED,HCMC,campaign
T3520,C100369,2025-08-14 17:49:00,pay,37.44,0.19,transport,True,COMPLETED,HCMC,paid
T2576,C100279,2025-08-14 18:00:00,transfer,94.48,0.19,transport,False,COMPLETED,Hanoi,paid
T8717,C100927,2025-08-14 18:20:00,topup,15.97,0.02,other,False,COMPLETED,HCMC,paid
T7922,C100848,2025-08-14 18:28:00,transfer,61.23,0.12,other,False,COMPLETED,Hanoi,organic
T8419,C100898,2025-08-14 18:43:00,savings,23.23,0.0,food_delivery,False,COMPLETED,HCMC,organic
T8854,C100944,2025-08-14 18:55:00,pay,77.72,0.39,health,True,COMPLETED,HCMC,paid
T4966,C100531,2025-08-14 19:13:00,pay,26.37,0.13,food_delivery,False,COMPLETED,DaNang,organic
T9009,C100958,2025-08-14 19:20:00,transfer,25.26,0.05,entertainment,False,COMPLETED,HCMC,organic
T8727,C100928,2025-08-14 19:21:00,savings,10.66,0.0,education,True,COMPLETED,Hanoi,referral
T7855,C100839,2025-08-14 19:59:00,bill_pay,13.09,0.04,other,False,COMPLETED,Hanoi,organic
T8637,C100920,2025-08-14 20:08:00,pay,15.62,0.08,food_delivery,True,COMPLETED,HCMC,referral
T8456,C100904,2025-08-14 20:16:00,transfer,37.52,0.08,health,False,COMPLETED,HCMC,organic
T8863,C100945,2025-08-14 20:18:00,pay,17.17,0.09,other,True,COMPLETED,HCMC,paid
T7085,C100753,2025-08-14 20:21:00,pay,12.84,0.06,other,True,COMPLETED,Hanoi,paid
T2091,C100237,2025-08-14 20:22:00,savings,47.2,0.0,education,False,COMPLETED,HCMC,campaign
T8406,C100898,2025-08-14 20:33:00,transfer,6.79,0.01,fashion,False,COMPLETED,HCMC,organic
T8597,C100912,2025-08-14 20:58:00,transfer,28.15,0.06,other,False,COMPLETED,Hanoi,organic
T8799,C100937,2025-08-15 09:07:00,transfer,25.25,0.05,fashion,False,COMPLETED,HCMC,organic
T7263,C100766,2025-08-15 09:18:00,pay,35.82,0.18,health,True,COMPLETED,HCMC,campaign
T6788,C100729,2025-08-15 09:21:00,transfer,13.87,0.03,entertainment,False,COMPLETED,Hanoi,paid
T2054,C100236,2025-08-15 09:35:00,pay,21.27,0.11,groceries,True,COMPLETED,CanTho,organic
T8849,C100944,2025-08-15 09:43:00,savings,34.5,0.0,groceries,False,COMPLETED,HCMC,paid
T6228,C100661,2025-08-15 09:47:00,transfer,20.64,0.04,health,False,COMPLETED,HCMC,organic
T8908,C100949,2025-08-15 09:48:00,savings,36.4,0.0,education,False,FAILED,HCMC,paid
T8021,C100859,2025-08-15 10:08:00,pay,38.04,0.19,utilities,True,COMPLETED,HaiPhong,paid
T386,C100039,2025-08-15 10:25:00,transfer,19.37,0.04,food_delivery,False,COMPLETED,HCMC,referral
T8933,C100951,2025-08-15 10:45:00,pay,57.76,0.29,other,False,COMPLETED,Hanoi,paid
T7328,C100771,2025-08-15 10:49:00,bill_pay,13.95,0.04,other,True,COMPLETED,DaNang,paid
T8780,C100936,2025-08-15 10:57:00,pay,4.48,0.02,fashion,True,COMPLETED,HCMC,referral
T8713,C100926,2025-08-15 11:11:00,pay,28.17,0.14,fashion,True,COMPLETED,HCMC,paid
T8503,C100906,2025-08-15 11:11:00,transfer,39.17,0.08,health,False,COMPLETED,CanTho,organic
T8424,C100899,2025-08-15 11:35:00,pay,11.31,0.06,utilities,True,COMPLETED,Hanoi,referral
T3758,C100395,2025-08-15 11:36:00,pay,22.99,0.11,education,True,COMPLETED,Hanoi,organic
T6071,C100646,2025-08-15 11:39:00,pay,109.37,0.55,transport,False,COMPLETED,Hanoi,paid
T2320,C100261,2025-08-15 11:59:00,pay,44.01,0.22,other,False,FAILED,HCMC,organic
T3849,C100404,2025-08-15 12:30:00,transfer,18.86,0.04,food_delivery,True,COMPLETED,HCMC,organic
T8793,C100937,2025-08-15 12:32:00,transfer,11.47,0.02,transport,False,COMPLETED,HCMC,organic
T8453,C100902,2025-08-15 13:01:00,transfer,19.72,0.04,groceries,True,COMPLETED,CanTho,organic
T8859,C100944,2025-08-15 13:02:00,pay,40.6,0.2,other,True,COMPLETED,HCMC,paid
T8235,C100880,2025-08-15 13:05:00,transfer,51.25,0.1,utilities,False,COMPLETED,CanTho,referral
T8956,C100953,2025-08-15 13:13:00,topup,36.2,0.04,electronics,False,COMPLETED,Hanoi,paid
T5044,C100542,2025-08-15 13:22:00,pay,69.74,0.35,entertainment,False,COMPLETED,HCMC,organic
T4531,C100481,2025-08-15 13:26:00,savings,40.35,0.0,food_delivery,False,COMPLETED,Hanoi,organic
T7927,C100848,2025-08-15 13:31:00,pay,54.04,0.27,food_delivery,False,COMPLETED,Hanoi,organic
T6981,C100746,2025-08-15 13:38:00,pay,71.84,0.36,groceries,True,COMPLETED,HaiPhong,organic
T8356,C100893,2025-08-15 13:41:00,pay,50.44,0.25,health,True,COMPLETED,Hanoi,organic
T8555,C100911,2025-08-15 14:34:00,pay,9.81,0.05,other,False,COMPLETED,HaiPhong,organic
T6986,C100746,2025-08-15 14:51:00,transfer,56.1,0.11,electronics,False,COMPLETED,HaiPhong,organic
T4399,C100465,2025-08-15 15:31:00,pay,7.58,0.04,utilities,True,COMPLETED,Hanoi,paid
T4707,C100501,2025-08-15 15:36:00,topup,25.0,0.02,utilities,False,COMPLETED,HCMC,organic
T4349,C100458,2025-08-15 15:37:00,savings,29.28,0.0,education,False,COMPLETED,HCMC,referral
T9023,C100958,2025-08-15 15:44:00,transfer,13.15,0.03,groceries,True,COMPLETED,HCMC,organic
T8384,C100897,2025-08-15 16:03:00,pay,25.31,0.13,other,False,COMPLETED,HCMC,organic
T5062,C100542,2025-08-15 16:07:00,savings,29.04,0.0,education,False,COMPLETED,HCMC,organic
T6962,C100745,2025-08-15 16:27:00,transfer,31.29,0.06,entertainment,True,COMPLETED,HaiPhong,organic
T8264,C100886,2025-08-15 16:28:00,pay,27.44,0.14,entertainment,False,COMPLETED,Hanoi,campaign
T5030,C100538,2025-08-15 16:40:00,transfer,44.49,0.09,health,False,COMPLETED,HaiPhong,organic
T6686,C100719,2025-08-15 16:41:00,pay,38.6,0.19,groceries,False,COMPLETED,DaNang,campaign
T6683,C100719,2025-08-15 16:45:00,pay,37.99,0.19,food_delivery,True,COMPLETED,DaNang,campaign
T3285,C100348,2025-08-15 17:07:00,bill_pay,46.66,0.14,electronics,True,COMPLETED,HCMC,paid
T8938,C100951,2025-08-15 17:21:00,pay,64.26,0.32,groceries,False,COMPLETED,Hanoi,paid
T8520,C100909,2025-08-15 17:23:00,pay,20.36,0.1,fashion,True,FAILED,DaNang,organic
T7773,C100828,2025-08-15 17:54:00,pay,15.61,0.08,health,False,COMPLETED,Hanoi,organic
T8866,C100946,2025-08-15 18:04:00,transfer,26.47,0.05,utilities,True,COMPLETED,Hanoi,organic
T8869,C100946,2025-08-15 18:30:00,savings,14.33,0.0,other,False,COMPLETED,Hanoi,organic
T7984,C100852,2025-08-15 18:38:00,pay,11.9,0.06,other,True,COMPLETED,HCMC,campaign
T8443,C100900,2025-08-15 18:51:00,transfer,49.41,0.1,utilities,True,COMPLETED,Hanoi,paid
T6320,C100676,2025-08-15 19:14:00,transfer,6.04,0.01,fashion,False,COMPLETED,HCMC,organic
T4219,C100438,2025-08-15 19:22:00,pay,8.25,0.04,groceries,False,COMPLETED,HCMC,paid
T2615,C100286,2025-08-15 19:26:00,transfer,73.11,0.15,groceries,False,COMPLETED,DaNang,organic
T7441,C100785,2025-08-15 19:44:00,pay,26.11,0.13,entertainment,False,COMPLETED,Hanoi,organic
T8111,C100869,2025-08-15 19:48:00,pay,23.59,0.12,food_delivery,False,COMPLETED,HCMC,referral
T6829,C100732,2025-08-15 20:13:00,transfer,25.06,0.05,utilities,True,COMPLETED,Hanoi,paid
T6239,C100665,2025-08-15 20:33:00,savings,6.19,0.0,health,True,COMPLETED,Hanoi,paid
T8822,C100940,2025-08-16 09:37:00,topup,75.09,0.08,health,True,COMPLETED,HCMC,paid
T8604,C100913,2025-08-16 09:52:00,bill_pay,32.26,0.1,entertainment,True,COMPLETED,CanTho,organic
T8580,C100912,2025-08-16 09:56:00,transfer,85.49,0.17,entertainment,False,COMPLETED,Hanoi,organic
T7201,C100762,2025-08-16 10:09:00,pay,53.84,0.27,other,True,COMPLETED,Hanoi,organic
T4879,C100523,2025-08-16 10:25:00,savings,164.55,0.0,education,False,COMPLETED,HCMC,referral
T7560,C100798,2025-08-16 10:29:00,transfer,12.45,0.02,other,True,COMPLETED,HCMC,campaign
T8091,C100867,2025-08-16 10:37:00,pay,15.28,0.08,utilities,False,COMPLETED,HCMC,referral
T7790,C100832,2025-08-16 10:37:00,transfer,20.85,0.04,fashion,True,COMPLETED,HCMC,referral
T8610,C100913,2025-08-16 10:44:00,savings,61.29,0.0,groceries,True,COMPLETED,CanTho,organic
T2910,C100309,2025-08-16 10:58:00,transfer,25.52,0.05,health,False,COMPLETED,HCMC,paid
T5432,C100580,2025-08-16 11:15:00,topup,6.83,0.01,electronics,False,COMPLETED,Hanoi,referral
T7768,C100823,2025-08-16 11:33:00,pay,5.29,0.03,other,False,COMPLETED,HCMC,campaign
T8795,C100937,2025-08-16 11:50:00,transfer,25.23,0.05,education,True,COMPLETED,HCMC,organic
T7758,C100821,2025-08-16 12:13:00,transfer,35.64,0.07,entertainment,False,COMPLETED,HCMC,organic
T1990,C100223,2025-08-16 12:20:00,transfer,17.78,0.04,other,False,COMPLETED,HCMC,referral
T7493,C100791,2025-08-16 12:32:00,bill_pay,70.56,0.21,food_delivery,False,COMPLETED,HCMC,referral
T7930,C100849,2025-08-16 12:41:00,bill_pay,24.46,0.07,food_delivery,False,COMPLETED,Hanoi,referral
T9012,C100958,2025-08-16 12:44:00,pay,62.0,0.31,education,False,COMPLETED,HCMC,organic
T8781,C100936,2025-08-16 12:49:00,bill_pay,65.58,0.2,utilities,False,COMPLETED,HCMC,referral
T8422,C100898,2025-08-16 12:50:00,bill_pay,32.26,0.1,transport,True,COMPLETED,HCMC,organic
T7296,C100769,2025-08-16 13:06:00,transfer,34.01,0.07,electronics,False,COMPLETED,Hanoi,organic
T8831,C100940,2025-08-16 13:07:00,pay,52.49,0.26,other,True,COMPLETED,HCMC,paid
T7682,C100814,2025-08-16 13:24:00,pay,72.61,0.36,electronics,False,COMPLETED,Hanoi,organic
T794,C100085,2025-08-16 13:43:00,savings,22.6,0.0,electronics,False,COMPLETED,HCMC,organic
T8332,C100890,2025-08-16 13:51:00,pay,10.5,0.05,education,True,COMPLETED,DaNang,organic
T7893,C100841,2025-08-16 14:19:00,pay,37.11,0.19,food_delivery,True,COMPLETED,HCMC,organic
T6934,C100743,2025-08-16 15:06:00,pay,3.41,0.02,transport,False,COMPLETED,HaiPhong,organic
T8473,C100904,2025-08-16 15:26:00,invest,77.13,0.04,utilities,False,COMPLETED,HCMC,organic
T5084,C100544,2025-08-16 15:37:00,transfer,42.41,0.08,food_delivery,False,COMPLETED,DaNang,referral
T7594,C100802,2025-08-16 15:51:00,pay,29.25,0.15,utilities,True,COMPLETED,Hanoi,organic
T8889,C100947,2025-08-16 15:53:00,topup,109.25,0.11,transport,False,COMPLETED,Hanoi,paid
T8126,C100872,2025-08-16 15:53:00,bill_pay,80.84,0.24,transport,False,COMPLETED,HCMC,organic
T8730,C100928,2025-08-16 16:04:00,savings,47.26,0.0,electronics,False,COMPLETED,Hanoi,referral
T4313,C100452,2025-08-16 16:04:00,bill_pay,75.95,0.23,food_delivery,True,COMPLETED,Hanoi,organic
T6970,C100746,2025-08-16 16:20:00,transfer,42.2,0.08,other,True,COMPLETED,HaiPhong,organic
T8142,C100874,2025-08-16 16:30:00,pay,14.38,0.07,entertainment,True,COMPLETED,HCMC,paid
T6804,C100730,2025-08-16 16:36:00,savings,7.33,0.0,utilities,True,COMPLETED,DaNang,organic
T9016,C100958,2025-08-16 16:49:00,bill_pay,31.5,0.09,electronics,False,COMPLETED,HCMC,organic
T8961,C100954,2025-08-16 17:02:00,savings,42.22,0.0,electronics,False,COMPLETED,HaiPhong,paid
T3264,C100343,2025-08-16 17:26:00,transfer,18.05,0.04,transport,False,COMPLETED,Hanoi,campaign
T5369,C100574,2025-08-16 17:36:00,topup,33.18,0.03,electronics,False,COMPLETED,Hanoi,paid
T8856,C100944,2025-08-16 17:39:00,transfer,18.26,0.04,electronics,False,FAILED,HCMC,paid
T7637,C100803,2025-08-16 17:39:00,transfer,18.39,0.04,education,True,COMPLETED,Hanoi,paid
T6936,C100743,2025-08-16 18:17:00,transfer,23.76,0.05,health,True,COMPLETED,HaiPhong,organic
T8852,C100944,2025-08-16 18:45:00,savings,53.44,0.0,education,True,COMPLETED,HCMC,paid
T1907,C100212,2025-08-16 19:10:00,topup,118.68,0.12,food_delivery,False,COMPLETED,HCMC,organic
T5995,C100637,2025-08-16 19:18:00,transfer,9.98,0.02,utilities,False,COMPLETED,Hanoi,organic
T7803,C100834,2025-08-16 19:20:00,transfer,14.11,0.03,health,False,FAILED,Hanoi,organic
T3660,C100386,2025-08-16 19:20:00,pay,9.5,0.05,education,False,COMPLETED,HCMC,organic
T1710,C100195,2025-08-16 19:34:00,transfer,27.7,0.06,other,True,COMPLETED,Hanoi,referral
T6659,C100718,2025-08-16 19:39:00,transfer,26.01,0.05,transport,True,COMPLETED,HCMC,organic
T7476,C100789,2025-08-16 20:10:00,bill_pay,150.84,0.45,groceries,True,COMPLETED,HCMC,campaign
T3442,C100363,2025-08-16 20:37:00,bill_pay,16.57,0.05,utilities,True,COMPLETED,HCMC,paid
T8701,C100925,2025-08-16 20:45:00,invest,12.95,0.01,food_delivery,False,COMPLETED,CanTho,organic
T8980,C100955,2025-08-16 20:47:00,savings,5.78,0.0,transport,False,COMPLETED,DaNang,organic
T8458,C100904,2025-08-16 20:50:00,transfer,20.84,0.04,electronics,False,COMPLETED,HCMC,organic
T6593,C100706,2025-08-16 20:52:00,pay,107.66,0.54,electronics,False,COMPLETED,Hanoi,referral
T8834,C100940,2025-08-17 09:04:00,pay,32.29,0.16,other,True,COMPLETED,HCMC,paid
T8883,C100947,2025-08-17 09:05:00,transfer,20.17,0.04,other,True,COMPLETED,Hanoi,paid
T7621,C100803,2025-08-17 09:05:00,pay,44.92,0.22,food_delivery,False,COMPLETED,Hanoi,paid
T368,C100039,2025-08-17 09:27:00,pay,24.13,0.12,electronics,True,COMPLETED,HCMC,referral
T8747,C100932,2025-08-17 09:37:00,transfer,14.59,0.03,fashion,True,COMPLETED,HCMC,organic
T7216,C100765,2025-08-17 10:11:00,bill_pay,33.62,0.1,health,False,COMPLETED,HCMC,paid
T567,C100054,2025-08-17 10:13:00,pay,34.68,0.17,transport,False,COMPLETED,DaNang,paid
T695,C100072,2025-08-17 10:28:00,pay,6.55,0.03,food_delivery,False,COMPLETED,HCMC,organic
T7652,C100813,2025-08-17 10:46:00,savings,99.8,0.0,other,False,COMPLETED,HCMC,paid
T4946,C100527,2025-08-17 11:03:00,pay,22.11,0.11,transport,False,COMPLETED,HCMC,organic
T7826,C100836,2025-08-17 11:12:00,transfer,22.68,0.05,fashion,True,COMPLETED,Hanoi,paid
T7313,C100769,2025-08-17 11:35:00,pay,29.85,0.15,transport,True,COMPLETED,Hanoi,organic
T6003,C100637,2025-08-17 11:47:00,transfer,9.56,0.02,utilities,True,COMPLETED,Hanoi,organic
T8916,C100951,2025-08-17 12:21:00,pay,61.07,0.31,fashion,True,COMPLETED,Hanoi,paid
T8400,C100898,2025-08-17 12:23:00,pay,17.17,0.09,education,False,COMPLETED,HCMC,organic
T1156,C100129,2025-08-17 12:25:00,savings,31.52,0.0,utilities,False,COMPLETED,HCMC,organic
T6648,C100714,2025-08-17 12:41:00,savings,21.77,0.0,electronics,False,COMPLETED,Hanoi,referral
T8513,C100908,2025-08-17 12:45:00,transfer,47.97,0.1,electronics,True,COMPLETED,HCMC,organic
T8543,C100910,2025-08-17 12:56:00,savings,13.64,0.0,other,True,COMPLETED,Hanoi,organic
T1954,C100219,2025-08-17 13:04:00,pay,15.68,0.08,utilities,False,COMPLETED,CanTho,paid
T8081,C100866,2025-08-17 13:24:00,transfer,9.1,0.02,other,True,COMPLETED,Hanoi,paid
T8067,C100865,2025-08-17 13:40:00,pay,75.32,0.38,fashion,False,COMPLETED,DaNang,organic
T3714,C100390,2025-08-17 13:43:00,pay,19.57,0.1,groceries,False,FAILED,HCMC,paid
T8208,C100879,2025-08-17 13:48:00,savings,10.89,0.0,transport,False,COMPLETED,HCMC,organic
T8505,C100906,2025-08-17 13:53:00,pay,39.86,0.2,utilities,True,COMPLETED,CanTho,organic
T8719,C100927,2025-08-17 14:25:00,pay,13.94,0.07,entertainment,False,COMPLETED,HCMC,paid
T8836,C100942,2025-08-17 14:27:00,pay,30.63,0.15,other,True,COMPLETED,HCMC,paid
T8867,C100946,2025-08-17 14:34:00,pay,15.27,0.08,groceries,False,COMPLETED,Hanoi,organic
T8624,C100914,2025-08-17 14:52:00,savings,28.41,0.0,electronics,False,COMPLETED,Hanoi,organic
T8070,C100865,2025-08-17 15:21:00,savings,43.58,0.0,fashion,True,COMPLETED,DaNang,organic
T8752,C100932,2025-08-17 15:27:00,savings,26.46,0.0,other,True,COMPLETED,HCMC,organic
T8603,C100913,2025-08-17 15:34:00,pay,7.17,0.04,fashion,False,COMPLETED,CanTho,organic
T8129,C100872,2025-08-17 15:35:00,transfer,20.24,0.04,transport,True,COMPLETED,HCMC,organic
T8798,C100937,2025-08-17 15:36:00,transfer,28.91,0.06,entertainment,True,COMPLETED,HCMC,organic
T287,C100034,2025-08-17 16:38:00,savings,6.22,0.0,other,True,COMPLETED,CanTho,referral
T4449,C100475,2025-08-17 17:03:00,bill_pay,33.87,0.1,health,True,COMPLETED,HCMC,paid
T8703,C100925,2025-08-17 17:09:00,pay,125.5,0.63,fashion,False,COMPLETED,CanTho,organic
T8114,C100869,2025-08-17 17:38:00,bill_pay,44.22,0.13,fashion,False,COMPLETED,HCMC,referral
T8888,C100947,2025-08-17 17:50:00,transfer,9.12,0.02,fashion,False,COMPLETED,Hanoi,paid
T1956,C100219,2025-08-17 17:56:00,transfer,49.88,0.1,utilities,False,COMPLETED,CanTho,paid
T8774,C100936,2025-08-17 17:57:00,savings,4.38,0.0,other,False,COMPLETED,HCMC,referral
T8478,C100904,2025-08-17 18:04:00,pay,36.9,0.18,entertainment,False,COMPLETED,HCMC,organic
T8310,C100887,2025-08-17 18:04:00,pay,4.62,0.02,groceries,False,COMPLETED,Hanoi,organic
T7912,C100846,2025-08-17 18:13:00,savings,30.36,0.0,education,True,COMPLETED,Hanoi,organic
T8499,C100906,2025-08-17 18:14:00,bill_pay,122.84,0.37,utilities,True,COMPLETED,CanTho,organic
T8093,C100867,2025-08-17 18:22:00,savings,21.28,0.0,other,False,COMPLETED,HCMC,referral
T4286,C100451,2025-08-17 18:39:00,transfer,50.46,0.1,entertainment,False,COMPLETED,Hanoi,organic
T8997,C100956,2025-08-17 18:39:00,transfer,138.13,0.28,entertainment,True,COMPLETED,Hanoi,referral
T5925,C100633,2025-08-17 18:49:00,topup,40.54,0.04,education,False,COMPLETED,HCMC,organic
T8830,C100940,2025-08-17 18:51:00,pay,32.6,0.16,utilities,True,COMPLETED,HCMC,paid
T7623,C100803,2025-08-17 19:04:00,savings,26.2,0.0,education,False,COMPLETED,Hanoi,paid
T8017,C100859,2025-08-17 19:16:00,pay,16.9,0.08,groceries,False,COMPLETED,HaiPhong,paid
T8174,C100875,2025-08-17 19:27:00,transfer,48.55,0.1,utilities,False,COMPLETED,CanTho,organic
T1584,C100176,2025-08-17 19:42:00,pay,17.98,0.09,electronics,True,COMPLETED,Hanoi,referral
T1332,C100151,2025-08-17 19:51:00,savings,11.78,0.0,education,False,COMPLETED,CanTho,paid
T2093,C100237,2025-08-17 19:58:00,transfer,31.18,0.06,utilities,False,COMPLETED,HCMC,campaign
T4079,C100424,2025-08-17 20:18:00,pay,13.17,0.07,transport,False,COMPLETED,HaiPhong,organic
T8485,C100906,2025-08-17 20:56:00,transfer,91.18,0.18,electronics,False,COMPLETED,CanTho,organic
T19,C100003,2025-08-18 09:25:00,savings,26.07,0.0,food_delivery,False,COMPLETED,Hanoi,organic
T8810,C100940,2025-08-18 09:27:00,pay,27.6,0.14,fashion,True,COMPLETED,HCMC,paid
T8937,C100951,2025-08-18 09:32:00,bill_pay,35.91,0.11,entertainment,True,COMPLETED,Hanoi,paid
T4829,C100518,2025-08-18 09:36:00,pay,66.43,0.33,transport,True,COMPLETED,DaNang,organic
T8296,C100887,2025-08-18 09:57:00,pay,68.96,0.34,groceries,False,COMPLETED,Hanoi,organic
T8707,C100925,2025-08-18 10:42:00,savings,15.81,0.0,transport,False,COMPLETED,CanTho,organic
T7001,C100748,2025-08-18 10:47:00,pay,21.43,0.11,health,False,COMPLETED,Hanoi,paid
T7526,C100796,2025-08-18 11:14:00,pay,6.09,0.03,entertainment,False,COMPLETED,DaNang,organic
T7903,C100846,2025-08-18 11:18:00,pay,17.45,0.09,fashion,False,COMPLETED,Hanoi,organic
T6611,C100707,2025-08-18 11:19:00,transfer,48.71,0.1,other,False,COMPLETED,HCMC,paid
T7572,C100798,2025-08-18 11:19:00,pay,30.08,0.15,food_delivery,False,COMPLETED,HCMC,campaign
T8962,C100954,2025-08-18 11:43:00,transfer,20.13,0.04,entertainment,False,COMPLETED,HaiPhong,paid
T6237,C100665,2025-08-18 11:45:00,pay,185.42,0.93,electronics,True,COMPLETED,Hanoi,paid
T6734,C100725,2025-08-18 11:45:00,pay,19.92,0.1,entertainment,True,COMPLETED,HCMC,referral
T8946,C100953,2025-08-18 12:05:00,pay,63.3,0.32,groceries,True,COMPLETED,Hanoi,paid
T8234,C100880,2025-08-18 12:12:00,savings,5.52,0.0,other,False,COMPLETED,CanTho,referral
T7438,C100783,2025-08-18 12:17:00,transfer,100.35,0.2,other,False,COMPLETED,Hanoi,paid
T7012,C100749,2025-08-18 12:20:00,transfer,16.33,0.03,entertainment,True,FAILED,HCMC,paid
T8881,C100946,2025-08-18 12:58:00,transfer,51.4,0.1,fashion,False,COMPLETED,Hanoi,organic
T7925,C100848,2025-08-18 13:07:00,invest,18.87,0.01,electronics,False,COMPLETED,Hanoi,organic
T7292,C100769,2025-08-18 13:09:00,pay,7.33,0.04,groceries,True,COMPLETED,Hanoi,organic
T8501,C100906,2025-08-18 13:13:00,transfer,31.69,0.06,health,False,COMPLETED,CanTho,organic
T1449,C100167,2025-08-18 13:23:00,savings,33.21,0.0,utilities,True,COMPLETED,DaNang,paid
T8683,C100924,2025-08-18 13:32:00,transfer,13.83,0.03,fashion,False,COMPLETED,HCMC,paid
T8518,C100908,2025-08-18 13:40:00,pay,47.05,0.24,utilities,False,COMPLETED,HCMC,organic
T3063,C100327,2025-08-18 13:49:00,transfer,75.44,0.15,transport,False,COMPLETED,Hanoi,organic
T206,C100028,2025-08-18 14:10:00,transfer,44.17,0.09,electronics,False,COMPLETED,DaNang,organic
T7628,C100803,2025-08-18 14:12:00,savings,10.88,0.0,entertainment,True,COMPLETED,Hanoi,paid
T3230,C100341,2025-08-18 14:30:00,transfer,81.24,0.16,fashion,False,COMPLETED,Hanoi,organic
T1896,C100210,2025-08-18 14:33:00,savings,132.15,0.0,utilities,True,COMPLETED,Hanoi,paid
T5624,C100601,2025-08-18 14:36:00,transfer,82.84,0.17,education,True,COMPLETED,Hanoi,organic
T8536,C100910,2025-08-18 16:20:00,pay,19.38,0.1,entertainment,False,COMPLETED,Hanoi,organic
T8878,C100946,2025-08-18 16:24:00,transfer,28.25,0.06,fashion,False,COMPLETED,Hanoi,organic
T8758,C100933,2025-08-18 16:32:00,pay,51.36,0.26,utilities,True,COMPLETED,HaiPhong,organic
T8975,C100954,2025-08-18 16:39:00,savings,79.69,0.0,fashion,False,COMPLETED,HaiPhong,paid
T6823,C100730,2025-08-18 16:51:00,transfer,22.62,0.05,groceries,False,COMPLETED,DaNang,organic
T8661,C100922,2025-08-18 17:14:00,bill_pay,84.76,0.25,education,False,COMPLETED,CanTho,paid
T8970,C100954,2025-08-18 17:22:00,pay,196.36,0.98,other,False,COMPLETED,HaiPhong,paid
T2474,C100271,2025-08-18 17:26:00,pay,44.0,0.22,transport,False,COMPLETED,HCMC,paid
T7396,C100780,2025-08-18 17:28:00,pay,13.1,0.07,groceries,True,COMPLETED,Hanoi,paid
T8357,C100893,2025-08-18 17:33:00,pay,10.46,0.05,food_delivery,False,COMPLETED,Hanoi,organic
T8971,C100954,2025-08-18 17:35:00,pay,46.32,0.23,fashion,False,COMPLETED,HaiPhong,paid
T6790,C100729,2025-08-18 17:47:00,savings,75.48,0.0,transport,True,COMPLETED,Hanoi,paid
T8633,C100920,2025-08-18 18:10:00,transfer,37.71,0.08,entertainment,False,COMPLETED,HCMC,referral
T8927,C100951,2025-08-18 18:17:00,transfer,17.57,0.04,education,False,COMPLETED,Hanoi,paid
T8206,C100879,2025-08-18 18:25:00,pay,23.22,0.12,electronics,False,COMPLETED,HCMC,organic
T8346,C100892,2025-08-18 18:46:00,pay,29.34,0.15,electronics,False,COMPLETED,Hanoi,organic
T5443,C100581,2025-08-18 18:53:00,savings,26.06,0.0,electronics,True,COMPLETED,HCMC,referral
T9014,C100958,2025-08-18 19:15:00,transfer,63.54,0.13,food_delivery,False,COMPLETED,HCMC,organic
T8784,C100936,2025-08-18 19:33:00,transfer,39.21,0.08,fashion,False,COMPLETED,HCMC,referral
T8581,C100912,2025-08-18 19:43:00,pay,129.17,0.65,electronics,False,COMPLETED,Hanoi,organic
T8955,C100953,2025-08-18 19:47:00,bill_pay,45.15,0.14,other,False,COMPLETED,Hanoi,paid
T8149,C100874,2025-08-18 19:54:00,pay,60.65,0.3,transport,True,COMPLETED,HCMC,paid
T8460,C100904,2025-08-18 20:07:00,pay,34.7,0.17,other,True,COMPLETED,HCMC,organic
T5034,C100538,2025-08-18 20:14:00,transfer,10.1,0.02,fashion,False,COMPLETED,HaiPhong,organic
T8630,C100914,2025-08-18 20:21:00,pay,8.76,0.04,health,False,COMPLETED,Hanoi,organic
T7140,C100757,2025-08-18 20:29:00,savings,23.67,0.0,groceries,True,COMPLETED,Hanoi,referral
T5289,C100565,2025-08-18 20:37:00,bill_pay,14.35,0.04,electronics,False,COMPLETED,DaNang,organic
T7932,C100849,2025-08-18 20:44:00,pay,27.39,0.14,entertainment,False,COMPLETED,Hanoi,referral
T7455,C100785,2025-08-18 20:54:00,pay,18.12,0.09,education,True,COMPLETED,Hanoi,organic
T4451,C100475,2025-08-19 09:03:00,pay,13.35,0.07,education,False,COMPLETED,HCMC,paid
T8846,C100944,2025-08-19 09:09:00,transfer,23.71,0.05,fashion,True,COMPLETED,HCMC,paid
T8792,C100937,2025-08-19 09:31:00,topup,166.65,0.17,utilities,True,COMPLETED,HCMC,organic
T8968,C100954,2025-08-19 10:05:00,bill_pay,21.71,0.07,food_delivery,True,COMPLETED,HaiPhong,paid
T8893,C100949,2025-08-19 10:06:00,transfer,43.27,0.09,utilities,False,COMPLETED,HCMC,paid
T8506,C100906,2025-08-19 10:14:00,pay,13.42,0.07,fashion,True,COMPLETED,CanTho,organic
T7620,C100803,2025-08-19 10:30:00,savings,20.29,0.0,transport,True,COMPLETED,Hanoi,paid
T8978,C100954,2025-08-19 10:46:00,savings,25.47,0.0,education,True,COMPLETED,HaiPhong,paid
T2031,C100231,2025-08-19 10:58:00,pay,45.97,0.23,other,False,COMPLETED,HCMC,paid
T8291,C100887,2025-08-19 11:26:00,pay,54.58,0.27,other,False,COMPLETED,Hanoi,organic
T9038,C100962,2025-08-19 11:33:00,transfer,8.36,0.02,food_delivery,False,COMPLETED,Hanoi,paid
T7522,C100796,2025-08-19 11:37:00,transfer,19.62,0.04,groceries,False,COMPLETED,DaNang,organic
T6157,C100651,2025-08-19 11:40:00,invest,22.1,0.01,health,False,COMPLETED,HCMC,referral
T7387,C100780,2025-08-19 12:07:00,savings,30.12,0.0,fashion,False,COMPLETED,Hanoi,paid
T8464,C100904,2025-08-19 12:34:00,savings,31.73,0.0,transport,False,COMPLETED,HCMC,organic
T8652,C100921,2025-08-19 12:42:00,savings,16.02,0.0,transport,False,COMPLETED,Hanoi,referral
T3148,C100334,2025-08-19 12:48:00,pay,13.27,0.07,transport,False,COMPLETED,HCMC,organic
T8762,C100933,2025-08-19 13:00:00,topup,13.84,0.01,transport,False,COMPLETED,HaiPhong,organic
T7527,C100796,2025-08-19 13:17:00,transfer,23.16,0.05,transport,True,COMPLETED,DaNang,organic
T7334,C100771,2025-08-19 13:26:00,pay,36.43,0.18,entertainment,False,COMPLETED,DaNang,paid
T8828,C100940,2025-08-19 13:34:00,pay,32.04,0.16,transport,False,COMPLETED,HCMC,paid
T2659,C100291,2025-08-19 13:45:00,transfer,57.03,0.11,other,False,COMPLETED,HCMC,organic
T8990,C100955,2025-08-19 13:46:00,savings,108.65,0.0,fashion,False,COMPLETED,DaNang,organic
T5161,C100551,2025-08-19 13:54:00,transfer,15.05,0.03,groceries,True,COMPLETED,Hanoi,paid
T8943,C100953,2025-08-19 13:55:00,pay,15.22,0.08,entertainment,True,COMPLETED,Hanoi,paid
T8928,C100951,2025-08-19 13:59:00,transfer,90.22,0.18,education,False,COMPLETED,Hanoi,paid
T8813,C100940,2025-08-19 14:19:00,pay,21.4,0.11,entertainment,True,COMPLETED,HCMC,paid
T8359,C100893,2025-08-19 14:29:00,pay,12.43,0.06,utilities,False,COMPLETED,Hanoi,organic
T9041,C100962,2025-08-19 14:33:00,transfer,60.16,0.12,entertainment,False,COMPLETED,Hanoi,paid
T7150,C100759,2025-08-19 14:56:00,savings,63.96,0.0,other,False,COMPLETED,HCMC,organic
T6413,C100683,2025-08-19 15:01:00,savings,22.39,0.0,health,True,COMPLETED,HCMC,organic
T4476,C100477,2025-08-19 15:24:00,invest,40.76,0.02,food_delivery,True,COMPLETED,CanTho,paid
T6417,C100684,2025-08-19 15:32:00,pay,48.95,0.24,health,True,COMPLETED,HaiPhong,paid
T1420,C100164,2025-08-19 15:37:00,savings,70.93,0.0,electronics,False,COMPLETED,CanTho,referral
T8855,C100944,2025-08-19 15:39:00,savings,14.5,0.0,groceries,True,COMPLETED,HCMC,paid
T1028,C100118,2025-08-19 15:49:00,savings,25.28,0.0,electronics,False,COMPLETED,Hanoi,organic
T6206,C100660,2025-08-19 15:54:00,savings,33.5,0.0,education,True,COMPLETED,HCMC,organic
T8892,C100949,2025-08-19 16:04:00,bill_pay,19.21,0.06,fashion,False,COMPLETED,HCMC,paid
T5234,C100556,2025-08-19 16:06:00,savings,13.26,0.0,fashion,False,COMPLETED,Hanoi,paid
T6384,C100681,2025-08-19 16:06:00,pay,16.41,0.08,transport,False,COMPLETED,HCMC,organic
T7639,C100803,2025-08-19 16:32:00,pay,152.87,0.76,electronics,False,COMPLETED,Hanoi,paid
T8861,C100945,2025-08-19 16:44:00,bill_pay,34.8,0.1,entertainment,False,COMPLETED,HCMC,paid
T7011,C100749,2025-08-19 17:08:00,topup,28.84,0.03,transport,False,COMPLETED,HCMC,paid
T8932,C100951,2025-08-19 17:19:00,savings,47.23,0.0,utilities,False,COMPLETED,Hanoi,paid
T8334,C100890,2025-08-19 17:23:00,pay,29.16,0.15,food_delivery,False,COMPLETED,DaNang,organic
T2092,C100237,2025-08-19 17:24:00,pay,9.42,0.05,fashion,False,COMPLETED,HCMC,campaign
T3754,C100395,2025-08-19 17:33:00,pay,13.53,0.07,other,True,COMPLETED,Hanoi,organic
T6638,C100712,2025-08-19 17:34:00,transfer,30.73,0.06,other,True,COMPLETED,CanTho,paid
T4609,C100489,2025-08-19 18:03:00,transfer,38.98,0.08,transport,False,COMPLETED,Hanoi,organic
T5750,C100611,2025-08-19 18:09:00,bill_pay,34.84,0.1,utilities,False,COMPLETED,HCMC,campaign
T6837,C100732,2025-08-19 18:19:00,pay,23.87,0.12,food_delivery,True,COMPLETED,Hanoi,paid
T8853,C100944,2025-08-19 18:26:00,pay,25.27,0.13,food_delivery,False,COMPLETED,HCMC,paid
T9055,C100964,2025-08-19 18:26:00,pay,34.26,0.17,other,False,COMPLETED,Hanoi,referral
T5913,C100633,2025-08-19 18:30:00,transfer,22.04,0.04,electronics,False,COMPLETED,HCMC,organic
T8862,C100945,2025-08-19 18:43:00,pay,24.5,0.12,entertainment,False,COMPLETED,HCMC,paid
T8664,C100922,2025-08-19 18:46:00,transfer,53.37,0.11,other,False,COMPLETED,CanTho,paid
T2603,C100286,2025-08-19 18:55:00,bill_pay,40.33,0.12,groceries,False,COMPLETED,DaNang,organic
T8324,C100890,2025-08-19 19:04:00,savings,18.61,0.0,other,False,COMPLETED,DaNang,organic
T8045,C100864,2025-08-19 19:20:00,pay,76.34,0.38,utilities,True,COMPLETED,HCMC,organic
T8885,C100947,2025-08-19 19:28:00,pay,69.36,0.35,food_delivery,False,COMPLETED,Hanoi,paid
T7842,C100837,2025-08-19 19:35:00,pay,30.29,0.15,education,False,COMPLETED,HaiPhong,organic
T7757,C100821,2025-08-19 19:57:00,savings,13.3,0.0,groceries,False,COMPLETED,HCMC,organic
T9049,C100964,2025-08-19 20:14:00,transfer,23.23,0.05,groceries,True,COMPLETED,Hanoi,referral
T8772,C100936,2025-08-19 20:14:00,savings,81.89,0.0,fashion,False,COMPLETED,HCMC,referral
T8448,C100900,2025-08-19 20:20:00,savings,37.3,0.0,electronics,False,COMPLETED,Hanoi,paid
T8848,C100944,2025-08-19 20:20:00,pay,23.16,0.12,education,True,COMPLETED,HCMC,paid
T6432,C100685,2025-08-19 20:25:00,transfer,8.61,0.02,electronics,True,COMPLETED,HCMC,organic
T8372,C100895,2025-08-19 20:37:00,transfer,13.6,0.03,health,False,COMPLETED,HCMC,organic
T9025,C100958,2025-08-19 20:49:00,bill_pay,68.55,0.21,utilities,False,COMPLETED,HCMC,organic
T8832,C100940,2025-08-19 20:58:00,transfer,33.54,0.07,groceries,False,COMPLETED,HCMC,paid
T144,C100022,2025-08-20 09:01:00,transfer,22.84,0.05,health,True,COMPLETED,HCMC,organic
T6282,C100670,2025-08-20 09:03:00,transfer,26.71,0.05,fashion,False,COMPLETED,HCMC,paid
T2571,C100279,2025-08-20 09:06:00,pay,30.08,0.15,electronics,False,COMPLETED,Hanoi,paid
T3029,C100320,2025-08-20 09:15:00,pay,46.39,0.23,other,False,COMPLETED,CanTho,organic
T5969,C100635,2025-08-20 09:17:00,transfer,46.74,0.09,electronics,True,COMPLETED,HCMC,campaign
T6866,C100735,2025-08-20 09:20:00,pay,53.91,0.27,education,True,COMPLETED,HCMC,organic
T3938,C100413,2025-08-20 09:30:00,pay,18.71,0.09,other,False,COMPLETED,HCMC,paid
T9043,C100962,2025-08-20 09:35:00,invest,14.51,0.01,transport,False,COMPLETED,Hanoi,paid
T9045,C100962,2025-08-20 09:44:00,pay,24.08,0.12,utilities,False,COMPLETED,Hanoi,paid
T8546,C100910,2025-08-20 10:10:00,pay,82.28,0.41,education,True,COMPLETED,Hanoi,organic
T8966,C100954,2025-08-20 10:13:00,pay,19.01,0.1,utilities,False,COMPLETED,HaiPhong,paid
T6872,C100735,2025-08-20 10:17:00,transfer,64.43,0.13,utilities,True,FAILED,HCMC,organic
T8900,C100949,2025-08-20 11:15:00,pay,85.13,0.43,food_delivery,False,COMPLETED,HCMC,paid
T5766,C100614,2025-08-20 11:36:00,pay,21.6,0.11,other,True,COMPLETED,HCMC,organic
T8605,C100913,2025-08-20 11:44:00,savings,44.38,0.0,entertainment,False,COMPLETED,CanTho,organic
T6696,C100721,2025-08-20 11:50:00,pay,27.17,0.14,education,True,COMPLETED,HCMC,campaign
T4630,C100495,2025-08-20 12:07:00,bill_pay,15.78,0.05,other,False,COMPLETED,Hanoi,organic
T1349,C100154,2025-08-20 12:42:00,pay,27.52,0.14,electronics,True,COMPLETED,Hanoi,organic
T9064,C100964,2025-08-20 12:51:00,pay,110.41,0.55,electronics,False,COMPLETED,Hanoi,referral
T7743,C100821,2025-08-20 12:51:00,pay,27.05,0.14,other,False,COMPLETED,HCMC,organic
T1025,C100117,2025-08-20 13:19:00,bill_pay,5.33,0.02,groceries,False,COMPLETED,HCMC,organic
T1597,C100179,2025-08-20 13:41:00,savings,25.63,0.0,fashion,True,COMPLETED,HCMC,paid
T6418,C100684,2025-08-20 13:42:00,transfer,5.36,0.01,food_delivery,True,COMPLETED,HaiPhong,paid
T3272,C100343,2025-08-20 14:02:00,bill_pay,18.26,0.05,education,False,COMPLETED,Hanoi,campaign
T3522,C100369,2025-08-20 14:08:00,pay,64.44,0.32,fashion,False,COMPLETED,HCMC,paid
T8293,C100887,2025-08-20 14:13:00,transfer,97.39,0.19,electronics,False,COMPLETED,Hanoi,organic
T4823,C100517,2025-08-20 14:14:00,pay,19.5,0.1,entertainment,True,COMPLETED,Hanoi,organic
T9039,C100962,2025-08-20 14:19:00,pay,22.1,0.11,other,True,COMPLETED,Hanoi,paid
T8934,C100951,2025-08-20 14:23:00,pay,70.59,0.35,fashion,False,COMPLETED,Hanoi,paid
T8414,C100898,2025-08-20 14:37:00,pay,52.37,0.26,entertainment,True,COMPLETED,HCMC,organic
T9056,C100964,2025-08-20 14:40:00,pay,2.84,0.01,other,False,COMPLETED,Hanoi,referral
T9053,C100964,2025-08-20 14:44:00,pay,17.92,0.09,education,False,COMPLETED,Hanoi,referral
T7544,C100797,2025-08-20 14:55:00,transfer,15.39,0.03,health,True,COMPLETED,DaNang,organic
T2970,C100312,2025-08-20 15:00:00,pay,14.03,0.07,transport,False,COMPLETED,HCMC,campaign
T8835,C100942,2025-08-20 15:15:00,pay,15.07,0.08,health,False,COMPLETED,HCMC,paid
T3497,C100367,2025-08-20 15:40:00,transfer,64.51,0.13,fashion,False,COMPLETED,HCMC,paid
T8920,C100951,2025-08-20 15:42:00,transfer,30.68,0.06,fashion,False,COMPLETED,Hanoi,paid
T4684,C100500,2025-08-20 15:43:00,transfer,21.56,0.04,other,True,COMPLETED,HCMC,campaign
T8741,C100932,2025-08-20 15:43:00,topup,15.82,0.02,transport,True,COMPLETED,HCMC,organic
T8728,C100928,2025-08-20 16:06:00,pay,122.06,0.61,fashion,False,COMPLETED,Hanoi,referral
T8712,C100926,2025-08-20 16:12:00,transfer,34.32,0.07,electronics,False,COMPLETED,HCMC,paid
T7249,C100766,2025-08-20 16:26:00,pay,27.54,0.14,fashion,True,COMPLETED,HCMC,campaign
T1158,C100129,2025-08-20 16:29:00,pay,68.34,0.34,transport,False,COMPLETED,HCMC,organic
T8674,C100924,2025-08-20 16:42:00,transfer,38.38,0.08,food_delivery,True,COMPLETED,HCMC,paid
T9020,C100958,2025-08-20 16:53:00,transfer,34.27,0.07,transport,False,COMPLETED,HCMC,organic
T7782,C100828,2025-08-20 17:03:00,pay,111.79,0.56,fashion,False,COMPLETED,Hanoi,organic
T9062,C100964,2025-08-20 17:07:00,topup,67.32,0.07,food_delivery,False,COMPLETED,Hanoi,referral
T8156,C100874,2025-08-20 17:09:00,topup,13.28,0.01,groceries,True,COMPLETED,HCMC,paid
T8857,C100944,2025-08-20 17:18:00,savings,7.02,0.0,utilities,False,COMPLETED,HCMC,paid
T8643,C100921,2025-08-20 17:19:00,transfer,55.34,0.11,electronics,False,COMPLETED,Hanoi,referral
T8847,C100944,2025-08-20 18:04:00,transfer,23.0,0.05,health,False,FAILED,HCMC,paid
T6763,C100728,2025-08-20 18:18:00,pay,13.13,0.07,fashion,False,COMPLETED,HaiPhong,paid
T6795,C100729,2025-08-20 18:26:00,bill_pay,14.8,0.04,transport,False,COMPLETED,Hanoi,paid
T6844,C100733,2025-08-20 18:37:00,invest,10.79,0.01,entertainment,False,COMPLETED,HCMC,paid
T8845,C100944,2025-08-20 18:37:00,pay,11.9,0.06,food_delivery,False,COMPLETED,HCMC,paid
T8393,C100897,2025-08-20 18:49:00,pay,16.55,0.08,education,False,COMPLETED,HCMC,organic
T4012,C100419,2025-08-20 19:13:00,pay,25.64,0.13,transport,True,COMPLETED,Hanoi,referral
T8650,C100921,2025-08-20 19:16:00,transfer,34.88,0.07,food_delivery,True,COMPLETED,Hanoi,referral
T828,C100088,2025-08-20 19:32:00,bill_pay,23.58,0.07,transport,False,COMPLETED,HCMC,organic
T9059,C100964,2025-08-20 19:33:00,savings,10.87,0.0,fashion,False,COMPLETED,Hanoi,referral
T7805,C100834,2025-08-20 19:38:00,pay,24.55,0.12,utilities,True,COMPLETED,Hanoi,organic
T8918,C100951,2025-08-20 19:43:00,transfer,2.02,0.0,education,False,COMPLETED,Hanoi,paid
T8538,C100910,2025-08-20 19:44:00,transfer,53.74,0.11,food_delivery,True,COMPLETED,Hanoi,organic
T6963,C100745,2025-08-20 19:50:00,bill_pay,46.48,0.14,transport,False,FAILED,HaiPhong,organic
T7234,C100765,2025-08-20 19:54:00,invest,18.17,0.01,utilities,False,COMPLETED,HCMC,paid
T8871,C100946,2025-08-20 20:07:00,transfer,18.47,0.04,groceries,False,COMPLETED,Hanoi,organic
T9080,C100967,2025-08-20 20:23:00,pay,32.57,0.16,health,False,COMPLETED,CanTho,organic
T8459,C100904,2025-08-20 20:27:00,transfer,15.79,0.03,transport,False,COMPLETED,HCMC,organic
T9001,C100956,2025-08-20 20:28:00,transfer,34.42,0.07,transport,False,COMPLETED,Hanoi,referral
T8948,C100953,2025-08-20 20:38:00,savings,11.66,0.0,fashion,False,COMPLETED,Hanoi,paid
T4424,C100467,2025-08-20 20:40:00,transfer,31.59,0.06,utilities,False,COMPLETED,Hanoi,organic
T9003,C100958,2025-08-20 20:50:00,pay,11.77,0.06,groceries,True,COMPLETED,HCMC,organic
T8909,C100949,2025-08-20 20:56:00,savings,13.43,0.0,education,False,COMPLETED,HCMC,paid
T7046,C100751,2025-08-20 20:59:00,topup,37.38,0.04,groceries,False,COMPLETED,HCMC,referral
T7524,C100796,2025-08-21 09:01:00,savings,56.22,0.0,transport,True,COMPLETED,DaNang,organic
T1319,C100144,2025-08-21 09:02:00,transfer,21.71,0.04,education,False,COMPLETED,HCMC,organic
T6494,C100690,2025-08-21 09:04:00,savings,8.69,0.0,electronics,True,COMPLETED,HCMC,paid
T3820,C100401,2025-08-21 09:21:00,transfer,152.42,0.3,transport,False,COMPLETED,DaNang,organic
T7918,C100846,2025-08-21 09:27:00,pay,42.24,0.21,other,True,COMPLETED,Hanoi,organic
T5699,C100604,2025-08-21 09:34:00,transfer,31.85,0.06,electronics,False,COMPLETED,DaNang,organic
T8851,C100944,2025-08-21 09:35:00,pay,6.87,0.03,utilities,False,COMPLETED,HCMC,paid
T8056,C100864,2025-08-21 09:38:00,pay,39.63,0.2,transport,False,COMPLETED,HCMC,organic
T8825,C100940,2025-08-21 09:44:00,pay,25.2,0.13,other,False,COMPLETED,HCMC,paid
T6649,C100714,2025-08-21 09:47:00,savings,6.58,0.0,food_delivery,False,COMPLETED,Hanoi,referral
T8936,C100951,2025-08-21 09:51:00,pay,35.74,0.18,transport,False,COMPLETED,Hanoi,paid
T8925,C100951,2025-08-21 10:05:00,pay,18.58,0.09,health,False,COMPLETED,Hanoi,paid
T7499,C100792,2025-08-21 10:10:00,bill_pay,12.24,0.04,transport,True,COMPLETED,Hanoi,paid
T8532,C100909,2025-08-21 10:13:00,transfer,421.29,0.84,utilities,True,FAILED,DaNang,organic
T6761,C100728,2025-08-21 10:13:00,pay,21.47,0.11,food_delivery,False,COMPLETED,HaiPhong,paid
T6501,C100691,2025-08-21 10:28:00,savings,19.25,0.0,education,False,COMPLETED,Hanoi,paid
T8969,C100954,2025-08-21 10:58:00,transfer,61.23,0.12,transport,False,COMPLETED,HaiPhong,paid
T3601,C100377,2025-08-21 11:07:00,transfer,9.2,0.02,other,True,COMPLETED,HCMC,referral
T7308,C100769,2025-08-21 11:09:00,savings,53.34,0.0,education,True,COMPLETED,Hanoi,organic
T7694,C100817,2025-08-21 11:11:00,pay,13.76,0.07,utilities,False,COMPLETED,Hanoi,organic
T8606,C100913,2025-08-21 11:15:00,transfer,20.07,0.04,health,False,COMPLETED,CanTho,organic
T4295,C100451,2025-08-21 11:28:00,pay,17.62,0.09,groceries,False,COMPLETED,Hanoi,organic
T7564,C100798,2025-08-21 11:45:00,topup,14.04,0.01,electronics,True,COMPLETED,HCMC,campaign
T9007,C100958,2025-08-21 11:48:00,pay,12.73,0.06,health,False,COMPLETED,HCMC,organic
T9052,C100964,2025-08-21 11:49:00,savings,7.1,0.0,health,False,COMPLETED,Hanoi,referral
T7857,C100839,2025-08-21 12:24:00,transfer,10.95,0.02,utilities,True,COMPLETED,Hanoi,organic
T4709,C100503,2025-08-21 12:30:00,savings,40.42,0.0,fashion,False,COMPLETED,Hanoi,organic
T8958,C100954,2025-08-21 12:39:00,pay,25.62,0.13,transport,True,FAILED,HaiPhong,paid
T8540,C100910,2025-08-21 12:45:00,savings,12.11,0.0,other,False,COMPLETED,Hanoi,organic
T8559,C100911,2025-08-21 13:02:00,savings,40.7,0.0,transport,False,COMPLETED,HaiPhong,organic
T5143,C100550,2025-08-21 13:08:00,topup,113.3,0.11,food_delivery,False,COMPLETED,HCMC,paid
T8827,C100940,2025-08-21 13:12:00,savings,77.36,0.0,utilities,False,COMPLETED,HCMC,paid
T9050,C100964,2025-08-21 13:34:00,transfer,69.95,0.14,food_delivery,False,COMPLETED,Hanoi,referral
T3472,C100366,2025-08-21 13:37:00,pay,80.93,0.4,utilities,True,COMPLETED,Hanoi,organic
T7991,C100857,2025-08-21 13:38:00,savings,21.09,0.0,fashion,True,COMPLETED,HCMC,paid
T9031,C100962,2025-08-21 13:40:00,savings,55.99,0.0,entertainment,False,COMPLETED,Hanoi,paid
T8395,C100897,2025-08-21 13:51:00,invest,29.77,0.01,education,False,COMPLETED,HCMC,organic
T8709,C100925,2025-08-21 14:03:00,topup,46.8,0.05,other,False,COMPLETED,CanTho,organic
T3092,C100330,2025-08-21 14:11:00,transfer,33.86,0.07,entertainment,False,COMPLETED,CanTho,paid
T6141,C100650,2025-08-21 14:24:00,transfer,73.35,0.15,entertainment,False,COMPLETED,CanTho,referral
T8979,C100955,2025-08-21 14:27:00,savings,41.59,0.0,health,False,COMPLETED,DaNang,organic
T6047,C100645,2025-08-21 14:30:00,transfer,96.57,0.19,food_delivery,False,COMPLETED,HCMC,organic
T7288,C100768,2025-08-21 14:37:00,bill_pay,14.88,0.04,other,False,COMPLETED,Hanoi,paid
T6629,C100712,2025-08-21 15:02:00,savings,56.83,0.0,education,True,COMPLETED,CanTho,paid
T7713,C100818,2025-08-21 15:31:00,pay,27.81,0.14,food_delivery,False,COMPLETED,Hanoi,paid
T9078,C100967,2025-08-21 15:49:00,topup,88.45,0.09,other,True,COMPLETED,CanTho,organic
T8342,C100892,2025-08-21 15:51:00,pay,30.68,0.15,health,False,COMPLETED,Hanoi,organic
T4552,C100484,2025-08-21 16:08:00,transfer,29.44,0.06,education,True,COMPLETED,HCMC,referral
T4805,C100517,2025-08-21 16:43:00,savings,6.58,0.0,other,False,COMPLETED,Hanoi,organic
T5444,C100581,2025-08-21 17:15:00,pay,26.35,0.13,other,False,COMPLETED,HCMC,referral
T8004,C100858,2025-08-21 17:21:00,bill_pay,71.73,0.22,food_delivery,True,COMPLETED,Hanoi,referral
T7036,C100750,2025-08-21 17:24:00,transfer,15.53,0.03,food_delivery,True,COMPLETED,HCMC,organic
T1706,C100195,2025-08-21 17:25:00,savings,48.39,0.0,education,True,COMPLETED,Hanoi,referral
T7979,C100852,2025-08-21 17:28:00,transfer,62.53,0.13,health,False,COMPLETED,HCMC,campaign
T8660,C100922,2025-08-21 17:41:00,transfer,8.59,0.02,education,True,COMPLETED,CanTho,paid
T3697,C100390,2025-08-21 17:48:00,transfer,20.78,0.04,utilities,False,COMPLETED,HCMC,paid
T4367,C100460,2025-08-21 17:48:00,pay,37.08,0.19,health,True,COMPLETED,HCMC,organic
T6343,C100679,2025-08-21 17:49:00,savings,10.31,0.0,transport,True,COMPLETED,HCMC,referral
T9026,C100962,2025-08-21 18:07:00,transfer,69.99,0.14,transport,True,COMPLETED,Hanoi,paid
T8316,C100890,2025-08-21 18:19:00,transfer,17.74,0.04,groceries,True,COMPLETED,DaNang,organic
T1226,C100133,2025-08-21 18:50:00,savings,54.44,0.0,education,False,COMPLETED,Hanoi,referral
T4192,C100437,2025-08-21 18:52:00,pay,53.69,0.27,food_delivery,False,COMPLETED,DaNang,organic
T8680,C100924,2025-08-21 19:12:00,topup,37.06,0.04,food_delivery,False,COMPLETED,HCMC,paid
T6542,C100695,2025-08-21 19:12:00,transfer,15.57,0.03,groceries,True,COMPLETED,HCMC,organic
T7456,C100785,2025-08-21 19:15:00,pay,19.39,0.1,utilities,False,FAILED,Hanoi,organic
T4390,C100460,2025-08-21 19:17:00,topup,15.16,0.02,food_delivery,False,COMPLETED,HCMC,organic
T8710,C100926,2025-08-21 19:21:00,transfer,31.14,0.06,food_delivery,False,COMPLETED,HCMC,paid
T5893,C100631,2025-08-21 19:37:00,transfer,33.07,0.07,food_delivery,False,COMPLETED,Hanoi,campaign
T9046,C100962,2025-08-21 19:37:00,transfer,8.14,0.02,education,True,COMPLETED,Hanoi,paid
T8694,C100924,2025-08-21 19:55:00,transfer,23.99,0.05,utilities,True,COMPLETED,HCMC,paid
T3171,C100337,2025-08-21 20:02:00,pay,27.18,0.14,other,False,COMPLETED,CanTho,referral
T8360,C100893,2025-08-21 20:03:00,pay,48.78,0.24,other,True,COMPLETED,Hanoi,organic
T8468,C100904,2025-08-21 20:35:00,pay,30.07,0.15,utilities,False,COMPLETED,HCMC,organic
T2019,C100229,2025-08-21 20:54:00,bill_pay,100.6,0.3,health,False,COMPLETED,HCMC,paid
T8151,C100874,2025-08-22 09:16:00,transfer,49.02,0.1,groceries,False,COMPLETED,HCMC,paid
T8800,C100937,2025-08-22 09:25:00,bill_pay,13.92,0.04,other,False,COMPLETED,HCMC,organic
T7972,C100852,2025-08-22 09:30:00,topup,54.84,0.05,electronics,False,FAILED,HCMC,campaign
T2866,C100307,2025-08-22 09:38:00,topup,63.37,0.06,transport,False,COMPLETED,HCMC,organic
T5989,C100636,2025-08-22 10:00:00,transfer,31.49,0.06,utilities,False,COMPLETED,DaNang,referral
T8623,C100914,2025-08-22 10:24:00,pay,9.82,0.05,education,False,COMPLETED,Hanoi,organic
T7161,C100760,2025-08-22 10:32:00,pay,44.91,0.22,utilities,False,FAILED,DaNang,organic
T7128,C100757,2025-08-22 11:02:00,transfer,33.36,0.07,electronics,True,COMPLETED,Hanoi,referral
T7347,C100774,2025-08-22 11:13:00,pay,36.05,0.18,education,False,COMPLETED,CanTho,paid
T6874,C100735,2025-08-22 11:21:00,invest,14.4,0.01,food_delivery,True,COMPLETED,HCMC,organic
T6576,C100704,2025-08-22 11:27:00,savings,24.55,0.0,education,False,COMPLETED,HaiPhong,paid
T8735,C100932,2025-08-22 11:28:00,transfer,27.56,0.06,utilities,True,COMPLETED,HCMC,organic
T996,C100115,2025-08-22 11:30:00,transfer,151.73,0.3,entertainment,True,COMPLETED,HCMC,referral
T8528,C100909,2025-08-22 12:26:00,pay,33.06,0.17,entertainment,True,COMPLETED,DaNang,organic
T8673,C100924,2025-08-22 12:35:00,pay,13.91,0.07,fashion,False,COMPLETED,HCMC,paid
T8954,C100953,2025-08-22 12:54:00,pay,82.86,0.41,food_delivery,False,COMPLETED,Hanoi,paid
T8338,C100890,2025-08-22 12:58:00,invest,49.14,0.02,health,True,COMPLETED,DaNang,organic
T8168,C100875,2025-08-22 13:03:00,topup,19.34,0.02,health,False,COMPLETED,CanTho,organic
T1266,C100140,2025-08-22 13:15:00,pay,53.74,0.27,education,True,COMPLETED,HaiPhong,paid
T8894,C100949,2025-08-22 13:27:00,pay,28.13,0.14,utilities,False,COMPLETED,HCMC,paid
T5434,C100580,2025-08-22 13:30:00,pay,26.46,0.13,food_delivery,False,COMPLETED,Hanoi,referral
T4789,C100516,2025-08-22 13:31:00,savings,76.16,0.0,utilities,True,COMPLETED,Hanoi,referral
T8930,C100951,2025-08-22 13:38:00,transfer,51.65,0.1,other,True,COMPLETED,Hanoi,paid
T3133,C100331,2025-08-22 13:46:00,bill_pay,26.49,0.08,other,True,COMPLETED,Hanoi,campaign
T5669,C100603,2025-08-22 13:46:00,transfer,28.58,0.06,fashion,True,COMPLETED,HCMC,organic
T6026,C100641,2025-08-22 13:57:00,transfer,19.98,0.04,entertainment,True,COMPLETED,CanTho,organic
T2683,C100293,2025-08-22 13:58:00,topup,31.47,0.03,food_delivery,False,COMPLETED,Hanoi,paid
T2837,C100304,2025-08-22 13:58:00,pay,36.9,0.18,groceries,True,COMPLETED,HCMC,organic
T7719,C100819,2025-08-22 13:59:00,pay,61.72,0.31,other,True,COMPLETED,HCMC,campaign
T7301,C100769,2025-08-22 14:08:00,topup,57.54,0.06,utilities,True,COMPLETED,Hanoi,organic
T8609,C100913,2025-08-22 14:11:00,pay,137.04,0.69,food_delivery,True,COMPLETED,CanTho,organic
T7907,C100846,2025-08-22 14:17:00,pay,46.88,0.23,transport,False,COMPLETED,Hanoi,organic
T3731,C100391,2025-08-22 14:20:00,savings,23.07,0.0,fashion,True,COMPLETED,HCMC,organic
T521,C100049,2025-08-22 14:20:00,savings,16.49,0.0,food_delivery,False,COMPLETED,HCMC,referral
T9063,C100964,2025-08-22 14:34:00,bill_pay,77.37,0.23,electronics,True,COMPLETED,Hanoi,referral
T8886,C100947,2025-08-22 14:43:00,bill_pay,188.42,0.57,education,True,COMPLETED,Hanoi,paid
T9042,C100962,2025-08-22 15:14:00,transfer,62.49,0.12,fashion,False,COMPLETED,Hanoi,paid
T7603,C100802,2025-08-22 15:14:00,bill_pay,115.67,0.35,transport,False,COMPLETED,Hanoi,organic
T1318,C100144,2025-08-22 15:18:00,bill_pay,37.5,0.11,groceries,False,COMPLETED,HCMC,organic
T8076,C100866,2025-08-22 15:27:00,transfer,19.54,0.04,other,False,COMPLETED,Hanoi,paid
T6836,C100732,2025-08-22 15:28:00,pay,23.92,0.12,health,False,COMPLETED,Hanoi,paid
T8915,C100949,2025-08-22 15:44:00,topup,19.74,0.02,food_delivery,False,COMPLETED,HCMC,paid
T7785,C100832,2025-08-22 16:15:00,transfer,24.53,0.05,entertainment,False,COMPLETED,HCMC,referral
T8337,C100890,2025-08-22 16:17:00,savings,31.54,0.0,health,False,COMPLETED,DaNang,organic
T3274,C100346,2025-08-22 16:19:00,bill_pay,20.5,0.06,groceries,False,COMPLETED,HCMC,organic
T9070,C100964,2025-08-22 16:21:00,bill_pay,76.17,0.23,electronics,True,COMPLETED,Hanoi,referral
T8390,C100897,2025-08-22 16:30:00,bill_pay,91.94,0.28,other,True,COMPLETED,HCMC,organic
T9006,C100958,2025-08-22 16:38:00,pay,17.83,0.09,fashion,True,COMPLETED,HCMC,organic
T9015,C100958,2025-08-22 16:48:00,bill_pay,136.77,0.41,fashion,False,COMPLETED,HCMC,organic
T3748,C100395,2025-08-22 17:17:00,invest,29.12,0.01,electronics,True,COMPLETED,Hanoi,organic
T6366,C100681,2025-08-22 17:27:00,transfer,25.25,0.05,utilities,False,COMPLETED,HCMC,organic
T8967,C100954,2025-08-22 17:32:00,pay,20.74,0.1,other,False,COMPLETED,HaiPhong,paid
T614,C100058,2025-08-22 17:43:00,savings,50.59,0.0,education,True,COMPLETED,Hanoi,referral
T7089,C100755,2025-08-22 18:20:00,pay,8.76,0.04,utilities,False,COMPLETED,DaNang,paid
T8024,C100859,2025-08-22 18:24:00,pay,4.64,0.02,entertainment,False,COMPLETED,HaiPhong,paid
T8929,C100951,2025-08-22 18:25:00,invest,45.74,0.02,electronics,True,COMPLETED,Hanoi,paid
T2158,C100246,2025-08-22 18:42:00,bill_pay,14.52,0.04,electronics,False,COMPLETED,HCMC,referral
T8494,C100906,2025-08-22 18:58:00,pay,26.43,0.13,transport,False,COMPLETED,CanTho,organic
T6758,C100728,2025-08-22 19:06:00,pay,20.13,0.1,education,True,COMPLETED,HaiPhong,paid
T9017,C100958,2025-08-22 19:07:00,invest,17.32,0.01,utilities,True,FAILED,HCMC,organic
T3486,C100367,2025-08-22 19:15:00,transfer,17.01,0.03,other,False,COMPLETED,HCMC,paid
T7971,C100852,2025-08-22 19:39:00,transfer,30.99,0.06,groceries,False,COMPLETED,HCMC,campaign
T8136,C100872,2025-08-22 20:13:00,invest,7.77,0.0,fashion,False,COMPLETED,HCMC,organic
T8951,C100953,2025-08-22 20:56:00,transfer,110.3,0.22,entertainment,False,COMPLETED,Hanoi,paid
T8320,C100890,2025-08-23 09:01:00,savings,65.2,0.0,electronics,False,COMPLETED,DaNang,organic
T7985,C100852,2025-08-23 09:02:00,transfer,42.41,0.08,groceries,False,COMPLETED,HCMC,campaign
T956,C100107,2025-08-23 09:43:00,pay,33.72,0.17,food_delivery,True,COMPLETED,HCMC,referral
T9054,C100964,2025-08-23 10:03:00,bill_pay,34.27,0.1,health,True,COMPLETED,Hanoi,referral
T6644,C100714,2025-08-23 10:06:00,bill_pay,6.01,0.02,utilities,False,COMPLETED,Hanoi,referral
T8645,C100921,2025-08-23 10:06:00,pay,13.14,0.07,groceries,False,COMPLETED,Hanoi,referral
T6476,C100687,2025-08-23 10:13:00,transfer,18.01,0.04,transport,True,COMPLETED,Hanoi,campaign
T7801,C100834,2025-08-23 10:19:00,transfer,36.25,0.07,fashion,True,COMPLETED,Hanoi,organic
T4248,C100444,2025-08-23 10:51:00,pay,26.33,0.13,electronics,False,COMPLETED,Hanoi,organic
T8903,C100949,2025-08-23 10:52:00,savings,22.46,0.0,food_delivery,False,COMPLETED,HCMC,paid
T8599,C100913,2025-08-23 10:55:00,pay,9.7,0.05,food_delivery,True,COMPLETED,CanTho,organic
T6612,C100707,2025-08-23 11:02:00,savings,20.65,0.0,other,False,COMPLETED,HCMC,paid
T4143,C100435,2025-08-23 11:45:00,topup,48.14,0.05,food_delivery,False,COMPLETED,Hanoi,paid
T8777,C100936,2025-08-23 12:31:00,pay,30.03,0.15,food_delivery,True,COMPLETED,HCMC,referral
T9008,C100958,2025-08-23 12:33:00,pay,18.08,0.09,utilities,False,COMPLETED,HCMC,organic
T3679,C100389,2025-08-23 12:36:00,topup,21.11,0.02,utilities,False,FAILED,Hanoi,referral
T8923,C100951,2025-08-23 12:41:00,topup,41.21,0.04,health,False,COMPLETED,Hanoi,paid
T8646,C100921,2025-08-23 12:46:00,bill_pay,46.62,0.14,transport,True,COMPLETED,Hanoi,referral
T9027,C100962,2025-08-23 13:08:00,transfer,29.17,0.06,education,False,COMPLETED,Hanoi,paid
T8953,C100953,2025-08-23 13:25:00,bill_pay,25.57,0.08,health,True,COMPLETED,Hanoi,paid
T7245,C100766,2025-08-23 14:08:00,pay,9.88,0.05,utilities,True,COMPLETED,HCMC,campaign
T8556,C100911,2025-08-23 14:15:00,pay,32.62,0.16,fashion,False,COMPLETED,HaiPhong,organic
T8844,C100944,2025-08-23 14:19:00,transfer,10.46,0.02,transport,False,COMPLETED,HCMC,paid
T9103,C100971,2025-08-23 14:29:00,transfer,39.7,0.08,other,True,COMPLETED,Hanoi,paid
T8791,C100937,2025-08-23 14:48:00,pay,26.87,0.13,education,False,FAILED,HCMC,organic
T9093,C100971,2025-08-23 15:09:00,pay,11.02,0.06,other,False,COMPLETED,Hanoi,paid
T4384,C100460,2025-08-23 15:09:00,transfer,27.15,0.05,utilities,False,COMPLETED,HCMC,organic
T4745,C100505,2025-08-23 15:49:00,transfer,28.18,0.06,utilities,True,COMPLETED,HCMC,organic
T7888,C100841,2025-08-23 15:52:00,pay,82.83,0.41,education,False,COMPLETED,HCMC,organic
T8991,C100955,2025-08-23 15:55:00,topup,76.09,0.08,food_delivery,True,COMPLETED,DaNang,organic
T9028,C100962,2025-08-23 16:12:00,pay,22.81,0.11,health,False,COMPLETED,Hanoi,paid
T2510,C100274,2025-08-23 16:14:00,invest,19.46,0.01,transport,False,COMPLETED,HCMC,organic
T8210,C100879,2025-08-23 16:18:00,pay,41.87,0.21,utilities,True,COMPLETED,HCMC,organic
T8608,C100913,2025-08-23 16:21:00,pay,24.36,0.12,fashion,False,COMPLETED,CanTho,organic
T1689,C100193,2025-08-23 16:25:00,transfer,23.04,0.05,health,False,COMPLETED,HCMC,paid
T6794,C100729,2025-08-23 16:31:00,topup,113.38,0.11,groceries,True,COMPLETED,Hanoi,paid
T1590,C100176,2025-08-23 16:36:00,transfer,23.77,0.05,health,False,COMPLETED,Hanoi,referral
T5876,C100626,2025-08-23 16:50:00,transfer,59.63,0.12,food_delivery,True,COMPLETED,HCMC,referral
T8197,C100877,2025-08-23 17:13:00,pay,31.38,0.16,groceries,False,COMPLETED,DaNang,organic
T6778,C100728,2025-08-23 17:15:00,pay,23.23,0.12,food_delivery,False,COMPLETED,HaiPhong,paid
T8974,C100954,2025-08-23 17:17:00,transfer,8.95,0.02,food_delivery,False,COMPLETED,HaiPhong,paid
T7188,C100762,2025-08-23 17:41:00,pay,166.43,0.83,utilities,True,COMPLETED,Hanoi,organic
T6957,C100745,2025-08-23 17:46:00,pay,8.99,0.04,health,True,COMPLETED,HaiPhong,organic
T2723,C100295,2025-08-23 17:57:00,transfer,33.72,0.07,health,False,COMPLETED,HCMC,paid
T3627,C100385,2025-08-23 18:04:00,pay,43.94,0.22,entertainment,True,COMPLETED,Hanoi,referral
T9002,C100958,2025-08-23 18:12:00,savings,24.35,0.0,entertainment,False,COMPLETED,HCMC,organic
T8759,C100933,2025-08-23 18:12:00,transfer,55.56,0.11,utilities,False,COMPLETED,HaiPhong,organic
T8682,C100924,2025-08-23 18:14:00,pay,107.16,0.54,transport,True,COMPLETED,HCMC,paid
T8704,C100925,2025-08-23 18:25:00,transfer,19.06,0.04,fashion,False,COMPLETED,CanTho,organic
T8082,C100866,2025-08-23 18:27:00,pay,47.7,0.24,transport,False,COMPLETED,Hanoi,paid
T9100,C100971,2025-08-23 18:29:00,bill_pay,34.16,0.1,fashion,True,COMPLETED,Hanoi,paid
T8175,C100875,2025-08-23 18:33:00,pay,11.01,0.06,entertainment,False,COMPLETED,CanTho,organic
T6935,C100743,2025-08-23 18:45:00,transfer,46.74,0.09,food_delivery,True,COMPLETED,HaiPhong,organic
T6956,C100745,2025-08-23 19:09:00,pay,29.09,0.15,other,True,COMPLETED,HaiPhong,organic
T8575,C100911,2025-08-23 19:09:00,transfer,80.44,0.16,utilities,True,COMPLETED,HaiPhong,organic
T3360,C100356,2025-08-23 19:13:00,pay,33.91,0.17,transport,False,COMPLETED,HCMC,organic
T9051,C100964,2025-08-23 19:15:00,transfer,19.18,0.04,utilities,False,COMPLETED,Hanoi,referral
T3871,C100405,2025-08-23 19:34:00,savings,7.0,0.0,fashion,False,COMPLETED,HCMC,campaign
T7767,C100823,2025-08-23 19:54:00,transfer,19.75,0.04,entertainment,False,COMPLETED,HCMC,campaign
T8477,C100904,2025-08-23 19:56:00,pay,49.57,0.25,utilities,True,COMPLETED,HCMC,organic
T6595,C100707,2025-08-23 20:23:00,transfer,35.37,0.07,health,True,COMPLETED,HCMC,paid
T7798,C100832,2025-08-23 20:37:00,bill_pay,26.88,0.08,other,False,COMPLETED,HCMC,referral
T6835,C100732,2025-08-23 20:47:00,pay,20.59,0.1,entertainment,False,COMPLETED,Hanoi,paid
T8275,C100886,2025-08-23 20:56:00,pay,14.17,0.07,entertainment,True,COMPLETED,Hanoi,campaign
T3479,C100366,2025-08-24 09:05:00,invest,59.69,0.03,utilities,False,COMPLETED,Hanoi,organic
T8947,C100953,2025-08-24 09:23:00,pay,45.3,0.23,groceries,False,COMPLETED,Hanoi,paid
T8775,C100936,2025-08-24 09:26:00,transfer,31.3,0.06,transport,False,COMPLETED,HCMC,referral
T7051,C100751,2025-08-24 09:33:00,invest,16.04,0.01,education,False,COMPLETED,HCMC,referral
T7780,C100828,2025-08-24 09:48:00,savings,87.06,0.0,fashion,False,COMPLETED,Hanoi,organic
T8986,C100955,2025-08-24 09:55:00,pay,35.4,0.18,entertainment,True,COMPLETED,DaNang,organic
T8817,C100940,2025-08-24 09:55:00,transfer,23.45,0.05,entertainment,True,COMPLETED,HCMC,paid
T7484,C100789,2025-08-24 10:05:00,pay,105.96,0.53,fashion,False,COMPLETED,HCMC,campaign
T9101,C100971,2025-08-24 10:09:00,pay,79.36,0.4,food_delivery,False,COMPLETED,Hanoi,paid
T918,C100098,2025-08-24 10:10:00,pay,14.19,0.07,food_delivery,False,COMPLETED,Hanoi,organic
T8615,C100913,2025-08-24 10:16:00,transfer,32.96,0.07,electronics,False,COMPLETED,CanTho,organic
T1717,C100196,2025-08-24 10:25:00,pay,22.06,0.11,fashion,True,COMPLETED,HCMC,organic
T8130,C100872,2025-08-24 10:25:00,transfer,69.91,0.14,fashion,False,COMPLETED,HCMC,organic
T5643,C100601,2025-08-24 10:26:00,savings,18.08,0.0,education,True,COMPLETED,Hanoi,organic
T8534,C100910,2025-08-24 11:00:00,transfer,51.82,0.1,education,False,COMPLETED,Hanoi,organic
T7675,C100814,2025-08-24 11:40:00,transfer,22.6,0.05,food_delivery,True,COMPLETED,Hanoi,organic
T8742,C100932,2025-08-24 12:00:00,pay,19.7,0.1,entertainment,True,COMPLETED,HCMC,organic
T8770,C100936,2025-08-24 12:15:00,transfer,85.34,0.17,utilities,False,COMPLETED,HCMC,referral
T6005,C100637,2025-08-24 12:22:00,savings,25.98,0.0,fashion,False,COMPLETED,Hanoi,organic
T9065,C100964,2025-08-24 12:34:00,pay,31.95,0.16,utilities,False,COMPLETED,Hanoi,referral
T9005,C100958,2025-08-24 12:35:00,transfer,4.6,0.01,fashion,False,COMPLETED,HCMC,organic
T7969,C100852,2025-08-24 12:55:00,transfer,6.21,0.01,education,False,COMPLETED,HCMC,campaign
T8663,C100922,2025-08-24 12:58:00,invest,41.9,0.02,electronics,True,COMPLETED,CanTho,paid
T4170,C100436,2025-08-24 13:09:00,savings,30.38,0.0,food_delivery,True,COMPLETED,HCMC,organic
T7832,C100837,2025-08-24 13:21:00,savings,13.15,0.0,education,False,COMPLETED,HaiPhong,organic
T8159,C100874,2025-08-24 13:36:00,pay,16.58,0.08,education,False,COMPLETED,HCMC,paid
T7217,C100765,2025-08-24 14:20:00,pay,16.83,0.08,education,True,COMPLETED,HCMC,paid
T8351,C100893,2025-08-24 14:29:00,transfer,91.64,0.18,electronics,False,COMPLETED,Hanoi,organic
T5566,C100592,2025-08-24 14:40:00,topup,9.57,0.01,electronics,False,COMPLETED,HCMC,organic
T6309,C100672,2025-08-24 14:41:00,transfer,69.23,0.14,entertainment,True,COMPLETED,CanTho,paid
T6950,C100745,2025-08-24 14:45:00,savings,16.09,0.0,education,True,COMPLETED,HaiPhong,organic
T8779,C100936,2025-08-24 14:51:00,pay,86.51,0.43,groceries,False,COMPLETED,HCMC,referral
T4325,C100452,2025-08-24 15:06:00,pay,39.47,0.2,food_delivery,False,COMPLETED,Hanoi,organic
T8635,C100920,2025-08-24 15:09:00,savings,72.15,0.0,electronics,False,COMPLETED,HCMC,referral
T8466,C100904,2025-08-24 15:31:00,transfer,9.11,0.02,health,False,COMPLETED,HCMC,organic
T8636,C100920,2025-08-24 15:40:00,transfer,44.3,0.09,food_delivery,True,COMPLETED,HCMC,referral
T6592,C100706,2025-08-24 16:07:00,transfer,35.14,0.07,food_delivery,False,COMPLETED,Hanoi,referral
T5988,C100636,2025-08-24 16:19:00,pay,42.15,0.21,groceries,False,COMPLETED,DaNang,referral
T7466,C100786,2025-08-24 16:21:00,pay,18.06,0.09,utilities,False,COMPLETED,HCMC,referral
T8985,C100955,2025-08-24 16:32:00,savings,26.38,0.0,groceries,True,COMPLETED,DaNang,organic
T8100,C100868,2025-08-24 16:32:00,transfer,68.98,0.14,groceries,False,FAILED,Hanoi,referral
T4877,C100523,2025-08-24 16:45:00,pay,81.57,0.41,utilities,False,COMPLETED,HCMC,referral
T5473,C100583,2025-08-24 16:50:00,pay,57.33,0.29,education,True,COMPLETED,HCMC,organic
T8381,C100896,2025-08-24 16:51:00,transfer,37.16,0.07,utilities,True,COMPLETED,DaNang,paid
T8521,C100909,2025-08-24 16:52:00,transfer,88.59,0.18,utilities,True,COMPLETED,DaNang,organic
T8998,C100956,2025-08-24 17:06:00,invest,42.51,0.02,electronics,False,COMPLETED,Hanoi,referral
T6859,C100734,2025-08-24 17:37:00,pay,20.08,0.1,fashion,False,COMPLETED,HCMC,organic
T8699,C100924,2025-08-24 17:38:00,bill_pay,67.46,0.2,food_delivery,False,COMPLETED,HCMC,paid
T8995,C100956,2025-08-24 17:50:00,bill_pay,25.79,0.08,other,True,COMPLETED,Hanoi,referral
T8487,C100906,2025-08-24 18:08:00,savings,27.31,0.0,transport,False,COMPLETED,CanTho,organic
T7363,C100775,2025-08-24 18:11:00,pay,34.63,0.17,groceries,True,COMPLETED,DaNang,organic
T9099,C100971,2025-08-24 18:11:00,savings,15.34,0.0,transport,False,COMPLETED,Hanoi,paid
T86,C100013,2025-08-24 18:13:00,transfer,10.58,0.02,health,False,COMPLETED,CanTho,organic
T9037,C100962,2025-08-24 18:16:00,savings,11.38,0.0,electronics,False,COMPLETED,Hanoi,paid
T4975,C100533,2025-08-24 18:25:00,transfer,89.79,0.18,other,False,COMPLETED,Hanoi,paid
T8690,C100924,2025-08-24 18:28:00,invest,66.55,0.03,electronics,False,COMPLETED,HCMC,paid
T8838,C100942,2025-08-24 18:49:00,pay,41.18,0.21,education,False,COMPLETED,HCMC,paid
T8750,C100932,2025-08-24 18:53:00,savings,43.3,0.0,groceries,False,COMPLETED,HCMC,organic
T9040,C100962,2025-08-24 18:56:00,savings,35.61,0.0,food_delivery,True,COMPLETED,Hanoi,paid
T6764,C100728,2025-08-24 19:31:00,transfer,17.91,0.04,electronics,False,COMPLETED,HaiPhong,paid
T7827,C100836,2025-08-24 19:38:00,pay,32.4,0.16,education,True,COMPLETED,Hanoi,paid
T6571,C100704,2025-08-24 19:43:00,pay,8.77,0.04,fashion,False,COMPLETED,HaiPhong,paid
T7939,C100849,2025-08-24 19:46:00,transfer,34.04,0.07,utilities,False,COMPLETED,Hanoi,referral
T1160,C100129,2025-08-24 19:52:00,transfer,27.47,0.05,entertainment,False,COMPLETED,HCMC,organic
T8814,C100940,2025-08-24 20:01:00,pay,24.92,0.12,other,True,COMPLETED,HCMC,paid
T944,C100106,2025-08-24 20:41:00,pay,21.94,0.11,entertainment,False,COMPLETED,CanTho,campaign
T8689,C100924,2025-08-24 20:52:00,invest,18.78,0.01,groceries,True,COMPLETED,HCMC,paid
T8805,C100937,2025-08-25 09:14:00,pay,8.35,0.04,electronics,False,COMPLETED,HCMC,organic
T7964,C100851,2025-08-25 09:25:00,pay,35.77,0.18,fashion,True,COMPLETED,Hanoi,organic
T6882,C100735,2025-08-25 09:40:00,pay,4.65,0.02,education,False,COMPLETED,HCMC,organic
T8960,C100954,2025-08-25 09:45:00,transfer,110.96,0.22,food_delivery,False,COMPLETED,HaiPhong,paid
T8515,C100908,2025-08-25 09:46:00,savings,13.75,0.0,transport,False,COMPLETED,HCMC,organic
T2417,C100268,2025-08-25 10:00:00,pay,38.44,0.19,food_delivery,True,COMPLETED,Hanoi,referral
T7520,C100796,2025-08-25 10:47:00,pay,35.68,0.18,transport,True,COMPLETED,DaNang,organic
T5839,C100623,2025-08-25 10:58:00,invest,20.29,0.01,entertainment,False,COMPLETED,HCMC,paid
T3456,C100364,2025-08-25 11:00:00,savings,22.85,0.0,transport,True,COMPLETED,DaNang,referral
T854,C100091,2025-08-25 11:03:00,transfer,16.11,0.03,groceries,False,COMPLETED,Hanoi,paid
T9044,C100962,2025-08-25 11:21:00,transfer,36.42,0.07,transport,True,COMPLETED,Hanoi,paid
T6382,C100681,2025-08-25 11:32:00,transfer,24.33,0.05,food_delivery,False,COMPLETED,HCMC,organic
T4690,C100500,2025-08-25 11:32:00,invest,63.34,0.03,entertainment,False,COMPLETED,HCMC,campaign
T8771,C100936,2025-08-25 11:43:00,transfer,48.39,0.1,entertainment,True,COMPLETED,HCMC,referral
T8840,C100942,2025-08-25 11:51:00,pay,41.1,0.21,groceries,False,COMPLETED,HCMC,paid
T9086,C100968,2025-08-25 12:20:00,transfer,9.36,0.02,groceries,False,COMPLETED,HaiPhong,organic
T5450,C100581,2025-08-25 12:46:00,bill_pay,52.67,0.16,other,False,COMPLETED,HCMC,referral
T8901,C100949,2025-08-25 12:55:00,transfer,25.29,0.05,fashion,True,COMPLETED,HCMC,paid
T8086,C100866,2025-08-25 12:58:00,transfer,37.3,0.07,utilities,False,COMPLETED,Hanoi,paid
T7967,C100852,2025-08-25 13:13:00,pay,14.51,0.07,electronics,False,COMPLETED,HCMC,campaign
T8607,C100913,2025-08-25 13:19:00,savings,11.7,0.0,transport,True,COMPLETED,CanTho,organic
T905,C100096,2025-08-25 13:30:00,transfer,30.3,0.06,other,True,COMPLETED,HCMC,organic
T6201,C100658,2025-08-25 13:52:00,savings,28.03,0.0,fashion,True,COMPLETED,Hanoi,paid
T8585,C100912,2025-08-25 13:55:00,transfer,37.31,0.07,food_delivery,False,COMPLETED,Hanoi,organic
T5211,C100556,2025-08-25 13:59:00,pay,19.42,0.1,education,False,COMPLETED,Hanoi,paid
T6888,C100738,2025-08-25 14:08:00,transfer,19.02,0.04,education,False,COMPLETED,HCMC,organic
T5865,C100626,2025-08-25 14:21:00,pay,38.37,0.19,transport,True,COMPLETED,HCMC,referral
T3624,C100385,2025-08-25 14:21:00,bill_pay,7.71,0.02,other,True,COMPLETED,Hanoi,referral
T8116,C100869,2025-08-25 14:24:00,transfer,101.55,0.2,groceries,False,COMPLETED,HCMC,referral
T8824,C100940,2025-08-25 14:37:00,pay,58.87,0.29,health,False,COMPLETED,HCMC,paid
T9091,C100971,2025-08-25 14:48:00,pay,44.57,0.22,education,False,COMPLETED,Hanoi,paid
T8760,C100933,2025-08-25 15:03:00,pay,65.59,0.33,utilities,False,COMPLETED,HaiPhong,organic
T8244,C100880,2025-08-25 15:19:00,transfer,65.4,0.13,utilities,True,COMPLETED,CanTho,referral
T8988,C100955,2025-08-25 15:23:00,transfer,12.04,0.02,entertainment,False,COMPLETED,DaNang,organic
T2316,C100261,2025-08-25 15:42:00,pay,6.32,0.03,other,False,COMPLETED,HCMC,organic
T8796,C100937,2025-08-25 16:04:00,bill_pay,49.35,0.15,food_delivery,True,COMPLETED,HCMC,organic
T2692,C100293,2025-08-25 16:05:00,transfer,56.09,0.11,transport,True,COMPLETED,Hanoi,paid
T9024,C100958,2025-08-25 16:27:00,transfer,37.22,0.07,entertainment,False,COMPLETED,HCMC,organic
T8280,C100886,2025-08-25 16:33:00,transfer,21.98,0.04,health,False,COMPLETED,Hanoi,campaign
T336,C100037,2025-08-25 16:37:00,pay,14.9,0.07,food_delivery,False,COMPLETED,DaNang,paid
T8984,C100955,2025-08-25 16:38:00,pay,45.07,0.23,food_delivery,True,COMPLETED,DaNang,organic
T3657,C100386,2025-08-25 17:01:00,savings,12.05,0.0,electronics,False,COMPLETED,HCMC,organic
T8972,C100954,2025-08-25 17:09:00,topup,16.01,0.02,transport,False,COMPLETED,HaiPhong,paid
T4647,C100496,2025-08-25 17:24:00,pay,28.88,0.14,groceries,True,COMPLETED,Hanoi,campaign
T132,C100022,2025-08-25 17:47:00,pay,17.05,0.09,health,True,COMPLETED,HCMC,organic
T8821,C100940,2025-08-25 18:31:00,pay,60.42,0.3,electronics,True,COMPLETED,HCMC,paid
T7039,C100751,2025-08-25 19:16:00,topup,13.77,0.01,education,False,COMPLETED,HCMC,referral
T7543,C100797,2025-08-25 19:20:00,transfer,51.36,0.1,food_delivery,False,COMPLETED,DaNang,organic
T3832,C100403,2025-08-25 19:21:00,bill_pay,34.75,0.1,entertainment,True,COMPLETED,HCMC,paid
T3384,C100359,2025-08-25 19:33:00,bill_pay,28.31,0.08,other,False,COMPLETED,Hanoi,organic
T5831,C100623,2025-08-25 19:44:00,pay,27.45,0.14,transport,True,COMPLETED,HCMC,paid
T8994,C100956,2025-08-25 20:35:00,transfer,19.33,0.04,food_delivery,False,COMPLETED,Hanoi,referral
T9088,C100968,2025-08-25 20:47:00,pay,35.01,0.18,fashion,True,COMPLETED,HaiPhong,organic
T8964,C100954,2025-08-25 20:58:00,bill_pay,17.48,0.05,utilities,False,COMPLETED,HaiPhong,paid
T4775,C100515,2025-08-26 09:03:00,transfer,86.14,0.17,electronics,True,COMPLETED,Hanoi,paid
T8675,C100924,2025-08-26 09:05:00,transfer,33.41,0.07,electronics,False,COMPLETED,HCMC,paid
T4106,C100425,2025-08-26 09:08:00,transfer,11.17,0.02,electronics,False,COMPLETED,HCMC,organic
T6403,C100683,2025-08-26 09:34:00,transfer,98.85,0.2,food_delivery,False,COMPLETED,HCMC,organic
T6326,C100678,2025-08-26 09:36:00,pay,22.97,0.11,fashion,False,COMPLETED,HCMC,referral
T4003,C100419,2025-08-26 09:50:00,bill_pay,33.83,0.1,other,True,COMPLETED,Hanoi,referral
T7381,C100778,2025-08-26 09:54:00,pay,45.87,0.23,fashion,False,COMPLETED,HaiPhong,campaign
T6125,C100649,2025-08-26 10:00:00,transfer,6.81,0.01,fashion,True,COMPLETED,HCMC,organic
T8996,C100956,2025-08-26 10:36:00,pay,28.06,0.14,entertainment,True,COMPLETED,Hanoi,referral
T7821,C100835,2025-08-26 10:42:00,savings,16.68,0.0,entertainment,False,COMPLETED,DaNang,organic
T9094,C100971,2025-08-26 11:00:00,invest,15.38,0.01,health,True,COMPLETED,Hanoi,paid
T8890,C100947,2025-08-26 11:59:00,transfer,30.02,0.06,utilities,False,COMPLETED,Hanoi,paid
T6607,C100707,2025-08-26 12:02:00,pay,41.1,0.21,electronics,False,COMPLETED,HCMC,paid
T8897,C100949,2025-08-26 12:03:00,savings,29.14,0.0,food_delivery,False,COMPLETED,HCMC,paid
T9034,C100962,2025-08-26 12:25:00,transfer,30.72,0.06,entertainment,False,COMPLETED,Hanoi,paid
T9004,C100958,2025-08-26 12:47:00,pay,63.1,0.32,health,False,COMPLETED,HCMC,organic
T9104,C100971,2025-08-26 13:00:00,bill_pay,35.3,0.11,transport,False,COMPLETED,Hanoi,paid
T7550,C100797,2025-08-26 13:04:00,savings,26.74,0.0,groceries,False,COMPLETED,DaNang,organic
T8229,C100880,2025-08-26 13:13:00,transfer,25.28,0.05,utilities,False,COMPLETED,CanTho,referral
T7935,C100849,2025-08-26 13:17:00,pay,91.29,0.46,food_delivery,False,COMPLETED,Hanoi,referral
T6297,C100671,2025-08-26 13:17:00,transfer,44.46,0.09,transport,False,COMPLETED,Hanoi,paid
T8765,C100935,2025-08-26 13:23:00,bill_pay,24.21,0.07,electronics,True,COMPLETED,CanTho,referral
T5981,C100636,2025-08-26 13:36:00,pay,72.06,0.36,electronics,False,COMPLETED,DaNang,referral
T5960,C100635,2025-08-26 13:44:00,savings,83.05,0.0,transport,False,COMPLETED,HCMC,campaign
T8904,C100949,2025-08-26 14:01:00,savings,44.48,0.0,other,False,COMPLETED,HCMC,paid
T7762,C100821,2025-08-26 14:04:00,pay,26.67,0.13,fashion,True,COMPLETED,HCMC,organic
T2873,C100308,2025-08-26 14:09:00,transfer,82.21,0.16,food_delivery,False,COMPLETED,HCMC,paid
T5948,C100635,2025-08-26 14:15:00,pay,52.92,0.26,health,False,COMPLETED,HCMC,campaign
T5248,C100559,2025-08-26 14:22:00,pay,29.22,0.15,education,True,COMPLETED,HCMC,referral
T1170,C100129,2025-08-26 14:23:00,savings,64.45,0.0,fashion,False,COMPLETED,HCMC,organic
T7044,C100751,2025-08-26 14:34:00,savings,23.33,0.0,groceries,False,COMPLETED,HCMC,referral
T4460,C100477,2025-08-26 14:36:00,invest,24.95,0.01,food_delivery,True,COMPLETED,CanTho,paid
T2170,C100246,2025-08-26 14:43:00,transfer,70.1,0.14,health,True,COMPLETED,HCMC,referral
T937,C100106,2025-08-26 14:52:00,invest,41.22,0.02,education,False,COMPLETED,CanTho,campaign
T8723,C100928,2025-08-26 15:00:00,bill_pay,25.59,0.08,other,True,COMPLETED,Hanoi,referral
T6057,C100645,2025-08-26 15:11:00,savings,70.95,0.0,electronics,False,COMPLETED,HCMC,organic
T9085,C100968,2025-08-26 15:17:00,pay,11.16,0.06,groceries,False,COMPLETED,HaiPhong,organic
T7495,C100792,2025-08-26 15:30:00,bill_pay,11.64,0.03,electronics,False,COMPLETED,Hanoi,paid
T9047,C100962,2025-08-26 16:09:00,transfer,10.43,0.02,education,False,COMPLETED,Hanoi,paid
T1441,C100166,2025-08-26 16:14:00,bill_pay,51.13,0.15,groceries,False,COMPLETED,HCMC,referral
T8896,C100949,2025-08-26 16:17:00,transfer,33.34,0.07,entertainment,False,COMPLETED,HCMC,paid
T8782,C100936,2025-08-26 16:27:00,transfer,54.15,0.11,education,True,COMPLETED,HCMC,referral
T8941,C100953,2025-08-26 16:29:00,pay,15.17,0.08,utilities,True,COMPLETED,Hanoi,paid
T5375,C100575,2025-08-26 16:29:00,pay,131.43,0.66,groceries,False,COMPLETED,HCMC,referral
T5787,C100620,2025-08-26 16:33:00,transfer,54.89,0.11,entertainment,False,COMPLETED,HCMC,organic
T9073,C100964,2025-08-26 16:33:00,pay,13.68,0.07,health,True,COMPLETED,Hanoi,referral
T8826,C100940,2025-08-26 16:33:00,transfer,73.99,0.15,other,False,COMPLETED,HCMC,paid
T8733,C100932,2025-08-26 16:34:00,invest,51.65,0.03,education,True,COMPLETED,HCMC,organic
T3604,C100377,2025-08-26 16:53:00,pay,27.66,0.14,education,True,COMPLETED,HCMC,referral
T9022,C100958,2025-08-26 17:07:00,savings,14.37,0.0,education,True,COMPLETED,HCMC,organic
T8982,C100955,2025-08-26 17:13:00,bill_pay,59.49,0.18,utilities,True,COMPLETED,DaNang,organic
T2268,C100257,2025-08-26 17:31:00,pay,29.89,0.15,entertainment,True,COMPLETED,DaNang,paid
T8331,C100890,2025-08-26 18:34:00,savings,38.15,0.0,entertainment,False,COMPLETED,DaNang,organic
T7447,C100785,2025-08-26 18:54:00,pay,97.92,0.49,transport,False,COMPLETED,Hanoi,organic
T7929,C100849,2025-08-26 19:00:00,invest,16.76,0.01,health,True,COMPLETED,Hanoi,referral
T7555,C100798,2025-08-26 19:10:00,savings,45.06,0.0,groceries,True,COMPLETED,HCMC,campaign
T4506,C100479,2025-08-26 19:12:00,pay,36.1,0.18,food_delivery,True,COMPLETED,HCMC,referral
T9066,C100964,2025-08-26 19:14:00,transfer,11.02,0.02,education,False,COMPLETED,Hanoi,referral
T6259,C100666,2025-08-26 20:09:00,pay,63.99,0.32,electronics,True,COMPLETED,Hanoi,paid
T2833,C100304,2025-08-26 20:40:00,savings,74.02,0.0,utilities,False,COMPLETED,HCMC,organic
T5982,C100636,2025-08-26 20:51:00,invest,5.06,0.0,education,True,COMPLETED,DaNang,referral
T9058,C100964,2025-08-26 20:57:00,pay,73.66,0.37,education,True,COMPLETED,Hanoi,referral
T7457,C100785,2025-08-26 20:59:00,transfer,49.88,0.1,other,False,COMPLETED,Hanoi,organic
T738,C100080,2025-08-27 09:00:00,pay,18.7,0.09,entertainment,False,COMPLETED,HCMC,referral
T2245,C100256,2025-08-27 09:06:00,transfer,18.28,0.04,food_delivery,False,COMPLETED,HCMC,organic
T5943,C100635,2025-08-27 09:28:00,transfer,16.38,0.03,electronics,True,COMPLETED,HCMC,campaign
T9084,C100968,2025-08-27 09:41:00,savings,84.21,0.0,food_delivery,False,COMPLETED,HaiPhong,organic
T8884,C100947,2025-08-27 09:48:00,savings,34.42,0.0,education,True,COMPLETED,Hanoi,paid
T5993,C100636,2025-08-27 09:50:00,pay,29.6,0.15,utilities,True,COMPLETED,DaNang,referral
T6264,C100667,2025-08-27 10:24:00,savings,4.31,0.0,utilities,True,COMPLETED,Hanoi,paid
T8196,C100877,2025-08-27 10:50:00,transfer,8.66,0.02,food_delivery,True,COMPLETED,DaNang,organic
T879,C100094,2025-08-27 11:00:00,bill_pay,16.86,0.05,electronics,False,COMPLETED,CanTho,paid
T8757,C100932,2025-08-27 11:01:00,pay,30.75,0.15,groceries,False,COMPLETED,HCMC,organic
T7951,C100849,2025-08-27 11:04:00,bill_pay,36.25,0.11,health,True,COMPLETED,Hanoi,referral
T5888,C100631,2025-08-27 11:13:00,pay,14.47,0.07,other,True,COMPLETED,Hanoi,campaign
T7610,C100802,2025-08-27 11:14:00,transfer,58.91,0.12,food_delivery,False,COMPLETED,Hanoi,organic
T8959,C100954,2025-08-27 11:18:00,transfer,29.05,0.06,electronics,False,COMPLETED,HaiPhong,paid
T8239,C100880,2025-08-27 11:18:00,bill_pay,6.41,0.02,education,True,COMPLETED,CanTho,referral
T8963,C100954,2025-08-27 11:19:00,invest,257.63,0.13,transport,True,COMPLETED,HaiPhong,paid
T9076,C100965,2025-08-27 11:43:00,transfer,33.16,0.07,other,False,COMPLETED,HCMC,organic
T8028,C100859,2025-08-27 11:55:00,transfer,8.15,0.02,electronics,True,COMPLETED,HaiPhong,paid
T8880,C100946,2025-08-27 12:05:00,transfer,8.44,0.02,entertainment,True,COMPLETED,Hanoi,organic
T1204,C100132,2025-08-27 12:10:00,pay,9.42,0.05,fashion,True,COMPLETED,Hanoi,paid
T906,C100096,2025-08-27 12:26:00,bill_pay,14.36,0.04,utilities,False,COMPLETED,HCMC,organic
T9117,C100975,2025-08-27 12:27:00,transfer,34.98,0.07,education,True,COMPLETED,Hanoi,campaign
T8263,C100886,2025-08-27 12:38:00,pay,15.13,0.08,education,True,COMPLETED,Hanoi,campaign
T7170,C100761,2025-08-27 13:03:00,transfer,24.88,0.05,fashion,False,COMPLETED,HCMC,organic
T7853,C100839,2025-08-27 13:23:00,savings,40.81,0.0,utilities,True,COMPLETED,Hanoi,organic
T6961,C100745,2025-08-27 13:24:00,savings,66.33,0.0,transport,True,COMPLETED,HaiPhong,organic
T8983,C100955,2025-08-27 13:30:00,transfer,40.67,0.08,fashion,True,COMPLETED,DaNang,organic
T7683,C100814,2025-08-27 13:54:00,pay,20.47,0.1,fashion,False,COMPLETED,Hanoi,organic
T3704,C100390,2025-08-27 14:10:00,bill_pay,70.45,0.21,health,True,COMPLETED,HCMC,paid
T7077,C100753,2025-08-27 14:13:00,bill_pay,170.59,0.51,transport,False,COMPLETED,Hanoi,paid
T5385,C100575,2025-08-27 14:22:00,transfer,47.8,0.1,entertainment,True,COMPLETED,HCMC,referral
T9035,C100962,2025-08-27 14:27:00,pay,64.25,0.32,education,True,COMPLETED,Hanoi,paid
T2229,C100255,2025-08-27 14:28:00,savings,26.97,0.0,fashion,True,COMPLETED,Hanoi,organic
T7662,C100813,2025-08-27 14:29:00,transfer,13.79,0.03,education,False,COMPLETED,HCMC,paid
T7361,C100775,2025-08-27 14:31:00,pay,33.81,0.17,health,False,COMPLETED,DaNang,organic
T8940,C100953,2025-08-27 14:39:00,savings,16.99,0.0,electronics,False,COMPLETED,Hanoi,paid
T5127,C100548,2025-08-27 14:52:00,transfer,67.11,0.13,transport,True,COMPLETED,Hanoi,referral
T3049,C100327,2025-08-27 14:52:00,transfer,55.26,0.11,entertainment,False,COMPLETED,Hanoi,organic
T9074,C100964,2025-08-27 15:15:00,savings,14.79,0.0,groceries,True,COMPLETED,Hanoi,referral
T9030,C100962,2025-08-27 15:20:00,transfer,12.29,0.02,entertainment,False,COMPLETED,Hanoi,paid
T298,C100036,2025-08-27 15:35:00,transfer,69.94,0.14,electronics,True,COMPLETED,Hanoi,campaign
T8220,C100879,2025-08-27 15:49:00,savings,11.87,0.0,fashion,True,COMPLETED,HCMC,organic
T7047,C100751,2025-08-27 15:51:00,pay,11.42,0.06,health,True,COMPLETED,HCMC,referral
T8691,C100924,2025-08-27 15:58:00,pay,23.96,0.12,health,True,COMPLETED,HCMC,paid
T8976,C100954,2025-08-27 15:58:00,savings,81.17,0.0,education,True,COMPLETED,HaiPhong,paid
T7860,C100839,2025-08-27 16:08:00,transfer,36.13,0.07,other,False,COMPLETED,Hanoi,organic
T8919,C100951,2025-08-27 16:13:00,pay,26.29,0.13,electronics,True,COMPLETED,Hanoi,paid
T6746,C100726,2025-08-27 16:15:00,transfer,43.83,0.09,other,False,COMPLETED,Hanoi,organic
T2583,C100279,2025-08-27 16:30:00,transfer,30.67,0.06,electronics,False,COMPLETED,Hanoi,paid
T8629,C100914,2025-08-27 16:34:00,transfer,32.03,0.06,food_delivery,False,COMPLETED,Hanoi,organic
T3869,C100405,2025-08-27 16:38:00,invest,27.5,0.01,utilities,True,COMPLETED,HCMC,campaign
T8626,C100914,2025-08-27 16:39:00,pay,58.96,0.29,education,True,COMPLETED,Hanoi,organic
T9032,C100962,2025-08-27 16:52:00,invest,31.3,0.02,other,True,COMPLETED,Hanoi,paid
T5237,C100558,2025-08-27 17:05:00,pay,16.98,0.08,fashion,True,COMPLETED,HCMC,organic
T8671,C100924,2025-08-27 17:09:00,pay,14.9,0.07,groceries,False,COMPLETED,HCMC,paid
T9095,C100971,2025-08-27 17:13:00,pay,19.14,0.1,fashion,False,COMPLETED,Hanoi,paid
T8373,C100895,2025-08-27 17:13:00,transfer,8.56,0.02,entertainment,False,COMPLETED,HCMC,organic
T5862,C100626,2025-08-27 17:14:00,savings,13.82,0.0,electronics,True,COMPLETED,HCMC,referral
T8973,C100954,2025-08-27 18:26:00,transfer,21.19,0.04,utilities,True,COMPLETED,HaiPhong,paid
T9018,C100958,2025-08-27 18:32:00,pay,102.93,0.51,food_delivery,True,COMPLETED,HCMC,organic
T9072,C100964,2025-08-27 18:45:00,transfer,11.71,0.02,utilities,True,COMPLETED,Hanoi,referral
T8462,C100904,2025-08-27 18:59:00,pay,18.61,0.09,education,False,COMPLETED,HCMC,organic
T8708,C100925,2025-08-27 19:04:00,bill_pay,56.81,0.17,health,True,COMPLETED,CanTho,organic
T8906,C100949,2025-08-27 19:05:00,pay,50.51,0.25,entertainment,True,COMPLETED,HCMC,paid
T9118,C100975,2025-08-27 19:19:00,pay,51.04,0.26,electronics,False,COMPLETED,Hanoi,campaign
T9061,C100964,2025-08-27 19:25:00,transfer,21.51,0.04,fashion,True,COMPLETED,Hanoi,referral
T2201,C100249,2025-08-27 19:26:00,pay,9.28,0.05,entertainment,False,COMPLETED,HCMC,organic
T8139,C100874,2025-08-27 19:28:00,transfer,13.11,0.03,fashion,True,COMPLETED,HCMC,paid
T8865,C100945,2025-08-27 19:53:00,transfer,18.05,0.04,utilities,False,COMPLETED,HCMC,paid
T4301,C100451,2025-08-27 19:58:00,pay,18.27,0.09,other,True,COMPLETED,Hanoi,organic
T9077,C100965,2025-08-27 19:58:00,transfer,145.44,0.29,education,False,COMPLETED,HCMC,organic
T9029,C100962,2025-08-27 20:04:00,savings,58.63,0.0,education,True,COMPLETED,Hanoi,paid
T1868,C100208,2025-08-27 20:08:00,invest,23.08,0.01,electronics,True,COMPLETED,Hanoi,organic
T2975,C100312,2025-08-27 20:22:00,pay,163.19,0.82,other,True,COMPLETED,HCMC,campaign
T9115,C100975,2025-08-27 20:23:00,pay,34.51,0.17,groceries,False,COMPLETED,Hanoi,campaign
T8298,C100887,2025-08-27 20:32:00,pay,26.03,0.13,electronics,True,COMPLETED,Hanoi,organic
T7530,C100796,2025-08-27 20:46:00,savings,15.66,0.0,fashion,False,COMPLETED,DaNang,organic
T8952,C100953,2025-08-28 09:05:00,transfer,43.7,0.09,groceries,True,COMPLETED,Hanoi,paid
T8695,C100924,2025-08-28 09:36:00,transfer,6.18,0.01,electronics,False,COMPLETED,HCMC,paid
T8614,C100913,2025-08-28 09:41:00,transfer,22.41,0.04,fashion,True,COMPLETED,CanTho,organic
T8120,C100869,2025-08-28 09:45:00,pay,40.5,0.2,utilities,True,COMPLETED,HCMC,referral
T5419,C100578,2025-08-28 10:05:00,pay,45.12,0.23,fashion,False,COMPLETED,Hanoi,organic
T9112,C100975,2025-08-28 10:05:00,pay,37.89,0.19,health,True,COMPLETED,Hanoi,campaign
T7859,C100839,2025-08-28 10:12:00,pay,80.14,0.4,health,False,COMPLETED,Hanoi,organic
T9110,C100975,2025-08-28 10:13:00,pay,11.12,0.06,food_delivery,False,COMPLETED,Hanoi,campaign
T9102,C100971,2025-08-28 10:17:00,transfer,90.16,0.18,entertainment,True,COMPLETED,Hanoi,paid
T8248,C100881,2025-08-28 10:39:00,savings,70.6,0.0,other,True,COMPLETED,Hanoi,paid
T8720,C100927,2025-08-28 10:52:00,savings,34.86,0.0,groceries,False,COMPLETED,HCMC,paid
T8523,C100909,2025-08-28 11:01:00,bill_pay,25.11,0.08,food_delivery,False,COMPLETED,DaNang,organic
T2567,C100278,2025-08-28 11:15:00,transfer,27.25,0.05,groceries,False,COMPLETED,HCMC,paid
T8693,C100924,2025-08-28 11:15:00,savings,21.13,0.0,transport,True,COMPLETED,HCMC,paid
T7661,C100813,2025-08-28 11:21:00,savings,22.16,0.0,groceries,False,COMPLETED,HCMC,paid
T8193,C100877,2025-08-28 11:21:00,pay,22.05,0.11,transport,True,COMPLETED,DaNang,organic
T1059,C100119,2025-08-28 11:31:00,pay,48.29,0.24,food_delivery,False,COMPLETED,CanTho,organic
T8318,C100890,2025-08-28 11:45:00,bill_pay,12.23,0.04,fashion,False,COMPLETED,DaNang,organic
T8376,C100896,2025-08-28 11:54:00,transfer,26.68,0.05,food_delivery,True,COMPLETED,DaNang,paid
T8843,C100944,2025-08-28 11:56:00,transfer,14.5,0.03,fashion,False,COMPLETED,HCMC,paid
T3638,C100385,2025-08-28 12:00:00,pay,88.5,0.44,food_delivery,False,COMPLETED,Hanoi,referral
T9089,C100968,2025-08-28 12:09:00,transfer,5.71,0.01,education,False,COMPLETED,HaiPhong,organic
T7672,C100814,2025-08-28 12:09:00,pay,26.42,0.13,transport,True,COMPLETED,Hanoi,organic
T9019,C100958,2025-08-28 12:11:00,transfer,51.96,0.1,transport,True,COMPLETED,HCMC,organic
T8368,C100895,2025-08-28 12:26:00,transfer,6.08,0.01,groceries,False,COMPLETED,HCMC,organic
T8768,C100936,2025-08-28 12:33:00,savings,15.22,0.0,electronics,True,COMPLETED,HCMC,referral
T8776,C100936,2025-08-28 12:41:00,transfer,24.57,0.05,electronics,True,COMPLETED,HCMC,referral
T8926,C100951,2025-08-28 13:04:00,transfer,25.73,0.05,fashion,False,COMPLETED,Hanoi,paid
T7619,C100803,2025-08-28 13:07:00,topup,17.53,0.02,groceries,False,COMPLETED,Hanoi,paid
T2849,C100305,2025-08-28 13:10:00,bill_pay,55.23,0.17,transport,False,COMPLETED,Hanoi,campaign
T8564,C100911,2025-08-28 13:24:00,invest,43.84,0.02,groceries,True,COMPLETED,HaiPhong,organic
T9114,C100975,2025-08-28 13:35:00,transfer,60.34,0.12,food_delivery,True,COMPLETED,Hanoi,campaign
T7835,C100837,2025-08-28 14:07:00,pay,37.88,0.19,transport,True,COMPLETED,HaiPhong,organic
T8794,C100937,2025-08-28 14:31:00,pay,12.67,0.06,education,True,COMPLETED,HCMC,organic
T9048,C100964,2025-08-28 14:56:00,invest,11.39,0.01,groceries,False,COMPLETED,Hanoi,referral
T8593,C100912,2025-08-28 15:09:00,topup,17.52,0.02,entertainment,False,COMPLETED,Hanoi,organic
T8868,C100946,2025-08-28 15:15:00,bill_pay,19.26,0.06,entertainment,True,COMPLETED,Hanoi,organic
T5342,C100571,2025-08-28 15:26:00,pay,18.89,0.09,education,False,FAILED,HCMC,paid
T8858,C100944,2025-08-28 15:30:00,savings,27.19,0.0,health,False,COMPLETED,HCMC,paid
T9071,C100964,2025-08-28 16:02:00,transfer,51.37,0.1,electronics,False,COMPLETED,Hanoi,referral
T4365,C100459,2025-08-28 16:07:00,transfer,15.76,0.03,transport,True,COMPLETED,Hanoi,campaign
T8870,C100946,2025-08-28 16:09:00,bill_pay,51.96,0.16,utilities,True,COMPLETED,Hanoi,organic
T9036,C100962,2025-08-28 16:12:00,invest,31.83,0.02,electronics,True,COMPLETED,Hanoi,paid
T7677,C100814,2025-08-28 16:23:00,transfer,52.52,0.11,other,True,COMPLETED,Hanoi,organic
T8336,C100890,2025-08-28 16:24:00,transfer,84.17,0.17,health,False,COMPLETED,DaNang,organic
T8059,C100865,2025-08-28 16:31:00,transfer,51.8,0.1,education,True,COMPLETED,DaNang,organic
T8898,C100949,2025-08-28 16:34:00,bill_pay,17.47,0.05,other,True,COMPLETED,HCMC,paid
T8471,C100904,2025-08-28 16:36:00,bill_pay,52.43,0.16,entertainment,False,COMPLETED,HCMC,organic
T9087,C100968,2025-08-28 16:44:00,pay,11.96,0.06,food_delivery,False,COMPLETED,HaiPhong,organic
T8815,C100940,2025-08-28 16:47:00,pay,107.63,0.54,transport,True,COMPLETED,HCMC,paid
T4657,C100497,2025-08-28 16:48:00,transfer,40.8,0.08,entertainment,False,COMPLETED,HaiPhong,organic
T9113,C100975,2025-08-28 17:32:00,pay,34.6,0.17,food_delivery,True,COMPLETED,Hanoi,campaign
T6016,C100637,2025-08-28 18:05:00,transfer,82.12,0.16,education,False,COMPLETED,Hanoi,organic
T5181,C100552,2025-08-28 18:06:00,pay,55.65,0.28,utilities,False,COMPLETED,HCMC,organic
T8823,C100940,2025-08-28 18:15:00,pay,21.12,0.11,fashion,True,COMPLETED,HCMC,paid
T5713,C100605,2025-08-28 18:25:00,pay,90.08,0.45,fashion,True,COMPLETED,Hanoi,campaign
T3066,C100327,2025-08-28 18:26:00,pay,13.72,0.07,electronics,False,COMPLETED,Hanoi,organic
T7655,C100813,2025-08-28 18:30:00,bill_pay,47.57,0.14,other,True,COMPLETED,HCMC,paid
T3736,C100391,2025-08-28 18:41:00,pay,17.44,0.09,transport,False,COMPLETED,HCMC,organic
T9105,C100975,2025-08-28 18:42:00,pay,55.7,0.28,food_delivery,False,COMPLETED,Hanoi,campaign
T7839,C100837,2025-08-28 18:50:00,transfer,51.06,0.1,electronics,False,COMPLETED,HaiPhong,organic
T4403,C100465,2025-08-28 19:01:00,bill_pay,17.61,0.05,education,False,COMPLETED,Hanoi,paid
T8188,C100877,2025-08-28 19:10:00,savings,17.29,0.0,utilities,True,COMPLETED,DaNang,organic
T8230,C100880,2025-08-28 19:18:00,transfer,42.54,0.09,education,True,COMPLETED,CanTho,referral
T8812,C100940,2025-08-28 19:36:00,invest,12.0,0.01,groceries,False,COMPLETED,HCMC,paid
T9097,C100971,2025-08-28 19:37:00,transfer,31.37,0.06,utilities,False,COMPLETED,Hanoi,paid
T9107,C100975,2025-08-28 19:52:00,pay,26.28,0.13,entertainment,True,COMPLETED,Hanoi,campaign
T6308,C100672,2025-08-28 20:03:00,transfer,40.4,0.08,education,False,COMPLETED,CanTho,paid
T6243,C100666,2025-08-28 20:07:00,pay,42.9,0.21,transport,True,COMPLETED,Hanoi,paid
T7823,C100835,2025-08-28 20:15:00,transfer,35.96,0.07,utilities,True,COMPLETED,DaNang,organic
T5213,C100556,2025-08-28 20:16:00,pay,15.23,0.08,education,False,COMPLETED,Hanoi,paid
T7162,C100760,2025-08-28 20:18:00,savings,47.99,0.0,other,False,COMPLETED,DaNang,organic
T9081,C100968,2025-08-28 20:24:00,pay,34.06,0.17,electronics,False,COMPLETED,HaiPhong,organic
T3802,C100400,2025-08-28 20:34:00,savings,51.92,0.0,groceries,False,FAILED,Hanoi,organic
T8124,C100869,2025-08-28 20:38:00,transfer,74.59,0.15,transport,False,FAILED,HCMC,referral
T8935,C100951,2025-08-28 20:44:00,pay,50.66,0.25,food_delivery,False,COMPLETED,Hanoi,paid
T7626,C100803,2025-08-28 20:50:00,topup,22.44,0.02,utilities,False,COMPLETED,Hanoi,paid
T8565,C100911,2025-08-28 20:53:00,pay,23.11,0.12,health,True,COMPLETED,HaiPhong,organic
T6288,C100670,2025-08-28 20:57:00,transfer,40.28,0.08,other,True,COMPLETED,HCMC,paid
T9067,C100964,2025-08-29 09:00:00,bill_pay,112.82,0.34,education,False,COMPLETED,Hanoi,referral
T1488,C100169,2025-08-29 09:16:00,transfer,34.43,0.07,groceries,False,COMPLETED,Hanoi,referral
T7794,C100832,2025-08-29 09:22:00,pay,24.25,0.12,transport,False,COMPLETED,HCMC,referral
T8711,C100926,2025-08-29 09:30:00,transfer,31.79,0.06,electronics,True,COMPLETED,HCMC,paid
T6437,C100685,2025-08-29 10:05:00,pay,10.61,0.05,fashion,False,COMPLETED,HCMC,organic
T9083,C100968,2025-08-29 10:34:00,pay,30.86,0.15,health,True,COMPLETED,HaiPhong,organic
T8618,C100913,2025-08-29 10:45:00,transfer,13.77,0.03,fashion,False,COMPLETED,CanTho,organic
T9164,C100984,2025-08-29 11:07:00,pay,51.58,0.26,education,True,COMPLETED,Hanoi,referral
T8751,C100932,2025-08-29 11:17:00,pay,37.97,0.19,fashion,False,COMPLETED,HCMC,organic
T3897,C100408,2025-08-29 11:41:00,invest,22.12,0.01,food_delivery,False,COMPLETED,HaiPhong,organic
T8895,C100949,2025-08-29 11:57:00,savings,10.59,0.0,electronics,True,COMPLETED,HCMC,paid
T6884,C100735,2025-08-29 12:12:00,transfer,16.03,0.03,food_delivery,False,COMPLETED,HCMC,organic
T6083,C100646,2025-08-29 12:18:00,transfer,45.54,0.09,groceries,False,COMPLETED,Hanoi,paid
T4415,C100466,2025-08-29 12:29:00,pay,76.05,0.38,transport,False,COMPLETED,HCMC,paid
T8542,C100910,2025-08-29 12:46:00,pay,50.82,0.25,other,False,COMPLETED,Hanoi,organic
T5303,C100565,2025-08-29 12:51:00,transfer,12.71,0.03,transport,False,COMPLETED,DaNang,organic
T9013,C100958,2025-08-29 12:53:00,savings,24.02,0.0,entertainment,True,COMPLETED,HCMC,organic
T9069,C100964,2025-08-29 13:00:00,pay,42.44,0.21,entertainment,False,COMPLETED,Hanoi,referral
T8294,C100887,2025-08-29 13:10:00,savings,27.32,0.0,fashion,False,COMPLETED,Hanoi,organic
T8574,C100911,2025-08-29 13:25:00,transfer,25.24,0.05,fashion,False,COMPLETED,HaiPhong,organic
T9109,C100975,2025-08-29 13:30:00,transfer,23.99,0.05,utilities,False,COMPLETED,Hanoi,campaign
T6740,C100725,2025-08-29 14:01:00,pay,33.26,0.17,fashion,True,COMPLETED,HCMC,referral
T7674,C100814,2025-08-29 14:07:00,pay,22.05,0.11,food_delivery,False,COMPLETED,Hanoi,organic
T9132,C100976,2025-08-29 14:07:00,pay,24.68,0.12,health,False,COMPLETED,Hanoi,paid
T9152,C100984,2025-08-29 14:11:00,pay,22.87,0.11,transport,True,COMPLETED,Hanoi,referral
T8215,C100879,2025-08-29 14:21:00,savings,22.07,0.0,food_delivery,False,COMPLETED,HCMC,organic
T9098,C100971,2025-08-29 14:24:00,savings,41.38,0.0,electronics,True,COMPLETED,Hanoi,paid
T2358,C100264,2025-08-29 14:28:00,savings,16.69,0.0,electronics,False,COMPLETED,HCMC,organic
T8378,C100896,2025-08-29 14:50:00,transfer,24.71,0.05,fashion,False,COMPLETED,DaNang,paid
T8541,C100910,2025-08-29 15:02:00,transfer,135.62,0.27,transport,True,COMPLETED,Hanoi,organic
T9150,C100984,2025-08-29 15:07:00,savings,36.06,0.0,utilities,False,COMPLETED,Hanoi,referral
T4018,C100420,2025-08-29 15:07:00,pay,20.84,0.1,food_delivery,False,COMPLETED,HCMC,organic
T8625,C100914,2025-08-29 15:18:00,pay,193.52,0.97,education,False,COMPLETED,Hanoi,organic
T8435,C100900,2025-08-29 15:20:00,bill_pay,10.73,0.03,fashion,False,COMPLETED,Hanoi,paid
T2519,C100275,2025-08-29 15:35:00,invest,33.56,0.02,other,False,COMPLETED,Hanoi,paid
T9142,C100976,2025-08-29 16:02:00,pay,35.89,0.18,entertainment,True,COMPLETED,Hanoi,paid
T9130,C100976,2025-08-29 16:05:00,transfer,15.5,0.03,transport,False,COMPLETED,Hanoi,paid
T9161,C100984,2025-08-29 16:21:00,invest,10.09,0.01,groceries,False,FAILED,Hanoi,referral
T9141,C100976,2025-08-29 16:25:00,pay,16.0,0.08,electronics,False,COMPLETED,Hanoi,paid
T9125,C100976,2025-08-29 16:32:00,transfer,58.22,0.12,food_delivery,False,COMPLETED,Hanoi,paid
T6253,C100666,2025-08-29 16:34:00,bill_pay,29.02,0.09,utilities,False,COMPLETED,Hanoi,paid
T9153,C100984,2025-08-29 16:44:00,pay,36.49,0.18,transport,True,COMPLETED,Hanoi,referral
T9090,C100968,2025-08-29 17:00:00,savings,30.78,0.0,food_delivery,False,COMPLETED,HaiPhong,organic
T8282,C100886,2025-08-29 17:05:00,pay,15.91,0.08,fashion,True,COMPLETED,Hanoi,campaign
T9159,C100984,2025-08-29 17:08:00,pay,26.51,0.13,transport,False,COMPLETED,Hanoi,referral
T9075,C100965,2025-08-29 17:12:00,transfer,43.57,0.09,transport,True,COMPLETED,HCMC,organic
T6908,C100738,2025-08-29 17:27:00,pay,56.44,0.28,fashion,False,COMPLETED,HCMC,organic
T9116,C100975,2025-08-29 17:32:00,transfer,56.84,0.11,entertainment,False,COMPLETED,Hanoi,campaign
T8902,C100949,2025-08-29 18:08:00,pay,17.98,0.09,education,False,COMPLETED,HCMC,paid
T9128,C100976,2025-08-29 18:11:00,pay,48.23,0.24,groceries,True,COMPLETED,Hanoi,paid
T991,C100115,2025-08-29 18:27:00,transfer,61.52,0.12,entertainment,True,COMPLETED,HCMC,referral
T9111,C100975,2025-08-29 18:39:00,transfer,32.13,0.06,utilities,True,COMPLETED,Hanoi,campaign
T90,C100013,2025-08-29 18:44:00,transfer,34.35,0.07,transport,True,COMPLETED,CanTho,organic
T6975,C100746,2025-08-29 18:56:00,transfer,32.8,0.07,utilities,False,COMPLETED,HaiPhong,organic
T8910,C100949,2025-08-29 18:57:00,transfer,31.53,0.06,fashion,False,COMPLETED,HCMC,paid
T7138,C100757,2025-08-29 19:16:00,topup,63.92,0.06,groceries,False,COMPLETED,Hanoi,referral
T9120,C100976,2025-08-29 19:18:00,transfer,25.35,0.05,entertainment,True,COMPLETED,Hanoi,paid
T5261,C100561,2025-08-29 19:26:00,pay,28.67,0.14,utilities,True,COMPLETED,CanTho,paid
T687,C100072,2025-08-29 19:29:00,savings,16.92,0.0,transport,False,COMPLETED,HCMC,organic
T205,C100028,2025-08-29 19:40:00,transfer,75.09,0.15,groceries,False,COMPLETED,DaNang,organic
T9129,C100976,2025-08-29 19:47:00,pay,75.4,0.38,utilities,False,COMPLETED,Hanoi,paid
T5653,C100602,2025-08-29 20:01:00,pay,17.93,0.09,food_delivery,False,FAILED,HCMC,paid
T8833,C100940,2025-08-29 20:01:00,pay,74.35,0.37,food_delivery,False,COMPLETED,HCMC,paid
T5290,C100565,2025-08-29 20:02:00,transfer,28.79,0.06,utilities,False,COMPLETED,DaNang,organic
T8696,C100924,2025-08-29 20:04:00,pay,40.69,0.2,transport,False,COMPLETED,HCMC,paid
T9010,C100958,2025-08-29 20:13:00,savings,21.73,0.0,utilities,True,COMPLETED,HCMC,organic
T8992,C100956,2025-08-29 20:31:00,pay,28.99,0.14,utilities,False,FAILED,Hanoi,referral
T9060,C100964,2025-08-29 20:47:00,transfer,32.91,0.07,utilities,False,COMPLETED,Hanoi,referral
T8225,C100880,2025-08-29 20:48:00,transfer,64.95,0.13,fashion,False,COMPLETED,CanTho,referral
T9108,C100975,2025-08-29 20:58:00,transfer,23.94,0.05,groceries,True,COMPLETED,Hanoi,campaign
T9165,C100984,2025-08-30 09:02:00,savings,62.04,0.0,utilities,False,COMPLETED,Hanoi,referral
T8905,C100949,2025-08-30 09:07:00,transfer,71.72,0.14,food_delivery,False,COMPLETED,HCMC,paid
T3685,C100389,2025-08-30 09:12:00,transfer,12.77,0.03,fashion,False,COMPLETED,Hanoi,referral
T9106,C100975,2025-08-30 09:15:00,pay,51.91,0.26,groceries,False,COMPLETED,Hanoi,campaign
T1560,C100175,2025-08-30 09:20:00,transfer,22.47,0.04,groceries,True,COMPLETED,HaiPhong,campaign
T7899,C100846,2025-08-30 09:27:00,bill_pay,138.26,0.41,fashion,False,COMPLETED,Hanoi,organic
T4346,C100458,2025-08-30 09:40:00,pay,49.44,0.25,education,True,COMPLETED,HCMC,referral
T8647,C100921,2025-08-30 09:46:00,transfer,11.5,0.02,transport,True,COMPLETED,Hanoi,referral
T9122,C100976,2025-08-30 09:58:00,bill_pay,11.42,0.03,entertainment,False,COMPLETED,Hanoi,paid
T8981,C100955,2025-08-30 09:58:00,transfer,2.87,0.01,entertainment,False,COMPLETED,DaNang,organic
T9144,C100980,2025-08-30 10:03:00,savings,7.1,0.0,entertainment,False,COMPLETED,Hanoi,organic
T8876,C100946,2025-08-30 10:17:00,transfer,61.91,0.12,transport,False,FAILED,Hanoi,organic
T7854,C100839,2025-08-30 10:24:00,transfer,22.63,0.05,education,False,COMPLETED,Hanoi,organic
T5074,C100544,2025-08-30 10:25:00,transfer,33.44,0.07,utilities,False,COMPLETED,DaNang,referral
T8913,C100949,2025-08-30 10:30:00,bill_pay,9.03,0.03,utilities,False,COMPLETED,HCMC,paid
T9033,C100962,2025-08-30 10:34:00,bill_pay,14.01,0.04,entertainment,True,COMPLETED,Hanoi,paid
T4882,C100524,2025-08-30 10:48:00,pay,9.29,0.05,electronics,False,COMPLETED,HCMC,organic
T8480,C100904,2025-08-30 11:01:00,pay,29.1,0.15,other,True,COMPLETED,HCMC,organic
T8051,C100864,2025-08-30 11:03:00,transfer,95.81,0.19,education,True,COMPLETED,HCMC,organic
T9092,C100971,2025-08-30 11:05:00,transfer,28.15,0.06,other,False,COMPLETED,Hanoi,paid
T8887,C100947,2025-08-30 11:05:00,transfer,7.08,0.01,food_delivery,False,COMPLETED,Hanoi,paid
T5071,C100542,2025-08-30 11:46:00,savings,28.11,0.0,transport,False,COMPLETED,HCMC,organic
T8802,C100937,2025-08-30 12:01:00,savings,140.66,0.0,health,False,COMPLETED,HCMC,organic
T8819,C100940,2025-08-30 12:09:00,bill_pay,10.65,0.03,education,False,COMPLETED,HCMC,paid
T8430,C100900,2025-08-30 12:21:00,pay,28.35,0.14,fashion,True,COMPLETED,Hanoi,paid
T9135,C100976,2025-08-30 12:22:00,transfer,15.4,0.03,health,False,COMPLETED,Hanoi,paid
T9137,C100976,2025-08-30 12:25:00,transfer,68.29,0.14,entertainment,False,COMPLETED,Hanoi,paid
T9156,C100984,2025-08-30 12:45:00,bill_pay,10.42,0.03,fashion,False,COMPLETED,Hanoi,referral
T7413,C100782,2025-08-30 12:52:00,pay,25.71,0.13,health,False,COMPLETED,HCMC,organic
T8949,C100953,2025-08-30 13:05:00,transfer,45.51,0.09,entertainment,True,COMPLETED,Hanoi,paid
T9154,C100984,2025-08-30 13:06:00,pay,14.77,0.07,groceries,True,COMPLETED,Hanoi,referral
T9124,C100976,2025-08-30 13:06:00,transfer,23.44,0.05,education,False,COMPLETED,Hanoi,paid
T3861,C100404,2025-08-30 13:07:00,bill_pay,39.2,0.12,entertainment,True,COMPLETED,HCMC,organic
T8944,C100953,2025-08-30 13:13:00,transfer,19.06,0.04,utilities,True,COMPLETED,Hanoi,paid
T9127,C100976,2025-08-30 13:16:00,pay,56.92,0.28,other,False,COMPLETED,Hanoi,paid
T9140,C100976,2025-08-30 13:19:00,pay,28.36,0.14,groceries,True,COMPLETED,Hanoi,paid
T3850,C100404,2025-08-30 13:25:00,invest,14.04,0.01,transport,False,COMPLETED,HCMC,organic
T8912,C100949,2025-08-30 13:34:00,pay,32.84,0.16,education,False,COMPLETED,HCMC,paid
T7274,C100767,2025-08-30 13:46:00,savings,73.13,0.0,fashion,True,COMPLETED,Hanoi,paid
T8808,C100940,2025-08-30 14:10:00,pay,15.75,0.08,utilities,True,COMPLETED,HCMC,paid
T3406,C100359,2025-08-30 14:39:00,savings,23.5,0.0,education,True,COMPLETED,Hanoi,organic
T8688,C100924,2025-08-30 14:42:00,pay,55.24,0.28,food_delivery,True,COMPLETED,HCMC,paid
T9121,C100976,2025-08-30 14:42:00,savings,83.26,0.0,health,True,COMPLETED,Hanoi,paid
T1135,C100125,2025-08-30 14:50:00,transfer,120.42,0.24,electronics,False,COMPLETED,HCMC,referral
T5598,C100595,2025-08-30 14:52:00,pay,67.34,0.34,groceries,False,COMPLETED,HCMC,referral
T8218,C100879,2025-08-30 15:06:00,pay,30.07,0.15,other,False,COMPLETED,HCMC,organic
T4026,C100420,2025-08-30 15:10:00,transfer,72.57,0.15,groceries,False,COMPLETED,HCMC,organic
T8907,C100949,2025-08-30 15:17:00,pay,18.83,0.09,fashion,True,COMPLETED,HCMC,paid
T8729,C100928,2025-08-30 15:19:00,transfer,11.27,0.02,electronics,False,COMPLETED,Hanoi,referral
T9068,C100964,2025-08-30 15:48:00,savings,20.67,0.0,health,False,COMPLETED,Hanoi,referral
T9138,C100976,2025-08-30 15:51:00,bill_pay,21.9,0.07,other,False,COMPLETED,Hanoi,paid
T9136,C100976,2025-08-30 15:53:00,transfer,11.04,0.02,food_delivery,False,COMPLETED,Hanoi,paid
T9143,C100980,2025-08-30 16:03:00,bill_pay,26.67,0.08,other,False,COMPLETED,Hanoi,organic
T9133,C100976,2025-08-30 16:09:00,pay,61.04,0.31,utilities,True,COMPLETED,Hanoi,paid
T7095,C100755,2025-08-30 16:35:00,transfer,23.05,0.05,other,False,COMPLETED,DaNang,paid
T8957,C100953,2025-08-30 16:39:00,pay,31.63,0.16,food_delivery,False,COMPLETED,Hanoi,paid
T9162,C100984,2025-08-30 16:50:00,bill_pay,38.53,0.12,health,True,COMPLETED,Hanoi,referral
T6330,C100678,2025-08-30 16:55:00,pay,37.08,0.19,entertainment,False,FAILED,HCMC,referral
T7795,C100832,2025-08-30 17:11:00,transfer,21.5,0.04,utilities,True,COMPLETED,HCMC,referral
T8993,C100956,2025-08-30 17:15:00,transfer,13.77,0.03,electronics,False,COMPLETED,Hanoi,referral
T5927,C100633,2025-08-30 17:41:00,pay,41.38,0.21,electronics,True,COMPLETED,HCMC,organic
T8265,C100886,2025-08-30 18:03:00,transfer,31.63,0.06,entertainment,True,COMPLETED,Hanoi,campaign
T4343,C100458,2025-08-30 18:13:00,transfer,14.85,0.03,transport,True,COMPLETED,HCMC,referral
T9134,C100976,2025-08-30 18:18:00,invest,74.81,0.04,groceries,False,COMPLETED,Hanoi,paid
T3824,C100402,2025-08-30 18:19:00,savings,21.47,0.0,fashion,True,COMPLETED,Hanoi,paid
T6869,C100735,2025-08-30 18:20:00,pay,96.06,0.48,electronics,False,COMPLETED,HCMC,organic
T9057,C100964,2025-08-30 18:22:00,transfer,91.95,0.18,education,False,COMPLETED,Hanoi,referral
T166,C100024,2025-08-30 18:41:00,pay,22.66,0.11,groceries,False,COMPLETED,HCMC,organic
T8644,C100921,2025-08-30 18:55:00,transfer,40.22,0.08,electronics,True,COMPLETED,Hanoi,referral
T6610,C100707,2025-08-30 19:08:00,savings,112.19,0.0,fashion,True,COMPLETED,HCMC,paid
T8999,C100956,2025-08-30 19:10:00,bill_pay,69.04,0.21,other,False,COMPLETED,Hanoi,referral
T6072,C100646,2025-08-30 19:13:00,invest,29.74,0.01,health,False,COMPLETED,Hanoi,paid
T8891,C100947,2025-08-30 19:24:00,savings,126.57,0.0,other,False,FAILED,Hanoi,paid
T5912,C100633,2025-08-30 19:28:00,pay,31.37,0.16,transport,True,COMPLETED,HCMC,organic
T8392,C100897,2025-08-30 19:37:00,pay,40.33,0.2,utilities,True,COMPLETED,HCMC,organic
T7454,C100785,2025-08-30 19:55:00,pay,19.32,0.1,other,False,COMPLETED,Hanoi,organic
T8433,C100900,2025-08-30 20:04:00,bill_pay,34.99,0.1,electronics,False,COMPLETED,Hanoi,paid
T9160,C100984,2025-08-30 20:16:00,bill_pay,16.07,0.05,other,True,COMPLETED,Hanoi,referral
T8408,C100898,2025-08-30 20:19:00,savings,5.64,0.0,electronics,True,FAILED,HCMC,organic
T8879,C100946,2025-08-30 20:22:00,topup,34.52,0.03,fashion,True,COMPLETED,Hanoi,organic
T9139,C100976,2025-08-31 09:01:00,savings,71.46,0.0,health,False,COMPLETED,Hanoi,paid
T9123,C100976,2025-08-31 09:04:00,pay,82.93,0.41,electronics,False,COMPLETED,Hanoi,paid
T9082,C100968,2025-08-31 09:04:00,bill_pay,38.22,0.11,electronics,False,COMPLETED,HaiPhong,organic
T9151,C100984,2025-08-31 09:10:00,pay,39.65,0.2,transport,False,COMPLETED,Hanoi,referral
T8977,C100954,2025-08-31 09:16:00,pay,11.25,0.06,health,False,COMPLETED,HaiPhong,paid
T9148,C100984,2025-08-31 09:16:00,transfer,10.41,0.02,health,True,COMPLETED,Hanoi,referral
T8790,C100937,2025-08-31 09:26:00,transfer,29.84,0.06,utilities,True,COMPLETED,HCMC,organic
T5606,C100595,2025-08-31 09:29:00,topup,28.31,0.03,health,False,COMPLETED,HCMC,referral
T7887,C100841,2025-08-31 09:35:00,savings,30.72,0.0,fashion,False,COMPLETED,HCMC,organic
T8544,C100910,2025-08-31 09:54:00,transfer,41.76,0.08,food_delivery,True,COMPLETED,Hanoi,organic
T2699,C100294,2025-08-31 10:40:00,transfer,35.46,0.07,electronics,True,COMPLETED,Hanoi,paid
T6441,C100685,2025-08-31 11:15:00,pay,13.17,0.07,fashion,True,COMPLETED,HCMC,organic
T9145,C100980,2025-08-31 11:21:00,pay,36.98,0.18,groceries,False,COMPLETED,Hanoi,organic
T9079,C100967,2025-08-31 11:23:00,transfer,35.38,0.07,education,False,COMPLETED,CanTho,organic
T9131,C100976,2025-08-31 11:49:00,topup,33.12,0.03,education,True,COMPLETED,Hanoi,paid
T9096,C100971,2025-08-31 11:53:00,transfer,85.34,0.17,fashion,True,COMPLETED,Hanoi,paid
T9158,C100984,2025-08-31 11:56:00,savings,106.1,0.0,fashion,False,COMPLETED,Hanoi,referral
T8965,C100954,2025-08-31 12:09:00,transfer,56.14,0.11,food_delivery,True,COMPLETED,HaiPhong,paid
T9147,C100980,2025-08-31 12:23:00,transfer,51.09,0.1,utilities,False,COMPLETED,Hanoi,organic
T7942,C100849,2025-08-31 12:34:00,transfer,36.81,0.07,education,False,COMPLETED,Hanoi,referral
T8950,C100953,2025-08-31 13:08:00,transfer,24.94,0.05,entertainment,False,COMPLETED,Hanoi,paid
T7259,C100766,2025-08-31 13:10:00,transfer,105.68,0.21,electronics,True,COMPLETED,HCMC,campaign
T8345,C100892,2025-08-31 13:16:00,bill_pay,18.69,0.06,fashion,False,COMPLETED,Hanoi,organic
T4364,C100459,2025-08-31 13:18:00,transfer,35.08,0.07,education,False,COMPLETED,Hanoi,campaign
T9149,C100984,2025-08-31 13:22:00,savings,30.79,0.0,food_delivery,True,COMPLETED,Hanoi,referral
T5459,C100581,2025-08-31 13:36:00,transfer,12.75,0.03,fashion,False,COMPLETED,HCMC,referral
T9163,C100984,2025-08-31 13:37:00,pay,15.89,0.08,education,False,COMPLETED,Hanoi,referral
T7228,C100765,2025-08-31 14:15:00,pay,5.01,0.03,health,True,COMPLETED,HCMC,paid
T8766,C100935,2025-08-31 14:40:00,pay,23.91,0.12,groceries,False,COMPLETED,CanTho,referral
T1679,C100190,2025-08-31 14:40:00,transfer,37.63,0.08,entertainment,False,COMPLETED,CanTho,referral
T5028,C100538,2025-08-31 14:45:00,pay,8.83,0.04,electronics,False,COMPLETED,HaiPhong,organic
T8212,C100879,2025-08-31 15:09:00,pay,38.87,0.19,food_delivery,True,COMPLETED,HCMC,organic
T8899,C100949,2025-08-31 15:12:00,pay,50.56,0.25,education,False,COMPLETED,HCMC,paid
T2517,C100275,2025-08-31 15:17:00,pay,33.43,0.17,fashion,False,COMPLETED,Hanoi,paid
T8115,C100869,2025-08-31 15:27:00,topup,10.33,0.01,other,False,COMPLETED,HCMC,referral
T9021,C100958,2025-08-31 15:32:00,transfer,17.0,0.03,utilities,True,COMPLETED,HCMC,organic
T8144,C100874,2025-08-31 15:39:00,bill_pay,36.08,0.11,other,False,COMPLETED,HCMC,paid
T3594,C100376,2025-08-31 15:50:00,pay,29.38,0.15,utilities,True,COMPLETED,HCMC,paid
T8582,C100912,2025-08-31 15:54:00,transfer,17.24,0.03,groceries,False,COMPLETED,Hanoi,organic
T8818,C100940,2025-08-31 15:56:00,savings,48.51,0.0,education,True,COMPLETED,HCMC,paid
T7204,C100762,2025-08-31 16:12:00,savings,21.82,0.0,education,False,COMPLETED,Hanoi,organic
T3944,C100414,2025-08-31 16:18:00,pay,13.84,0.07,health,False,COMPLETED,HCMC,paid
T3611,C100380,2025-08-31 16:51:00,pay,38.65,0.19,entertainment,True,COMPLETED,HCMC,referral
T9000,C100956,2025-08-31 16:52:00,pay,33.33,0.17,utilities,False,COMPLETED,Hanoi,referral
T8563,C100911,2025-08-31 17:03:00,transfer,81.83,0.16,other,False,COMPLETED,HaiPhong,organic
T8922,C100951,2025-08-31 17:04:00,pay,93.4,0.47,food_delivery,False,COMPLETED,Hanoi,paid
T3223,C100341,2025-08-31 17:11:00,pay,26.13,0.13,entertainment,True,COMPLETED,Hanoi,organic
T9155,C100984,2025-08-31 17:21:00,pay,31.91,0.16,other,False,COMPLETED,Hanoi,referral
T8189,C100877,2025-08-31 17:30:00,savings,16.31,0.0,groceries,False,COMPLETED,DaNang,organic
T6854,C100734,2025-08-31 17:35:00,pay,14.19,0.07,food_delivery,False,COMPLETED,HCMC,organic
T8330,C100890,2025-08-31 17:57:00,transfer,59.16,0.12,transport,False,COMPLETED,DaNang,organic
T9146,C100980,2025-08-31 18:09:00,savings,47.71,0.0,utilities,False,COMPLETED,Hanoi,organic
T3925,C100412,2025-08-31 18:14:00,invest,15.26,0.01,electronics,True,COMPLETED,HaiPhong,paid
T8533,C100910,2025-08-31 18:15:00,transfer,56.52,0.11,fashion,False,COMPLETED,Hanoi,organic
T9119,C100976,2025-08-31 18:22:00,invest,60.34,0.03,food_delivery,True,COMPLETED,Hanoi,paid
T8987,C100955,2025-08-31 18:29:00,invest,92.74,0.05,food_delivery,False,COMPLETED,DaNang,organic
T8715,C100926,2025-08-31 18:38:00,transfer,65.03,0.13,health,True,COMPLETED,HCMC,paid
T7691,C100817,2025-08-31 18:42:00,transfer,14.17,0.03,transport,True,COMPLETED,Hanoi,organic
T3011,C100320,2025-08-31 18:53:00,transfer,21.19,0.04,electronics,False,COMPLETED,CanTho,organic
T4036,C100420,2025-08-31 19:17:00,topup,40.6,0.04,entertainment,True,COMPLETED,HCMC,organic
T9126,C100976,2025-08-31 19:42:00,pay,25.08,0.13,other,False,COMPLETED,Hanoi,paid
T9157,C100984,2025-08-31 19:42:00,transfer,6.24,0.01,entertainment,False,COMPLETED,Hanoi,referral
T8700,C100925,2025-08-31 19:44:00,bill_pay,68.22,0.2,health,True,COMPLETED,CanTho,organic
T9011,C100958,2025-08-31 19:53:00,transfer,126.34,0.25,fashion,False,COMPLETED,HCMC,organic
T3096,C100330,2025-08-31 19:54:00,transfer,16.97,0.03,electronics,True,COMPLETED,CanTho,paid
T8684,C100924,2025-08-31 20:14:00,transfer,16.42,0.03,entertainment,True,COMPLETED,HCMC,paid
T1616,C100180,2025-08-31 20:22:00,pay,46.56,0.23,entertainment,False,COMPLETED,HCMC,paid
T6657,C100718,2025-08-31 20:30:00,pay,16.93,0.08,entertainment,True,COMPLETED,HCMC,organic
T8561,C100911,2025-08-31 20:36:00,invest,7.93,0.0,food_delivery,False,COMPLETED,HaiPhong,organic
T6817,C100730,2025-08-31 20:39:00,invest,128.82,0.06,transport,False,COMPLETED,DaNang,organic
